issuekey,project,storypoint,log_storypoint
TISTUD-6,appceleratorstudio,1,0.6931471805599453
TISTUD-9,appceleratorstudio,1,0.6931471805599453
TISTUD-11,appceleratorstudio,1,0.6931471805599453
TISTUD-13,appceleratorstudio,1,0.6931471805599453
TISTUD-16,appceleratorstudio,1,0.6931471805599453
TISTUD-21,appceleratorstudio,1,0.6931471805599453
TISTUD-22,appceleratorstudio,1,0.6931471805599453
TISTUD-23,appceleratorstudio,1,0.6931471805599453
TISTUD-24,appceleratorstudio,1,0.6931471805599453
TISTUD-25,appceleratorstudio,1,0.6931471805599453
TISTUD-28,appceleratorstudio,1,0.6931471805599453
TISTUD-29,appceleratorstudio,1,0.6931471805599453
TISTUD-30,appceleratorstudio,1,0.6931471805599453
TISTUD-31,appceleratorstudio,1,0.6931471805599453
TISTUD-32,appceleratorstudio,1,0.6931471805599453
TISTUD-36,appceleratorstudio,1,0.6931471805599453
TISTUD-37,appceleratorstudio,1,0.6931471805599453
TISTUD-40,appceleratorstudio,1,0.6931471805599453
TISTUD-44,appceleratorstudio,1,0.6931471805599453
TISTUD-54,appceleratorstudio,1,0.6931471805599453
TISTUD-62,appceleratorstudio,1,0.6931471805599453
TISTUD-64,appceleratorstudio,1,0.6931471805599453
TISTUD-65,appceleratorstudio,1,0.6931471805599453
TISTUD-66,appceleratorstudio,1,0.6931471805599453
TISTUD-67,appceleratorstudio,1,0.6931471805599453
TISTUD-68,appceleratorstudio,1,0.6931471805599453
TISTUD-69,appceleratorstudio,1,0.6931471805599453
TISTUD-71,appceleratorstudio,1,0.6931471805599453
TISTUD-72,appceleratorstudio,1,0.6931471805599453
TISTUD-73,appceleratorstudio,1,0.6931471805599453
TISTUD-85,appceleratorstudio,1,0.6931471805599453
TISTUD-86,appceleratorstudio,1,0.6931471805599453
TISTUD-87,appceleratorstudio,1,0.6931471805599453
TISTUD-101,appceleratorstudio,1,0.6931471805599453
TISTUD-106,appceleratorstudio,1,0.6931471805599453
TISTUD-112,appceleratorstudio,1,0.6931471805599453
TISTUD-115,appceleratorstudio,1,0.6931471805599453
TISTUD-121,appceleratorstudio,13,2.6390573296152584
TISTUD-123,appceleratorstudio,1,0.6931471805599453
TISTUD-124,appceleratorstudio,1,0.6931471805599453
TISTUD-125,appceleratorstudio,1,0.6931471805599453
TISTUD-127,appceleratorstudio,1,0.6931471805599453
TISTUD-130,appceleratorstudio,1,0.6931471805599453
TISTUD-131,appceleratorstudio,1,0.6931471805599453
TISTUD-136,appceleratorstudio,1,0.6931471805599453
TISTUD-138,appceleratorstudio,1,0.6931471805599453
TISTUD-139,appceleratorstudio,1,0.6931471805599453
TISTUD-140,appceleratorstudio,1,0.6931471805599453
TISTUD-141,appceleratorstudio,1,0.6931471805599453
TISTUD-143,appceleratorstudio,1,0.6931471805599453
TISTUD-144,appceleratorstudio,1,0.6931471805599453
TISTUD-166,appceleratorstudio,1,0.6931471805599453
TISTUD-167,appceleratorstudio,1,0.6931471805599453
TISTUD-174,appceleratorstudio,1,0.6931471805599453
TISTUD-176,appceleratorstudio,8,2.1972245773362196
TISTUD-178,appceleratorstudio,1,0.6931471805599453
TISTUD-184,appceleratorstudio,1,0.6931471805599453
TISTUD-195,appceleratorstudio,1,0.6931471805599453
TISTUD-200,appceleratorstudio,20,3.044522437723423
TISTUD-201,appceleratorstudio,1,0.6931471805599453
TISTUD-204,appceleratorstudio,1,0.6931471805599453
TISTUD-209,appceleratorstudio,1,0.6931471805599453
TISTUD-212,appceleratorstudio,1,0.6931471805599453
TISTUD-213,appceleratorstudio,1,0.6931471805599453
TISTUD-215,appceleratorstudio,1,0.6931471805599453
TISTUD-216,appceleratorstudio,1,0.6931471805599453
TISTUD-232,appceleratorstudio,13,2.6390573296152584
TISTUD-234,appceleratorstudio,1,0.6931471805599453
TISTUD-253,appceleratorstudio,1,0.6931471805599453
TISTUD-255,appceleratorstudio,1,0.6931471805599453
TISTUD-260,appceleratorstudio,1,0.6931471805599453
TISTUD-267,appceleratorstudio,1,0.6931471805599453
TISTUD-268,appceleratorstudio,1,0.6931471805599453
TISTUD-273,appceleratorstudio,8,2.1972245773362196
TISTUD-280,appceleratorstudio,1,0.6931471805599453
TISTUD-285,appceleratorstudio,1,0.6931471805599453
TISTUD-288,appceleratorstudio,1,0.6931471805599453
TISTUD-297,appceleratorstudio,1,0.6931471805599453
TISTUD-298,appceleratorstudio,1,0.6931471805599453
TISTUD-300,appceleratorstudio,1,0.6931471805599453
TISTUD-302,appceleratorstudio,1,0.6931471805599453
TISTUD-310,appceleratorstudio,1,0.6931471805599453
TISTUD-317,appceleratorstudio,1,0.6931471805599453
TISTUD-318,appceleratorstudio,1,0.6931471805599453
TISTUD-319,appceleratorstudio,1,0.6931471805599453
TISTUD-320,appceleratorstudio,1,0.6931471805599453
TISTUD-321,appceleratorstudio,1,0.6931471805599453
TISTUD-322,appceleratorstudio,1,0.6931471805599453
TISTUD-323,appceleratorstudio,1,0.6931471805599453
TISTUD-324,appceleratorstudio,1,0.6931471805599453
TISTUD-325,appceleratorstudio,1,0.6931471805599453
TISTUD-327,appceleratorstudio,1,0.6931471805599453
TISTUD-335,appceleratorstudio,1,0.6931471805599453
TISTUD-336,appceleratorstudio,8,2.1972245773362196
TISTUD-339,appceleratorstudio,1,0.6931471805599453
TISTUD-346,appceleratorstudio,1,0.6931471805599453
TISTUD-348,appceleratorstudio,1,0.6931471805599453
TISTUD-355,appceleratorstudio,5,1.791759469228055
TISTUD-357,appceleratorstudio,5,1.791759469228055
TISTUD-358,appceleratorstudio,1,0.6931471805599453
TISTUD-373,appceleratorstudio,1,0.6931471805599453
TISTUD-380,appceleratorstudio,1,0.6931471805599453
TISTUD-383,appceleratorstudio,8,2.1972245773362196
TISTUD-400,appceleratorstudio,1,0.6931471805599453
TISTUD-406,appceleratorstudio,1,0.6931471805599453
TISTUD-407,appceleratorstudio,1,0.6931471805599453
TISTUD-415,appceleratorstudio,3,1.3862943611198906
TISTUD-421,appceleratorstudio,1,0.6931471805599453
TISTUD-428,appceleratorstudio,1,0.6931471805599453
TISTUD-434,appceleratorstudio,13,2.6390573296152584
TISTUD-448,appceleratorstudio,13,2.6390573296152584
TISTUD-454,appceleratorstudio,1,0.6931471805599453
TISTUD-474,appceleratorstudio,1,0.6931471805599453
TISTUD-475,appceleratorstudio,1,0.6931471805599453
TISTUD-476,appceleratorstudio,1,0.6931471805599453
TISTUD-477,appceleratorstudio,1,0.6931471805599453
TISTUD-478,appceleratorstudio,1,0.6931471805599453
TISTUD-479,appceleratorstudio,1,0.6931471805599453
TISTUD-480,appceleratorstudio,1,0.6931471805599453
TISTUD-481,appceleratorstudio,1,0.6931471805599453
TISTUD-483,appceleratorstudio,8,2.1972245773362196
TISTUD-486,appceleratorstudio,8,2.1972245773362196
TISTUD-492,appceleratorstudio,1,0.6931471805599453
TISTUD-499,appceleratorstudio,1,0.6931471805599453
TISTUD-501,appceleratorstudio,13,2.6390573296152584
TISTUD-504,appceleratorstudio,8,2.1972245773362196
TISTUD-505,appceleratorstudio,1,0.6931471805599453
TISTUD-506,appceleratorstudio,1,0.6931471805599453
TISTUD-509,appceleratorstudio,8,2.1972245773362196
TISTUD-518,appceleratorstudio,1,0.6931471805599453
TISTUD-525,appceleratorstudio,5,1.791759469228055
TISTUD-537,appceleratorstudio,1,0.6931471805599453
TISTUD-564,appceleratorstudio,3,1.3862943611198906
TISTUD-570,appceleratorstudio,1,0.6931471805599453
TISTUD-572,appceleratorstudio,1,0.6931471805599453
TISTUD-582,appceleratorstudio,5,1.791759469228055
TISTUD-584,appceleratorstudio,21,3.091042453358316
TISTUD-589,appceleratorstudio,8,2.1972245773362196
TISTUD-592,appceleratorstudio,1,0.6931471805599453
TISTUD-600,appceleratorstudio,13,2.6390573296152584
TISTUD-605,appceleratorstudio,5,1.791759469228055
TISTUD-623,appceleratorstudio,8,2.1972245773362196
TISTUD-651,appceleratorstudio,1,0.6931471805599453
TISTUD-656,appceleratorstudio,1,0.6931471805599453
TISTUD-675,appceleratorstudio,1,0.6931471805599453
TISTUD-687,appceleratorstudio,5,1.791759469228055
TISTUD-713,appceleratorstudio,13,2.6390573296152584
TISTUD-714,appceleratorstudio,1,0.6931471805599453
TISTUD-715,appceleratorstudio,1,0.6931471805599453
TISTUD-718,appceleratorstudio,1,0.6931471805599453
TISTUD-734,appceleratorstudio,5,1.791759469228055
TISTUD-744,appceleratorstudio,8,2.1972245773362196
TISTUD-746,appceleratorstudio,40,3.713572066704308
TISTUD-747,appceleratorstudio,20,3.044522437723423
TISTUD-754,appceleratorstudio,1,0.6931471805599453
TISTUD-755,appceleratorstudio,1,0.6931471805599453
TISTUD-757,appceleratorstudio,1,0.6931471805599453
TISTUD-760,appceleratorstudio,8,2.1972245773362196
TISTUD-761,appceleratorstudio,5,1.791759469228055
TISTUD-764,appceleratorstudio,1,0.6931471805599453
TISTUD-766,appceleratorstudio,5,1.791759469228055
TISTUD-769,appceleratorstudio,13,2.6390573296152584
TISTUD-775,appceleratorstudio,1,0.6931471805599453
TISTUD-787,appceleratorstudio,34,3.5553480614894135
TISTUD-788,appceleratorstudio,8,2.1972245773362196
TISTUD-791,appceleratorstudio,3,1.3862943611198906
TISTUD-794,appceleratorstudio,20,3.044522437723423
TISTUD-804,appceleratorstudio,1,0.6931471805599453
TISTUD-806,appceleratorstudio,8,2.1972245773362196
TISTUD-809,appceleratorstudio,1,0.6931471805599453
TISTUD-810,appceleratorstudio,1,0.6931471805599453
TISTUD-811,appceleratorstudio,13,2.6390573296152584
TISTUD-818,appceleratorstudio,8,2.1972245773362196
TISTUD-820,appceleratorstudio,8,2.1972245773362196
TISTUD-822,appceleratorstudio,1,0.6931471805599453
TISTUD-835,appceleratorstudio,8,2.1972245773362196
TISTUD-844,appceleratorstudio,8,2.1972245773362196
TISTUD-869,appceleratorstudio,8,2.1972245773362196
TISTUD-875,appceleratorstudio,8,2.1972245773362196
TISTUD-878,appceleratorstudio,13,2.6390573296152584
TISTUD-882,appceleratorstudio,8,2.1972245773362196
TISTUD-886,appceleratorstudio,2,1.0986122886681098
TISTUD-887,appceleratorstudio,1,0.6931471805599453
TISTUD-891,appceleratorstudio,8,2.1972245773362196
TISTUD-894,appceleratorstudio,1,0.6931471805599453
TISTUD-905,appceleratorstudio,8,2.1972245773362196
TISTUD-907,appceleratorstudio,13,2.6390573296152584
TISTUD-909,appceleratorstudio,1,0.6931471805599453
TISTUD-913,appceleratorstudio,8,2.1972245773362196
TISTUD-919,appceleratorstudio,1,0.6931471805599453
TISTUD-929,appceleratorstudio,5,1.791759469228055
TISTUD-933,appceleratorstudio,1,0.6931471805599453
TISTUD-946,appceleratorstudio,5,1.791759469228055
TISTUD-952,appceleratorstudio,40,3.713572066704308
TISTUD-953,appceleratorstudio,5,1.791759469228055
TISTUD-954,appceleratorstudio,13,2.6390573296152584
TISTUD-957,appceleratorstudio,40,3.713572066704308
TISTUD-958,appceleratorstudio,13,2.6390573296152584
TISTUD-959,appceleratorstudio,13,2.6390573296152584
TISTUD-960,appceleratorstudio,13,2.6390573296152584
TISTUD-961,appceleratorstudio,13,2.6390573296152584
TISTUD-971,appceleratorstudio,1,0.6931471805599453
TISTUD-989,appceleratorstudio,5,1.791759469228055
TISTUD-990,appceleratorstudio,8,2.1972245773362196
TISTUD-993,appceleratorstudio,8,2.1972245773362196
TISTUD-1002,appceleratorstudio,8,2.1972245773362196
TISTUD-1003,appceleratorstudio,13,2.6390573296152584
TISTUD-1006,appceleratorstudio,13,2.6390573296152584
TISTUD-1009,appceleratorstudio,8,2.1972245773362196
TISTUD-1015,appceleratorstudio,3,1.3862943611198906
TISTUD-1016,appceleratorstudio,5,1.791759469228055
TISTUD-1021,appceleratorstudio,5,1.791759469228055
TISTUD-1023,appceleratorstudio,13,2.6390573296152584
TISTUD-1028,appceleratorstudio,8,2.1972245773362196
TISTUD-1032,appceleratorstudio,21,3.091042453358316
TISTUD-1036,appceleratorstudio,8,2.1972245773362196
TISTUD-1037,appceleratorstudio,8,2.1972245773362196
TISTUD-1038,appceleratorstudio,8,2.1972245773362196
TISTUD-1039,appceleratorstudio,8,2.1972245773362196
TISTUD-1048,appceleratorstudio,5,1.791759469228055
TISTUD-1051,appceleratorstudio,2,1.0986122886681098
TISTUD-1052,appceleratorstudio,2,1.0986122886681098
TISTUD-1053,appceleratorstudio,21,3.091042453358316
TISTUD-1055,appceleratorstudio,8,2.1972245773362196
TISTUD-1058,appceleratorstudio,13,2.6390573296152584
TISTUD-1067,appceleratorstudio,5,1.791759469228055
TISTUD-1068,appceleratorstudio,20,3.044522437723423
TISTUD-1073,appceleratorstudio,8,2.1972245773362196
TISTUD-1076,appceleratorstudio,8,2.1972245773362196
TISTUD-1077,appceleratorstudio,13,2.6390573296152584
TISTUD-1078,appceleratorstudio,20,3.044522437723423
TISTUD-1079,appceleratorstudio,8,2.1972245773362196
TISTUD-1091,appceleratorstudio,13,2.6390573296152584
TISTUD-1093,appceleratorstudio,13,2.6390573296152584
TISTUD-1094,appceleratorstudio,5,1.791759469228055
TISTUD-1105,appceleratorstudio,8,2.1972245773362196
TISTUD-1107,appceleratorstudio,13,2.6390573296152584
TISTUD-1108,appceleratorstudio,3,1.3862943611198906
TISTUD-1114,appceleratorstudio,8,2.1972245773362196
TISTUD-1115,appceleratorstudio,13,2.6390573296152584
TISTUD-1116,appceleratorstudio,5,1.791759469228055
TISTUD-1118,appceleratorstudio,13,2.6390573296152584
TISTUD-1125,appceleratorstudio,5,1.791759469228055
TISTUD-1133,appceleratorstudio,3,1.3862943611198906
TISTUD-1134,appceleratorstudio,8,2.1972245773362196
TISTUD-1136,appceleratorstudio,3,1.3862943611198906
TISTUD-1137,appceleratorstudio,8,2.1972245773362196
TISTUD-1139,appceleratorstudio,13,2.6390573296152584
TISTUD-1152,appceleratorstudio,8,2.1972245773362196
TISTUD-1156,appceleratorstudio,5,1.791759469228055
TISTUD-1158,appceleratorstudio,13,2.6390573296152584
TISTUD-1162,appceleratorstudio,13,2.6390573296152584
TISTUD-1163,appceleratorstudio,20,3.044522437723423
TISTUD-1164,appceleratorstudio,20,3.044522437723423
TISTUD-1165,appceleratorstudio,20,3.044522437723423
TISTUD-1166,appceleratorstudio,13,2.6390573296152584
TISTUD-1167,appceleratorstudio,8,2.1972245773362196
TISTUD-1168,appceleratorstudio,5,1.791759469228055
TISTUD-1169,appceleratorstudio,3,1.3862943611198906
TISTUD-1171,appceleratorstudio,5,1.791759469228055
TISTUD-1175,appceleratorstudio,8,2.1972245773362196
TISTUD-1179,appceleratorstudio,8,2.1972245773362196
TISTUD-1180,appceleratorstudio,5,1.791759469228055
TISTUD-1182,appceleratorstudio,8,2.1972245773362196
TISTUD-1183,appceleratorstudio,20,3.044522437723423
TISTUD-1184,appceleratorstudio,2,1.0986122886681098
TISTUD-1185,appceleratorstudio,3,1.3862943611198906
TISTUD-1186,appceleratorstudio,5,1.791759469228055
TISTUD-1187,appceleratorstudio,1,0.6931471805599453
TISTUD-1188,appceleratorstudio,8,2.1972245773362196
TISTUD-1193,appceleratorstudio,5,1.791759469228055
TISTUD-1194,appceleratorstudio,8,2.1972245773362196
TISTUD-1196,appceleratorstudio,5,1.791759469228055
TISTUD-1198,appceleratorstudio,13,2.6390573296152584
TISTUD-1199,appceleratorstudio,13,2.6390573296152584
TISTUD-1200,appceleratorstudio,5,1.791759469228055
TISTUD-1204,appceleratorstudio,13,2.6390573296152584
TISTUD-1217,appceleratorstudio,8,2.1972245773362196
TISTUD-1218,appceleratorstudio,2,1.0986122886681098
TISTUD-1219,appceleratorstudio,8,2.1972245773362196
TISTUD-1221,appceleratorstudio,5,1.791759469228055
TISTUD-1222,appceleratorstudio,5,1.791759469228055
TISTUD-1223,appceleratorstudio,5,1.791759469228055
TISTUD-1224,appceleratorstudio,5,1.791759469228055
TISTUD-1226,appceleratorstudio,13,2.6390573296152584
TISTUD-1227,appceleratorstudio,8,2.1972245773362196
TISTUD-1229,appceleratorstudio,3,1.3862943611198906
TISTUD-1230,appceleratorstudio,20,3.044522437723423
TISTUD-1231,appceleratorstudio,20,3.044522437723423
TISTUD-1236,appceleratorstudio,3,1.3862943611198906
TISTUD-1237,appceleratorstudio,5,1.791759469228055
TISTUD-1257,appceleratorstudio,8,2.1972245773362196
TISTUD-1259,appceleratorstudio,5,1.791759469228055
TISTUD-1260,appceleratorstudio,8,2.1972245773362196
TISTUD-1261,appceleratorstudio,13,2.6390573296152584
TISTUD-1266,appceleratorstudio,8,2.1972245773362196
TISTUD-1268,appceleratorstudio,8,2.1972245773362196
TISTUD-1269,appceleratorstudio,8,2.1972245773362196
TISTUD-1271,appceleratorstudio,8,2.1972245773362196
TISTUD-1272,appceleratorstudio,8,2.1972245773362196
TISTUD-1273,appceleratorstudio,5,1.791759469228055
TISTUD-1274,appceleratorstudio,5,1.791759469228055
TISTUD-1275,appceleratorstudio,5,1.791759469228055
TISTUD-1276,appceleratorstudio,5,1.791759469228055
TISTUD-1277,appceleratorstudio,5,1.791759469228055
TISTUD-1278,appceleratorstudio,8,2.1972245773362196
TISTUD-1280,appceleratorstudio,5,1.791759469228055
TISTUD-1281,appceleratorstudio,8,2.1972245773362196
TISTUD-1282,appceleratorstudio,13,2.6390573296152584
TISTUD-1283,appceleratorstudio,5,1.791759469228055
TISTUD-1284,appceleratorstudio,3,1.3862943611198906
TISTUD-1285,appceleratorstudio,5,1.791759469228055
TISTUD-1286,appceleratorstudio,5,1.791759469228055
TISTUD-1287,appceleratorstudio,8,2.1972245773362196
TISTUD-1292,appceleratorstudio,8,2.1972245773362196
TISTUD-1294,appceleratorstudio,3,1.3862943611198906
TISTUD-1295,appceleratorstudio,8,2.1972245773362196
TISTUD-1296,appceleratorstudio,8,2.1972245773362196
TISTUD-1297,appceleratorstudio,8,2.1972245773362196
TISTUD-1299,appceleratorstudio,1,0.6931471805599453
TISTUD-1301,appceleratorstudio,5,1.791759469228055
TISTUD-1304,appceleratorstudio,8,2.1972245773362196
TISTUD-1306,appceleratorstudio,13,2.6390573296152584
TISTUD-1307,appceleratorstudio,13,2.6390573296152584
TISTUD-1308,appceleratorstudio,20,3.044522437723423
TISTUD-1309,appceleratorstudio,8,2.1972245773362196
TISTUD-1310,appceleratorstudio,13,2.6390573296152584
TISTUD-1312,appceleratorstudio,5,1.791759469228055
TISTUD-1313,appceleratorstudio,5,1.791759469228055
TISTUD-1314,appceleratorstudio,3,1.3862943611198906
TISTUD-1315,appceleratorstudio,2,1.0986122886681098
TISTUD-1316,appceleratorstudio,5,1.791759469228055
TISTUD-1318,appceleratorstudio,8,2.1972245773362196
TISTUD-1320,appceleratorstudio,3,1.3862943611198906
TISTUD-1322,appceleratorstudio,5,1.791759469228055
TISTUD-1323,appceleratorstudio,13,2.6390573296152584
TISTUD-1325,appceleratorstudio,5,1.791759469228055
TISTUD-1327,appceleratorstudio,13,2.6390573296152584
TISTUD-1329,appceleratorstudio,8,2.1972245773362196
TISTUD-1330,appceleratorstudio,8,2.1972245773362196
TISTUD-1332,appceleratorstudio,5,1.791759469228055
TISTUD-1333,appceleratorstudio,2,1.0986122886681098
TISTUD-1334,appceleratorstudio,3,1.3862943611198906
TISTUD-1335,appceleratorstudio,8,2.1972245773362196
TISTUD-1336,appceleratorstudio,5,1.791759469228055
TISTUD-1337,appceleratorstudio,5,1.791759469228055
TISTUD-1338,appceleratorstudio,5,1.791759469228055
TISTUD-1339,appceleratorstudio,8,2.1972245773362196
TISTUD-1341,appceleratorstudio,3,1.3862943611198906
TISTUD-1342,appceleratorstudio,3,1.3862943611198906
TISTUD-1343,appceleratorstudio,5,1.791759469228055
TISTUD-1345,appceleratorstudio,5,1.791759469228055
TISTUD-1346,appceleratorstudio,3,1.3862943611198906
TISTUD-1347,appceleratorstudio,5,1.791759469228055
TISTUD-1348,appceleratorstudio,5,1.791759469228055
TISTUD-1350,appceleratorstudio,13,2.6390573296152584
TISTUD-1351,appceleratorstudio,5,1.791759469228055
TISTUD-1352,appceleratorstudio,5,1.791759469228055
TISTUD-1353,appceleratorstudio,5,1.791759469228055
TISTUD-1354,appceleratorstudio,3,1.3862943611198906
TISTUD-1357,appceleratorstudio,8,2.1972245773362196
TISTUD-1358,appceleratorstudio,3,1.3862943611198906
TISTUD-1363,appceleratorstudio,5,1.791759469228055
TISTUD-1365,appceleratorstudio,8,2.1972245773362196
TISTUD-1366,appceleratorstudio,5,1.791759469228055
TISTUD-1367,appceleratorstudio,8,2.1972245773362196
TISTUD-1368,appceleratorstudio,3,1.3862943611198906
TISTUD-1369,appceleratorstudio,5,1.791759469228055
TISTUD-1370,appceleratorstudio,3,1.3862943611198906
TISTUD-1373,appceleratorstudio,8,2.1972245773362196
TISTUD-1376,appceleratorstudio,8,2.1972245773362196
TISTUD-1377,appceleratorstudio,5,1.791759469228055
TISTUD-1378,appceleratorstudio,8,2.1972245773362196
TISTUD-1380,appceleratorstudio,8,2.1972245773362196
TISTUD-1381,appceleratorstudio,8,2.1972245773362196
TISTUD-1382,appceleratorstudio,3,1.3862943611198906
TISTUD-1383,appceleratorstudio,2,1.0986122886681098
TISTUD-1384,appceleratorstudio,8,2.1972245773362196
TISTUD-1392,appceleratorstudio,5,1.791759469228055
TISTUD-1393,appceleratorstudio,13,2.6390573296152584
TISTUD-1395,appceleratorstudio,8,2.1972245773362196
TISTUD-1396,appceleratorstudio,5,1.791759469228055
TISTUD-1401,appceleratorstudio,13,2.6390573296152584
TISTUD-1402,appceleratorstudio,3,1.3862943611198906
TISTUD-1404,appceleratorstudio,8,2.1972245773362196
TISTUD-1407,appceleratorstudio,8,2.1972245773362196
TISTUD-1410,appceleratorstudio,3,1.3862943611198906
TISTUD-1412,appceleratorstudio,13,2.6390573296152584
TISTUD-1414,appceleratorstudio,20,3.044522437723423
TISTUD-1415,appceleratorstudio,3,1.3862943611198906
TISTUD-1416,appceleratorstudio,8,2.1972245773362196
TISTUD-1417,appceleratorstudio,5,1.791759469228055
TISTUD-1419,appceleratorstudio,13,2.6390573296152584
TISTUD-1420,appceleratorstudio,20,3.044522437723423
TISTUD-1421,appceleratorstudio,8,2.1972245773362196
TISTUD-1422,appceleratorstudio,8,2.1972245773362196
TISTUD-1424,appceleratorstudio,5,1.791759469228055
TISTUD-1426,appceleratorstudio,5,1.791759469228055
TISTUD-1428,appceleratorstudio,3,1.3862943611198906
TISTUD-1431,appceleratorstudio,8,2.1972245773362196
TISTUD-1432,appceleratorstudio,5,1.791759469228055
TISTUD-1435,appceleratorstudio,8,2.1972245773362196
TISTUD-1436,appceleratorstudio,5,1.791759469228055
TISTUD-1442,appceleratorstudio,5,1.791759469228055
TISTUD-1443,appceleratorstudio,5,1.791759469228055
TISTUD-1445,appceleratorstudio,8,2.1972245773362196
TISTUD-1447,appceleratorstudio,13,2.6390573296152584
TISTUD-1450,appceleratorstudio,8,2.1972245773362196
TISTUD-1452,appceleratorstudio,13,2.6390573296152584
TISTUD-1456,appceleratorstudio,20,3.044522437723423
TISTUD-1464,appceleratorstudio,5,1.791759469228055
TISTUD-1466,appceleratorstudio,5,1.791759469228055
TISTUD-1468,appceleratorstudio,3,1.3862943611198906
TISTUD-1469,appceleratorstudio,8,2.1972245773362196
TISTUD-1474,appceleratorstudio,5,1.791759469228055
TISTUD-1476,appceleratorstudio,3,1.3862943611198906
TISTUD-1477,appceleratorstudio,8,2.1972245773362196
TISTUD-1479,appceleratorstudio,8,2.1972245773362196
TISTUD-1481,appceleratorstudio,5,1.791759469228055
TISTUD-1482,appceleratorstudio,3,1.3862943611198906
TISTUD-1485,appceleratorstudio,8,2.1972245773362196
TISTUD-1488,appceleratorstudio,5,1.791759469228055
TISTUD-1489,appceleratorstudio,5,1.791759469228055
TISTUD-1490,appceleratorstudio,5,1.791759469228055
TISTUD-1494,appceleratorstudio,8,2.1972245773362196
TISTUD-1496,appceleratorstudio,5,1.791759469228055
TISTUD-1497,appceleratorstudio,8,2.1972245773362196
TISTUD-1503,appceleratorstudio,3,1.3862943611198906
TISTUD-1506,appceleratorstudio,8,2.1972245773362196
TISTUD-1507,appceleratorstudio,3,1.3862943611198906
TISTUD-1508,appceleratorstudio,8,2.1972245773362196
TISTUD-1510,appceleratorstudio,8,2.1972245773362196
TISTUD-1511,appceleratorstudio,8,2.1972245773362196
TISTUD-1513,appceleratorstudio,8,2.1972245773362196
TISTUD-1514,appceleratorstudio,13,2.6390573296152584
TISTUD-1515,appceleratorstudio,5,1.791759469228055
TISTUD-1516,appceleratorstudio,13,2.6390573296152584
TISTUD-1517,appceleratorstudio,3,1.3862943611198906
TISTUD-1518,appceleratorstudio,8,2.1972245773362196
TISTUD-1522,appceleratorstudio,13,2.6390573296152584
TISTUD-1523,appceleratorstudio,8,2.1972245773362196
TISTUD-1525,appceleratorstudio,5,1.791759469228055
TISTUD-1527,appceleratorstudio,8,2.1972245773362196
TISTUD-1528,appceleratorstudio,3,1.3862943611198906
TISTUD-1529,appceleratorstudio,8,2.1972245773362196
TISTUD-1530,appceleratorstudio,3,1.3862943611198906
TISTUD-1534,appceleratorstudio,3,1.3862943611198906
TISTUD-1537,appceleratorstudio,5,1.791759469228055
TISTUD-1539,appceleratorstudio,8,2.1972245773362196
TISTUD-1540,appceleratorstudio,8,2.1972245773362196
TISTUD-1541,appceleratorstudio,8,2.1972245773362196
TISTUD-1543,appceleratorstudio,8,2.1972245773362196
TISTUD-1545,appceleratorstudio,8,2.1972245773362196
TISTUD-1546,appceleratorstudio,8,2.1972245773362196
TISTUD-1549,appceleratorstudio,8,2.1972245773362196
TISTUD-1550,appceleratorstudio,13,2.6390573296152584
TISTUD-1551,appceleratorstudio,5,1.791759469228055
TISTUD-1556,appceleratorstudio,8,2.1972245773362196
TISTUD-1557,appceleratorstudio,8,2.1972245773362196
TISTUD-1558,appceleratorstudio,5,1.791759469228055
TISTUD-1559,appceleratorstudio,3,1.3862943611198906
TISTUD-1571,appceleratorstudio,13,2.6390573296152584
TISTUD-1572,appceleratorstudio,8,2.1972245773362196
TISTUD-1574,appceleratorstudio,3,1.3862943611198906
TISTUD-1576,appceleratorstudio,13,2.6390573296152584
TISTUD-1579,appceleratorstudio,13,2.6390573296152584
TISTUD-1581,appceleratorstudio,20,3.044522437723423
TISTUD-1588,appceleratorstudio,8,2.1972245773362196
TISTUD-1590,appceleratorstudio,8,2.1972245773362196
TISTUD-1594,appceleratorstudio,8,2.1972245773362196
TISTUD-1605,appceleratorstudio,2,1.0986122886681098
TISTUD-1610,appceleratorstudio,13,2.6390573296152584
TISTUD-1611,appceleratorstudio,8,2.1972245773362196
TISTUD-1612,appceleratorstudio,8,2.1972245773362196
TISTUD-1613,appceleratorstudio,13,2.6390573296152584
TISTUD-1614,appceleratorstudio,13,2.6390573296152584
TISTUD-1615,appceleratorstudio,13,2.6390573296152584
TISTUD-1616,appceleratorstudio,8,2.1972245773362196
TISTUD-1617,appceleratorstudio,5,1.791759469228055
TISTUD-1622,appceleratorstudio,5,1.791759469228055
TISTUD-1626,appceleratorstudio,8,2.1972245773362196
TISTUD-1627,appceleratorstudio,8,2.1972245773362196
TISTUD-1630,appceleratorstudio,8,2.1972245773362196
TISTUD-1631,appceleratorstudio,8,2.1972245773362196
TISTUD-1632,appceleratorstudio,8,2.1972245773362196
TISTUD-1633,appceleratorstudio,8,2.1972245773362196
TISTUD-1640,appceleratorstudio,5,1.791759469228055
TISTUD-1642,appceleratorstudio,13,2.6390573296152584
TISTUD-1643,appceleratorstudio,8,2.1972245773362196
TISTUD-1645,appceleratorstudio,5,1.791759469228055
TISTUD-1647,appceleratorstudio,8,2.1972245773362196
TISTUD-1648,appceleratorstudio,8,2.1972245773362196
TISTUD-1649,appceleratorstudio,13,2.6390573296152584
TISTUD-1650,appceleratorstudio,5,1.791759469228055
TISTUD-1656,appceleratorstudio,5,1.791759469228055
TISTUD-1662,appceleratorstudio,8,2.1972245773362196
TISTUD-1664,appceleratorstudio,8,2.1972245773362196
TISTUD-1666,appceleratorstudio,8,2.1972245773362196
TISTUD-1669,appceleratorstudio,5,1.791759469228055
TISTUD-1671,appceleratorstudio,8,2.1972245773362196
TISTUD-1672,appceleratorstudio,5,1.791759469228055
TISTUD-1673,appceleratorstudio,2,1.0986122886681098
TISTUD-1674,appceleratorstudio,5,1.791759469228055
TISTUD-1677,appceleratorstudio,8,2.1972245773362196
TISTUD-1678,appceleratorstudio,13,2.6390573296152584
TISTUD-1680,appceleratorstudio,8,2.1972245773362196
TISTUD-1681,appceleratorstudio,8,2.1972245773362196
TISTUD-1682,appceleratorstudio,13,2.6390573296152584
TISTUD-1683,appceleratorstudio,8,2.1972245773362196
TISTUD-1685,appceleratorstudio,3,1.3862943611198906
TISTUD-1694,appceleratorstudio,5,1.791759469228055
TISTUD-1695,appceleratorstudio,8,2.1972245773362196
TISTUD-1697,appceleratorstudio,8,2.1972245773362196
TISTUD-1698,appceleratorstudio,8,2.1972245773362196
TISTUD-1700,appceleratorstudio,8,2.1972245773362196
TISTUD-1701,appceleratorstudio,13,2.6390573296152584
TISTUD-1702,appceleratorstudio,8,2.1972245773362196
TISTUD-1703,appceleratorstudio,8,2.1972245773362196
TISTUD-1704,appceleratorstudio,5,1.791759469228055
TISTUD-1705,appceleratorstudio,8,2.1972245773362196
TISTUD-1706,appceleratorstudio,5,1.791759469228055
TISTUD-1707,appceleratorstudio,8,2.1972245773362196
TISTUD-1708,appceleratorstudio,8,2.1972245773362196
TISTUD-1709,appceleratorstudio,8,2.1972245773362196
TISTUD-1710,appceleratorstudio,2,1.0986122886681098
TISTUD-1713,appceleratorstudio,2,1.0986122886681098
TISTUD-1714,appceleratorstudio,3,1.3862943611198906
TISTUD-1716,appceleratorstudio,8,2.1972245773362196
TISTUD-1717,appceleratorstudio,13,2.6390573296152584
TISTUD-1719,appceleratorstudio,5,1.791759469228055
TISTUD-1720,appceleratorstudio,8,2.1972245773362196
TISTUD-1721,appceleratorstudio,3,1.3862943611198906
TISTUD-1723,appceleratorstudio,5,1.791759469228055
TISTUD-1726,appceleratorstudio,8,2.1972245773362196
TISTUD-1728,appceleratorstudio,5,1.791759469228055
TISTUD-1730,appceleratorstudio,8,2.1972245773362196
TISTUD-1731,appceleratorstudio,5,1.791759469228055
TISTUD-1732,appceleratorstudio,8,2.1972245773362196
TISTUD-1733,appceleratorstudio,5,1.791759469228055
TISTUD-1734,appceleratorstudio,8,2.1972245773362196
TISTUD-1735,appceleratorstudio,8,2.1972245773362196
TISTUD-1737,appceleratorstudio,5,1.791759469228055
TISTUD-1738,appceleratorstudio,8,2.1972245773362196
TISTUD-1740,appceleratorstudio,13,2.6390573296152584
TISTUD-1742,appceleratorstudio,3,1.3862943611198906
TISTUD-1743,appceleratorstudio,3,1.3862943611198906
TISTUD-1746,appceleratorstudio,3,1.3862943611198906
TISTUD-1751,appceleratorstudio,8,2.1972245773362196
TISTUD-1752,appceleratorstudio,3,1.3862943611198906
TISTUD-1753,appceleratorstudio,5,1.791759469228055
TISTUD-1754,appceleratorstudio,13,2.6390573296152584
TISTUD-1757,appceleratorstudio,8,2.1972245773362196
TISTUD-1761,appceleratorstudio,8,2.1972245773362196
TISTUD-1769,appceleratorstudio,5,1.791759469228055
TISTUD-1771,appceleratorstudio,8,2.1972245773362196
TISTUD-1772,appceleratorstudio,8,2.1972245773362196
TISTUD-1776,appceleratorstudio,8,2.1972245773362196
TISTUD-1779,appceleratorstudio,13,2.6390573296152584
TISTUD-1780,appceleratorstudio,5,1.791759469228055
TISTUD-1781,appceleratorstudio,13,2.6390573296152584
TISTUD-1783,appceleratorstudio,3,1.3862943611198906
TISTUD-1785,appceleratorstudio,8,2.1972245773362196
TISTUD-1786,appceleratorstudio,13,2.6390573296152584
TISTUD-1788,appceleratorstudio,3,1.3862943611198906
TISTUD-1791,appceleratorstudio,3,1.3862943611198906
TISTUD-1792,appceleratorstudio,3,1.3862943611198906
TISTUD-1793,appceleratorstudio,13,2.6390573296152584
TISTUD-1795,appceleratorstudio,3,1.3862943611198906
TISTUD-1796,appceleratorstudio,3,1.3862943611198906
TISTUD-1797,appceleratorstudio,5,1.791759469228055
TISTUD-1798,appceleratorstudio,5,1.791759469228055
TISTUD-1800,appceleratorstudio,3,1.3862943611198906
TISTUD-1804,appceleratorstudio,8,2.1972245773362196
TISTUD-1805,appceleratorstudio,5,1.791759469228055
TISTUD-1809,appceleratorstudio,3,1.3862943611198906
TISTUD-1813,appceleratorstudio,8,2.1972245773362196
TISTUD-1815,appceleratorstudio,3,1.3862943611198906
TISTUD-1817,appceleratorstudio,8,2.1972245773362196
TISTUD-1818,appceleratorstudio,8,2.1972245773362196
TISTUD-1820,appceleratorstudio,5,1.791759469228055
TISTUD-1821,appceleratorstudio,8,2.1972245773362196
TISTUD-1824,appceleratorstudio,13,2.6390573296152584
TISTUD-1825,appceleratorstudio,13,2.6390573296152584
TISTUD-1827,appceleratorstudio,40,3.713572066704308
TISTUD-1828,appceleratorstudio,8,2.1972245773362196
TISTUD-1831,appceleratorstudio,5,1.791759469228055
TISTUD-1832,appceleratorstudio,5,1.791759469228055
TISTUD-1833,appceleratorstudio,8,2.1972245773362196
TISTUD-1834,appceleratorstudio,8,2.1972245773362196
TISTUD-1835,appceleratorstudio,8,2.1972245773362196
TISTUD-1836,appceleratorstudio,8,2.1972245773362196
TISTUD-1839,appceleratorstudio,8,2.1972245773362196
TISTUD-1840,appceleratorstudio,8,2.1972245773362196
TISTUD-1842,appceleratorstudio,5,1.791759469228055
TISTUD-1843,appceleratorstudio,8,2.1972245773362196
TISTUD-1846,appceleratorstudio,8,2.1972245773362196
TISTUD-1848,appceleratorstudio,20,3.044522437723423
TISTUD-1851,appceleratorstudio,8,2.1972245773362196
TISTUD-1852,appceleratorstudio,5,1.791759469228055
TISTUD-1853,appceleratorstudio,3,1.3862943611198906
TISTUD-1854,appceleratorstudio,3,1.3862943611198906
TISTUD-1855,appceleratorstudio,8,2.1972245773362196
TISTUD-1856,appceleratorstudio,8,2.1972245773362196
TISTUD-1857,appceleratorstudio,5,1.791759469228055
TISTUD-1858,appceleratorstudio,8,2.1972245773362196
TISTUD-1859,appceleratorstudio,20,3.044522437723423
TISTUD-1860,appceleratorstudio,8,2.1972245773362196
TISTUD-1861,appceleratorstudio,2,1.0986122886681098
TISTUD-1862,appceleratorstudio,2,1.0986122886681098
TISTUD-1863,appceleratorstudio,2,1.0986122886681098
TISTUD-1864,appceleratorstudio,8,2.1972245773362196
TISTUD-1865,appceleratorstudio,8,2.1972245773362196
TISTUD-1866,appceleratorstudio,8,2.1972245773362196
TISTUD-1867,appceleratorstudio,8,2.1972245773362196
TISTUD-1868,appceleratorstudio,13,2.6390573296152584
TISTUD-1870,appceleratorstudio,8,2.1972245773362196
TISTUD-1871,appceleratorstudio,20,3.044522437723423
TISTUD-1872,appceleratorstudio,20,3.044522437723423
TISTUD-1875,appceleratorstudio,13,2.6390573296152584
TISTUD-1877,appceleratorstudio,8,2.1972245773362196
TISTUD-1881,appceleratorstudio,5,1.791759469228055
TISTUD-1882,appceleratorstudio,8,2.1972245773362196
TISTUD-1884,appceleratorstudio,8,2.1972245773362196
TISTUD-1886,appceleratorstudio,8,2.1972245773362196
TISTUD-1888,appceleratorstudio,8,2.1972245773362196
TISTUD-1890,appceleratorstudio,13,2.6390573296152584
TISTUD-1891,appceleratorstudio,8,2.1972245773362196
TISTUD-1892,appceleratorstudio,8,2.1972245773362196
TISTUD-1893,appceleratorstudio,8,2.1972245773362196
TISTUD-1894,appceleratorstudio,8,2.1972245773362196
TISTUD-1895,appceleratorstudio,8,2.1972245773362196
TISTUD-1896,appceleratorstudio,8,2.1972245773362196
TISTUD-1897,appceleratorstudio,8,2.1972245773362196
TISTUD-1903,appceleratorstudio,8,2.1972245773362196
TISTUD-1905,appceleratorstudio,8,2.1972245773362196
TISTUD-1935,appceleratorstudio,3,1.3862943611198906
TISTUD-1939,appceleratorstudio,8,2.1972245773362196
TISTUD-1940,appceleratorstudio,8,2.1972245773362196
TISTUD-1941,appceleratorstudio,8,2.1972245773362196
TISTUD-1944,appceleratorstudio,8,2.1972245773362196
TISTUD-1947,appceleratorstudio,5,1.791759469228055
TISTUD-1948,appceleratorstudio,13,2.6390573296152584
TISTUD-1949,appceleratorstudio,3,1.3862943611198906
TISTUD-1950,appceleratorstudio,8,2.1972245773362196
TISTUD-1951,appceleratorstudio,8,2.1972245773362196
TISTUD-1953,appceleratorstudio,5,1.791759469228055
TISTUD-1954,appceleratorstudio,2,1.0986122886681098
TISTUD-1959,appceleratorstudio,8,2.1972245773362196
TISTUD-1963,appceleratorstudio,2,1.0986122886681098
TISTUD-1970,appceleratorstudio,5,1.791759469228055
TISTUD-1973,appceleratorstudio,8,2.1972245773362196
TISTUD-1980,appceleratorstudio,8,2.1972245773362196
TISTUD-1982,appceleratorstudio,8,2.1972245773362196
TISTUD-1983,appceleratorstudio,8,2.1972245773362196
TISTUD-1984,appceleratorstudio,13,2.6390573296152584
TISTUD-1985,appceleratorstudio,5,1.791759469228055
TISTUD-1986,appceleratorstudio,5,1.791759469228055
TISTUD-1990,appceleratorstudio,5,1.791759469228055
TISTUD-1991,appceleratorstudio,8,2.1972245773362196
TISTUD-2000,appceleratorstudio,2,1.0986122886681098
TISTUD-2002,appceleratorstudio,5,1.791759469228055
TISTUD-2004,appceleratorstudio,8,2.1972245773362196
TISTUD-2007,appceleratorstudio,5,1.791759469228055
TISTUD-2008,appceleratorstudio,2,1.0986122886681098
TISTUD-2011,appceleratorstudio,5,1.791759469228055
TISTUD-2013,appceleratorstudio,3,1.3862943611198906
TISTUD-2014,appceleratorstudio,5,1.791759469228055
TISTUD-2015,appceleratorstudio,5,1.791759469228055
TISTUD-2017,appceleratorstudio,5,1.791759469228055
TISTUD-2023,appceleratorstudio,5,1.791759469228055
TISTUD-2024,appceleratorstudio,5,1.791759469228055
TISTUD-2026,appceleratorstudio,3,1.3862943611198906
TISTUD-2028,appceleratorstudio,3,1.3862943611198906
TISTUD-2029,appceleratorstudio,8,2.1972245773362196
TISTUD-2032,appceleratorstudio,3,1.3862943611198906
TISTUD-2033,appceleratorstudio,3,1.3862943611198906
TISTUD-2034,appceleratorstudio,3,1.3862943611198906
TISTUD-2035,appceleratorstudio,3,1.3862943611198906
TISTUD-2038,appceleratorstudio,8,2.1972245773362196
TISTUD-2040,appceleratorstudio,8,2.1972245773362196
TISTUD-2041,appceleratorstudio,8,2.1972245773362196
TISTUD-2042,appceleratorstudio,5,1.791759469228055
TISTUD-2044,appceleratorstudio,5,1.791759469228055
TISTUD-2045,appceleratorstudio,5,1.791759469228055
TISTUD-2047,appceleratorstudio,8,2.1972245773362196
TISTUD-2048,appceleratorstudio,13,2.6390573296152584
TISTUD-2049,appceleratorstudio,13,2.6390573296152584
TISTUD-2050,appceleratorstudio,13,2.6390573296152584
TISTUD-2052,appceleratorstudio,8,2.1972245773362196
TISTUD-2054,appceleratorstudio,8,2.1972245773362196
TISTUD-2055,appceleratorstudio,3,1.3862943611198906
TISTUD-2057,appceleratorstudio,8,2.1972245773362196
TISTUD-2059,appceleratorstudio,13,2.6390573296152584
TISTUD-2063,appceleratorstudio,5,1.791759469228055
TISTUD-2065,appceleratorstudio,5,1.791759469228055
TISTUD-2066,appceleratorstudio,5,1.791759469228055
TISTUD-2067,appceleratorstudio,8,2.1972245773362196
TISTUD-2068,appceleratorstudio,5,1.791759469228055
TISTUD-2069,appceleratorstudio,5,1.791759469228055
TISTUD-2070,appceleratorstudio,5,1.791759469228055
TISTUD-2071,appceleratorstudio,2,1.0986122886681098
TISTUD-2072,appceleratorstudio,2,1.0986122886681098
TISTUD-2073,appceleratorstudio,5,1.791759469228055
TISTUD-2074,appceleratorstudio,5,1.791759469228055
TISTUD-2077,appceleratorstudio,5,1.791759469228055
TISTUD-2078,appceleratorstudio,5,1.791759469228055
TISTUD-2079,appceleratorstudio,5,1.791759469228055
TISTUD-2083,appceleratorstudio,8,2.1972245773362196
TISTUD-2084,appceleratorstudio,8,2.1972245773362196
TISTUD-2086,appceleratorstudio,8,2.1972245773362196
TISTUD-2088,appceleratorstudio,8,2.1972245773362196
TISTUD-2089,appceleratorstudio,5,1.791759469228055
TISTUD-2090,appceleratorstudio,13,2.6390573296152584
TISTUD-2091,appceleratorstudio,8,2.1972245773362196
TISTUD-2092,appceleratorstudio,8,2.1972245773362196
TISTUD-2093,appceleratorstudio,8,2.1972245773362196
TISTUD-2105,appceleratorstudio,5,1.791759469228055
TISTUD-2109,appceleratorstudio,5,1.791759469228055
TISTUD-2111,appceleratorstudio,2,1.0986122886681098
TISTUD-2112,appceleratorstudio,8,2.1972245773362196
TISTUD-2118,appceleratorstudio,5,1.791759469228055
TISTUD-2127,appceleratorstudio,3,1.3862943611198906
TISTUD-2133,appceleratorstudio,13,2.6390573296152584
TISTUD-2134,appceleratorstudio,13,2.6390573296152584
TISTUD-2136,appceleratorstudio,5,1.791759469228055
TISTUD-2138,appceleratorstudio,3,1.3862943611198906
TISTUD-2139,appceleratorstudio,8,2.1972245773362196
TISTUD-2140,appceleratorstudio,8,2.1972245773362196
TISTUD-2142,appceleratorstudio,5,1.791759469228055
TISTUD-2143,appceleratorstudio,8,2.1972245773362196
TISTUD-2150,appceleratorstudio,3,1.3862943611198906
TISTUD-2151,appceleratorstudio,5,1.791759469228055
TISTUD-2156,appceleratorstudio,8,2.1972245773362196
TISTUD-2157,appceleratorstudio,13,2.6390573296152584
TISTUD-2158,appceleratorstudio,2,1.0986122886681098
TISTUD-2159,appceleratorstudio,5,1.791759469228055
TISTUD-2160,appceleratorstudio,8,2.1972245773362196
TISTUD-2163,appceleratorstudio,5,1.791759469228055
TISTUD-2164,appceleratorstudio,13,2.6390573296152584
TISTUD-2165,appceleratorstudio,5,1.791759469228055
TISTUD-2166,appceleratorstudio,8,2.1972245773362196
TISTUD-2169,appceleratorstudio,5,1.791759469228055
TISTUD-2170,appceleratorstudio,13,2.6390573296152584
TISTUD-2172,appceleratorstudio,8,2.1972245773362196
TISTUD-2174,appceleratorstudio,5,1.791759469228055
TISTUD-2178,appceleratorstudio,8,2.1972245773362196
TISTUD-2180,appceleratorstudio,8,2.1972245773362196
TISTUD-2186,appceleratorstudio,5,1.791759469228055
TISTUD-2188,appceleratorstudio,5,1.791759469228055
TISTUD-2189,appceleratorstudio,5,1.791759469228055
TISTUD-2190,appceleratorstudio,5,1.791759469228055
TISTUD-2200,appceleratorstudio,3,1.3862943611198906
TISTUD-2201,appceleratorstudio,5,1.791759469228055
TISTUD-2210,appceleratorstudio,5,1.791759469228055
TISTUD-2211,appceleratorstudio,8,2.1972245773362196
TISTUD-2212,appceleratorstudio,8,2.1972245773362196
TISTUD-2213,appceleratorstudio,13,2.6390573296152584
TISTUD-2214,appceleratorstudio,3,1.3862943611198906
TISTUD-2216,appceleratorstudio,5,1.791759469228055
TISTUD-2217,appceleratorstudio,8,2.1972245773362196
TISTUD-2218,appceleratorstudio,13,2.6390573296152584
TISTUD-2221,appceleratorstudio,5,1.791759469228055
TISTUD-2224,appceleratorstudio,5,1.791759469228055
TISTUD-2225,appceleratorstudio,5,1.791759469228055
TISTUD-2226,appceleratorstudio,5,1.791759469228055
TISTUD-2228,appceleratorstudio,5,1.791759469228055
TISTUD-2231,appceleratorstudio,3,1.3862943611198906
TISTUD-2236,appceleratorstudio,5,1.791759469228055
TISTUD-2237,appceleratorstudio,5,1.791759469228055
TISTUD-2239,appceleratorstudio,5,1.791759469228055
TISTUD-2241,appceleratorstudio,8,2.1972245773362196
TISTUD-2243,appceleratorstudio,3,1.3862943611198906
TISTUD-2244,appceleratorstudio,5,1.791759469228055
TISTUD-2245,appceleratorstudio,5,1.791759469228055
TISTUD-2246,appceleratorstudio,8,2.1972245773362196
TISTUD-2251,appceleratorstudio,13,2.6390573296152584
TISTUD-2253,appceleratorstudio,8,2.1972245773362196
TISTUD-2255,appceleratorstudio,8,2.1972245773362196
TISTUD-2256,appceleratorstudio,13,2.6390573296152584
TISTUD-2263,appceleratorstudio,13,2.6390573296152584
TISTUD-2264,appceleratorstudio,8,2.1972245773362196
TISTUD-2265,appceleratorstudio,2,1.0986122886681098
TISTUD-2267,appceleratorstudio,8,2.1972245773362196
TISTUD-2268,appceleratorstudio,13,2.6390573296152584
TISTUD-2269,appceleratorstudio,3,1.3862943611198906
TISTUD-2275,appceleratorstudio,5,1.791759469228055
TISTUD-2276,appceleratorstudio,13,2.6390573296152584
TISTUD-2277,appceleratorstudio,5,1.791759469228055
TISTUD-2280,appceleratorstudio,13,2.6390573296152584
TISTUD-2285,appceleratorstudio,5,1.791759469228055
TISTUD-2286,appceleratorstudio,13,2.6390573296152584
TISTUD-2287,appceleratorstudio,5,1.791759469228055
TISTUD-2288,appceleratorstudio,5,1.791759469228055
TISTUD-2289,appceleratorstudio,5,1.791759469228055
TISTUD-2290,appceleratorstudio,13,2.6390573296152584
TISTUD-2291,appceleratorstudio,3,1.3862943611198906
TISTUD-2292,appceleratorstudio,8,2.1972245773362196
TISTUD-2295,appceleratorstudio,8,2.1972245773362196
TISTUD-2298,appceleratorstudio,13,2.6390573296152584
TISTUD-2300,appceleratorstudio,3,1.3862943611198906
TISTUD-2301,appceleratorstudio,8,2.1972245773362196
TISTUD-2307,appceleratorstudio,8,2.1972245773362196
TISTUD-2311,appceleratorstudio,5,1.791759469228055
TISTUD-2316,appceleratorstudio,8,2.1972245773362196
TISTUD-2318,appceleratorstudio,5,1.791759469228055
TISTUD-2321,appceleratorstudio,5,1.791759469228055
TISTUD-2322,appceleratorstudio,8,2.1972245773362196
TISTUD-2325,appceleratorstudio,5,1.791759469228055
TISTUD-2326,appceleratorstudio,3,1.3862943611198906
TISTUD-2327,appceleratorstudio,8,2.1972245773362196
TISTUD-2331,appceleratorstudio,13,2.6390573296152584
TISTUD-2333,appceleratorstudio,8,2.1972245773362196
TISTUD-2335,appceleratorstudio,8,2.1972245773362196
TISTUD-2340,appceleratorstudio,8,2.1972245773362196
TISTUD-2341,appceleratorstudio,5,1.791759469228055
TISTUD-2344,appceleratorstudio,3,1.3862943611198906
TISTUD-2345,appceleratorstudio,8,2.1972245773362196
TISTUD-2346,appceleratorstudio,3,1.3862943611198906
TISTUD-2347,appceleratorstudio,8,2.1972245773362196
TISTUD-2355,appceleratorstudio,8,2.1972245773362196
TISTUD-2356,appceleratorstudio,8,2.1972245773362196
TISTUD-2357,appceleratorstudio,5,1.791759469228055
TISTUD-2358,appceleratorstudio,5,1.791759469228055
TISTUD-2363,appceleratorstudio,8,2.1972245773362196
TISTUD-2364,appceleratorstudio,8,2.1972245773362196
TISTUD-2365,appceleratorstudio,8,2.1972245773362196
TISTUD-2368,appceleratorstudio,5,1.791759469228055
TISTUD-2370,appceleratorstudio,3,1.3862943611198906
TISTUD-2372,appceleratorstudio,5,1.791759469228055
TISTUD-2377,appceleratorstudio,1,0.6931471805599453
TISTUD-2380,appceleratorstudio,3,1.3862943611198906
TISTUD-2382,appceleratorstudio,5,1.791759469228055
TISTUD-2383,appceleratorstudio,8,2.1972245773362196
TISTUD-2384,appceleratorstudio,8,2.1972245773362196
TISTUD-2388,appceleratorstudio,8,2.1972245773362196
TISTUD-2393,appceleratorstudio,8,2.1972245773362196
TISTUD-2395,appceleratorstudio,3,1.3862943611198906
TISTUD-2396,appceleratorstudio,5,1.791759469228055
TISTUD-2399,appceleratorstudio,5,1.791759469228055
TISTUD-2400,appceleratorstudio,5,1.791759469228055
TISTUD-2402,appceleratorstudio,3,1.3862943611198906
TISTUD-2405,appceleratorstudio,5,1.791759469228055
TISTUD-2406,appceleratorstudio,5,1.791759469228055
TISTUD-2408,appceleratorstudio,1,0.6931471805599453
TISTUD-2409,appceleratorstudio,5,1.791759469228055
TISTUD-2410,appceleratorstudio,5,1.791759469228055
TISTUD-2419,appceleratorstudio,8,2.1972245773362196
TISTUD-2421,appceleratorstudio,3,1.3862943611198906
TISTUD-2422,appceleratorstudio,5,1.791759469228055
TISTUD-2423,appceleratorstudio,3,1.3862943611198906
TISTUD-2424,appceleratorstudio,5,1.791759469228055
TISTUD-2425,appceleratorstudio,5,1.791759469228055
TISTUD-2426,appceleratorstudio,3,1.3862943611198906
TISTUD-2427,appceleratorstudio,3,1.3862943611198906
TISTUD-2428,appceleratorstudio,3,1.3862943611198906
TISTUD-2430,appceleratorstudio,8,2.1972245773362196
TISTUD-2431,appceleratorstudio,13,2.6390573296152584
TISTUD-2435,appceleratorstudio,3,1.3862943611198906
TISTUD-2436,appceleratorstudio,5,1.791759469228055
TISTUD-2438,appceleratorstudio,5,1.791759469228055
TISTUD-2439,appceleratorstudio,5,1.791759469228055
TISTUD-2441,appceleratorstudio,5,1.791759469228055
TISTUD-2442,appceleratorstudio,2,1.0986122886681098
TISTUD-2443,appceleratorstudio,8,2.1972245773362196
TISTUD-2446,appceleratorstudio,3,1.3862943611198906
TISTUD-2447,appceleratorstudio,8,2.1972245773362196
TISTUD-2452,appceleratorstudio,5,1.791759469228055
TISTUD-2453,appceleratorstudio,8,2.1972245773362196
TISTUD-2454,appceleratorstudio,3,1.3862943611198906
TISTUD-2457,appceleratorstudio,5,1.791759469228055
TISTUD-2459,appceleratorstudio,5,1.791759469228055
TISTUD-2460,appceleratorstudio,3,1.3862943611198906
TISTUD-2465,appceleratorstudio,1,0.6931471805599453
TISTUD-2467,appceleratorstudio,8,2.1972245773362196
TISTUD-2472,appceleratorstudio,5,1.791759469228055
TISTUD-2475,appceleratorstudio,8,2.1972245773362196
TISTUD-2476,appceleratorstudio,5,1.791759469228055
TISTUD-2478,appceleratorstudio,8,2.1972245773362196
TISTUD-2485,appceleratorstudio,5,1.791759469228055
TISTUD-2487,appceleratorstudio,5,1.791759469228055
TISTUD-2490,appceleratorstudio,8,2.1972245773362196
TISTUD-2492,appceleratorstudio,2,1.0986122886681098
TISTUD-2494,appceleratorstudio,8,2.1972245773362196
TISTUD-2495,appceleratorstudio,3,1.3862943611198906
TISTUD-2496,appceleratorstudio,8,2.1972245773362196
TISTUD-2497,appceleratorstudio,5,1.791759469228055
TISTUD-2498,appceleratorstudio,5,1.791759469228055
TISTUD-2499,appceleratorstudio,5,1.791759469228055
TISTUD-2500,appceleratorstudio,3,1.3862943611198906
TISTUD-2504,appceleratorstudio,5,1.791759469228055
TISTUD-2507,appceleratorstudio,8,2.1972245773362196
TISTUD-2508,appceleratorstudio,5,1.791759469228055
TISTUD-2509,appceleratorstudio,5,1.791759469228055
TISTUD-2512,appceleratorstudio,8,2.1972245773362196
TISTUD-2513,appceleratorstudio,5,1.791759469228055
TISTUD-2514,appceleratorstudio,5,1.791759469228055
TISTUD-2515,appceleratorstudio,5,1.791759469228055
TISTUD-2518,appceleratorstudio,13,2.6390573296152584
TISTUD-2519,appceleratorstudio,13,2.6390573296152584
TISTUD-2522,appceleratorstudio,3,1.3862943611198906
TISTUD-2524,appceleratorstudio,8,2.1972245773362196
TISTUD-2527,appceleratorstudio,5,1.791759469228055
TISTUD-2531,appceleratorstudio,5,1.791759469228055
TISTUD-2535,appceleratorstudio,5,1.791759469228055
TISTUD-2537,appceleratorstudio,8,2.1972245773362196
TISTUD-2538,appceleratorstudio,5,1.791759469228055
TISTUD-2539,appceleratorstudio,3,1.3862943611198906
TISTUD-2540,appceleratorstudio,8,2.1972245773362196
TISTUD-2541,appceleratorstudio,5,1.791759469228055
TISTUD-2542,appceleratorstudio,5,1.791759469228055
TISTUD-2544,appceleratorstudio,8,2.1972245773362196
TISTUD-2545,appceleratorstudio,5,1.791759469228055
TISTUD-2546,appceleratorstudio,5,1.791759469228055
TISTUD-2549,appceleratorstudio,8,2.1972245773362196
TISTUD-2550,appceleratorstudio,8,2.1972245773362196
TISTUD-2553,appceleratorstudio,5,1.791759469228055
TISTUD-2559,appceleratorstudio,8,2.1972245773362196
TISTUD-2561,appceleratorstudio,8,2.1972245773362196
TISTUD-2562,appceleratorstudio,5,1.791759469228055
TISTUD-2563,appceleratorstudio,8,2.1972245773362196
TISTUD-2564,appceleratorstudio,8,2.1972245773362196
TISTUD-2565,appceleratorstudio,8,2.1972245773362196
TISTUD-2568,appceleratorstudio,8,2.1972245773362196
TISTUD-2569,appceleratorstudio,3,1.3862943611198906
TISTUD-2570,appceleratorstudio,8,2.1972245773362196
TISTUD-2573,appceleratorstudio,3,1.3862943611198906
TISTUD-2575,appceleratorstudio,5,1.791759469228055
TISTUD-2576,appceleratorstudio,13,2.6390573296152584
TISTUD-2577,appceleratorstudio,5,1.791759469228055
TISTUD-2578,appceleratorstudio,13,2.6390573296152584
TISTUD-2582,appceleratorstudio,5,1.791759469228055
TISTUD-2587,appceleratorstudio,13,2.6390573296152584
TISTUD-2590,appceleratorstudio,5,1.791759469228055
TISTUD-2591,appceleratorstudio,5,1.791759469228055
TISTUD-2592,appceleratorstudio,8,2.1972245773362196
TISTUD-2593,appceleratorstudio,3,1.3862943611198906
TISTUD-2594,appceleratorstudio,8,2.1972245773362196
TISTUD-2599,appceleratorstudio,8,2.1972245773362196
TISTUD-2600,appceleratorstudio,2,1.0986122886681098
TISTUD-2602,appceleratorstudio,2,1.0986122886681098
TISTUD-2603,appceleratorstudio,3,1.3862943611198906
TISTUD-2604,appceleratorstudio,5,1.791759469228055
TISTUD-2605,appceleratorstudio,8,2.1972245773362196
TISTUD-2606,appceleratorstudio,3,1.3862943611198906
TISTUD-2607,appceleratorstudio,5,1.791759469228055
TISTUD-2612,appceleratorstudio,5,1.791759469228055
TISTUD-2614,appceleratorstudio,3,1.3862943611198906
TISTUD-2615,appceleratorstudio,3,1.3862943611198906
TISTUD-2616,appceleratorstudio,8,2.1972245773362196
TISTUD-2620,appceleratorstudio,5,1.791759469228055
TISTUD-2621,appceleratorstudio,8,2.1972245773362196
TISTUD-2622,appceleratorstudio,5,1.791759469228055
TISTUD-2625,appceleratorstudio,5,1.791759469228055
TISTUD-2626,appceleratorstudio,8,2.1972245773362196
TISTUD-2629,appceleratorstudio,2,1.0986122886681098
TISTUD-2630,appceleratorstudio,5,1.791759469228055
TISTUD-2632,appceleratorstudio,8,2.1972245773362196
TISTUD-2633,appceleratorstudio,5,1.791759469228055
TISTUD-2634,appceleratorstudio,5,1.791759469228055
TISTUD-2636,appceleratorstudio,5,1.791759469228055
TISTUD-2643,appceleratorstudio,5,1.791759469228055
TISTUD-2644,appceleratorstudio,3,1.3862943611198906
TISTUD-2645,appceleratorstudio,5,1.791759469228055
TISTUD-2646,appceleratorstudio,20,3.044522437723423
TISTUD-2647,appceleratorstudio,8,2.1972245773362196
TISTUD-2650,appceleratorstudio,8,2.1972245773362196
TISTUD-2653,appceleratorstudio,3,1.3862943611198906
TISTUD-2654,appceleratorstudio,5,1.791759469228055
TISTUD-2666,appceleratorstudio,8,2.1972245773362196
TISTUD-2676,appceleratorstudio,2,1.0986122886681098
TISTUD-2677,appceleratorstudio,8,2.1972245773362196
TISTUD-2678,appceleratorstudio,8,2.1972245773362196
TISTUD-2679,appceleratorstudio,8,2.1972245773362196
TISTUD-2688,appceleratorstudio,8,2.1972245773362196
TISTUD-2689,appceleratorstudio,5,1.791759469228055
TISTUD-2694,appceleratorstudio,5,1.791759469228055
TISTUD-2695,appceleratorstudio,5,1.791759469228055
TISTUD-2696,appceleratorstudio,5,1.791759469228055
TISTUD-2698,appceleratorstudio,8,2.1972245773362196
TISTUD-2699,appceleratorstudio,8,2.1972245773362196
TISTUD-2713,appceleratorstudio,3,1.3862943611198906
TISTUD-2714,appceleratorstudio,8,2.1972245773362196
TISTUD-2715,appceleratorstudio,3,1.3862943611198906
TISTUD-2716,appceleratorstudio,8,2.1972245773362196
TISTUD-2717,appceleratorstudio,2,1.0986122886681098
TISTUD-2718,appceleratorstudio,5,1.791759469228055
TISTUD-2720,appceleratorstudio,5,1.791759469228055
TISTUD-2726,appceleratorstudio,5,1.791759469228055
TISTUD-2729,appceleratorstudio,3,1.3862943611198906
TISTUD-2730,appceleratorstudio,5,1.791759469228055
TISTUD-2733,appceleratorstudio,8,2.1972245773362196
TISTUD-2735,appceleratorstudio,5,1.791759469228055
TISTUD-2739,appceleratorstudio,3,1.3862943611198906
TISTUD-2741,appceleratorstudio,5,1.791759469228055
TISTUD-2743,appceleratorstudio,5,1.791759469228055
TISTUD-2744,appceleratorstudio,5,1.791759469228055
TISTUD-2746,appceleratorstudio,5,1.791759469228055
TISTUD-2748,appceleratorstudio,2,1.0986122886681098
TISTUD-2750,appceleratorstudio,5,1.791759469228055
TISTUD-2752,appceleratorstudio,2,1.0986122886681098
TISTUD-2754,appceleratorstudio,5,1.791759469228055
TISTUD-2755,appceleratorstudio,5,1.791759469228055
TISTUD-2757,appceleratorstudio,8,2.1972245773362196
TISTUD-2764,appceleratorstudio,1,0.6931471805599453
TISTUD-2766,appceleratorstudio,8,2.1972245773362196
TISTUD-2768,appceleratorstudio,3,1.3862943611198906
TISTUD-2770,appceleratorstudio,8,2.1972245773362196
TISTUD-2775,appceleratorstudio,20,3.044522437723423
TISTUD-2776,appceleratorstudio,8,2.1972245773362196
TISTUD-2777,appceleratorstudio,5,1.791759469228055
TISTUD-2778,appceleratorstudio,5,1.791759469228055
TISTUD-2780,appceleratorstudio,3,1.3862943611198906
TISTUD-2783,appceleratorstudio,13,2.6390573296152584
TISTUD-2784,appceleratorstudio,13,2.6390573296152584
TISTUD-2785,appceleratorstudio,8,2.1972245773362196
TISTUD-2789,appceleratorstudio,13,2.6390573296152584
TISTUD-2790,appceleratorstudio,13,2.6390573296152584
TISTUD-2791,appceleratorstudio,8,2.1972245773362196
TISTUD-2792,appceleratorstudio,8,2.1972245773362196
TISTUD-2793,appceleratorstudio,8,2.1972245773362196
TISTUD-2796,appceleratorstudio,8,2.1972245773362196
TISTUD-2797,appceleratorstudio,8,2.1972245773362196
TISTUD-2798,appceleratorstudio,8,2.1972245773362196
TISTUD-2799,appceleratorstudio,8,2.1972245773362196
TISTUD-2806,appceleratorstudio,5,1.791759469228055
TISTUD-2813,appceleratorstudio,2,1.0986122886681098
TISTUD-2827,appceleratorstudio,5,1.791759469228055
TISTUD-2829,appceleratorstudio,2,1.0986122886681098
TISTUD-2831,appceleratorstudio,8,2.1972245773362196
TISTUD-2832,appceleratorstudio,5,1.791759469228055
TISTUD-2837,appceleratorstudio,5,1.791759469228055
TISTUD-2842,appceleratorstudio,5,1.791759469228055
TISTUD-2843,appceleratorstudio,13,2.6390573296152584
TISTUD-2844,appceleratorstudio,5,1.791759469228055
TISTUD-2847,appceleratorstudio,5,1.791759469228055
TISTUD-2850,appceleratorstudio,3,1.3862943611198906
TISTUD-2852,appceleratorstudio,5,1.791759469228055
TISTUD-2853,appceleratorstudio,5,1.791759469228055
TISTUD-2855,appceleratorstudio,5,1.791759469228055
TISTUD-2859,appceleratorstudio,3,1.3862943611198906
TISTUD-2860,appceleratorstudio,2,1.0986122886681098
TISTUD-2861,appceleratorstudio,3,1.3862943611198906
TISTUD-2863,appceleratorstudio,3,1.3862943611198906
TISTUD-2865,appceleratorstudio,5,1.791759469228055
TISTUD-2866,appceleratorstudio,8,2.1972245773362196
TISTUD-2871,appceleratorstudio,13,2.6390573296152584
TISTUD-2872,appceleratorstudio,3,1.3862943611198906
TISTUD-2880,appceleratorstudio,8,2.1972245773362196
TISTUD-2881,appceleratorstudio,5,1.791759469228055
TISTUD-2882,appceleratorstudio,5,1.791759469228055
TISTUD-2884,appceleratorstudio,5,1.791759469228055
TISTUD-2885,appceleratorstudio,5,1.791759469228055
TISTUD-2886,appceleratorstudio,3,1.3862943611198906
TISTUD-2889,appceleratorstudio,5,1.791759469228055
TISTUD-2890,appceleratorstudio,8,2.1972245773362196
TISTUD-2892,appceleratorstudio,8,2.1972245773362196
TISTUD-2896,appceleratorstudio,3,1.3862943611198906
TISTUD-2898,appceleratorstudio,5,1.791759469228055
TISTUD-2899,appceleratorstudio,5,1.791759469228055
TISTUD-2900,appceleratorstudio,5,1.791759469228055
TISTUD-2901,appceleratorstudio,5,1.791759469228055
TISTUD-2902,appceleratorstudio,8,2.1972245773362196
TISTUD-2903,appceleratorstudio,5,1.791759469228055
TISTUD-2905,appceleratorstudio,3,1.3862943611198906
TISTUD-2909,appceleratorstudio,5,1.791759469228055
TISTUD-2910,appceleratorstudio,5,1.791759469228055
TISTUD-2912,appceleratorstudio,2,1.0986122886681098
TISTUD-2913,appceleratorstudio,8,2.1972245773362196
TISTUD-2914,appceleratorstudio,13,2.6390573296152584
TISTUD-2917,appceleratorstudio,13,2.6390573296152584
TISTUD-2919,appceleratorstudio,5,1.791759469228055
TISTUD-2920,appceleratorstudio,5,1.791759469228055
TISTUD-2922,appceleratorstudio,5,1.791759469228055
TISTUD-2924,appceleratorstudio,3,1.3862943611198906
TISTUD-2925,appceleratorstudio,5,1.791759469228055
TISTUD-2926,appceleratorstudio,8,2.1972245773362196
TISTUD-2929,appceleratorstudio,5,1.791759469228055
TISTUD-2930,appceleratorstudio,3,1.3862943611198906
TISTUD-2933,appceleratorstudio,3,1.3862943611198906
TISTUD-2934,appceleratorstudio,3,1.3862943611198906
TISTUD-2936,appceleratorstudio,5,1.791759469228055
TISTUD-2940,appceleratorstudio,8,2.1972245773362196
TISTUD-2941,appceleratorstudio,5,1.791759469228055
TISTUD-2942,appceleratorstudio,5,1.791759469228055
TISTUD-2944,appceleratorstudio,5,1.791759469228055
TISTUD-2945,appceleratorstudio,8,2.1972245773362196
TISTUD-2947,appceleratorstudio,5,1.791759469228055
TISTUD-2948,appceleratorstudio,8,2.1972245773362196
TISTUD-2949,appceleratorstudio,13,2.6390573296152584
TISTUD-2950,appceleratorstudio,8,2.1972245773362196
TISTUD-2953,appceleratorstudio,8,2.1972245773362196
TISTUD-2955,appceleratorstudio,5,1.791759469228055
TISTUD-2958,appceleratorstudio,5,1.791759469228055
TISTUD-2960,appceleratorstudio,5,1.791759469228055
TISTUD-2965,appceleratorstudio,3,1.3862943611198906
TISTUD-2966,appceleratorstudio,3,1.3862943611198906
TISTUD-2967,appceleratorstudio,8,2.1972245773362196
TISTUD-2969,appceleratorstudio,5,1.791759469228055
TISTUD-2970,appceleratorstudio,5,1.791759469228055
TISTUD-2971,appceleratorstudio,5,1.791759469228055
TISTUD-2972,appceleratorstudio,3,1.3862943611198906
TISTUD-2973,appceleratorstudio,8,2.1972245773362196
TISTUD-2976,appceleratorstudio,5,1.791759469228055
TISTUD-2977,appceleratorstudio,8,2.1972245773362196
TISTUD-2978,appceleratorstudio,8,2.1972245773362196
TISTUD-2979,appceleratorstudio,2,1.0986122886681098
TISTUD-2981,appceleratorstudio,5,1.791759469228055
TISTUD-2984,appceleratorstudio,5,1.791759469228055
TISTUD-2985,appceleratorstudio,3,1.3862943611198906
TISTUD-2988,appceleratorstudio,5,1.791759469228055
TISTUD-2990,appceleratorstudio,3,1.3862943611198906
TISTUD-2997,appceleratorstudio,5,1.791759469228055
TISTUD-2999,appceleratorstudio,5,1.791759469228055
TISTUD-3000,appceleratorstudio,5,1.791759469228055
TISTUD-3002,appceleratorstudio,1,0.6931471805599453
TISTUD-3003,appceleratorstudio,8,2.1972245773362196
TISTUD-3004,appceleratorstudio,5,1.791759469228055
TISTUD-3006,appceleratorstudio,3,1.3862943611198906
TISTUD-3010,appceleratorstudio,3,1.3862943611198906
TISTUD-3012,appceleratorstudio,5,1.791759469228055
TISTUD-3013,appceleratorstudio,3,1.3862943611198906
TISTUD-3015,appceleratorstudio,8,2.1972245773362196
TISTUD-3016,appceleratorstudio,5,1.791759469228055
TISTUD-3020,appceleratorstudio,5,1.791759469228055
TISTUD-3021,appceleratorstudio,5,1.791759469228055
TISTUD-3022,appceleratorstudio,8,2.1972245773362196
TISTUD-3024,appceleratorstudio,3,1.3862943611198906
TISTUD-3025,appceleratorstudio,5,1.791759469228055
TISTUD-3026,appceleratorstudio,3,1.3862943611198906
TISTUD-3028,appceleratorstudio,5,1.791759469228055
TISTUD-3029,appceleratorstudio,8,2.1972245773362196
TISTUD-3033,appceleratorstudio,3,1.3862943611198906
TISTUD-3035,appceleratorstudio,3,1.3862943611198906
TISTUD-3036,appceleratorstudio,20,3.044522437723423
TISTUD-3037,appceleratorstudio,8,2.1972245773362196
TISTUD-3039,appceleratorstudio,5,1.791759469228055
TISTUD-3044,appceleratorstudio,2,1.0986122886681098
TISTUD-3045,appceleratorstudio,8,2.1972245773362196
TISTUD-3050,appceleratorstudio,8,2.1972245773362196
TISTUD-3051,appceleratorstudio,8,2.1972245773362196
TISTUD-3053,appceleratorstudio,13,2.6390573296152584
TISTUD-3054,appceleratorstudio,8,2.1972245773362196
TISTUD-3055,appceleratorstudio,8,2.1972245773362196
TISTUD-3056,appceleratorstudio,8,2.1972245773362196
TISTUD-3062,appceleratorstudio,3,1.3862943611198906
TISTUD-3063,appceleratorstudio,8,2.1972245773362196
TISTUD-3064,appceleratorstudio,8,2.1972245773362196
TISTUD-3066,appceleratorstudio,5,1.791759469228055
TISTUD-3067,appceleratorstudio,8,2.1972245773362196
TISTUD-3070,appceleratorstudio,5,1.791759469228055
TISTUD-3071,appceleratorstudio,13,2.6390573296152584
TISTUD-3072,appceleratorstudio,8,2.1972245773362196
TISTUD-3074,appceleratorstudio,2,1.0986122886681098
TISTUD-3075,appceleratorstudio,8,2.1972245773362196
TISTUD-3078,appceleratorstudio,5,1.791759469228055
TISTUD-3080,appceleratorstudio,2,1.0986122886681098
TISTUD-3084,appceleratorstudio,5,1.791759469228055
TISTUD-3085,appceleratorstudio,5,1.791759469228055
TISTUD-3086,appceleratorstudio,5,1.791759469228055
TISTUD-3087,appceleratorstudio,8,2.1972245773362196
TISTUD-3088,appceleratorstudio,5,1.791759469228055
TISTUD-3089,appceleratorstudio,5,1.791759469228055
TISTUD-3090,appceleratorstudio,5,1.791759469228055
TISTUD-3092,appceleratorstudio,3,1.3862943611198906
TISTUD-3094,appceleratorstudio,8,2.1972245773362196
TISTUD-3095,appceleratorstudio,8,2.1972245773362196
TISTUD-3097,appceleratorstudio,5,1.791759469228055
TISTUD-3099,appceleratorstudio,5,1.791759469228055
TISTUD-3105,appceleratorstudio,8,2.1972245773362196
TISTUD-3106,appceleratorstudio,8,2.1972245773362196
TISTUD-3107,appceleratorstudio,13,2.6390573296152584
TISTUD-3108,appceleratorstudio,5,1.791759469228055
TISTUD-3109,appceleratorstudio,3,1.3862943611198906
TISTUD-3115,appceleratorstudio,8,2.1972245773362196
TISTUD-3117,appceleratorstudio,5,1.791759469228055
TISTUD-3118,appceleratorstudio,5,1.791759469228055
TISTUD-3119,appceleratorstudio,8,2.1972245773362196
TISTUD-3120,appceleratorstudio,5,1.791759469228055
TISTUD-3121,appceleratorstudio,8,2.1972245773362196
TISTUD-3126,appceleratorstudio,8,2.1972245773362196
TISTUD-3128,appceleratorstudio,3,1.3862943611198906
TISTUD-3132,appceleratorstudio,8,2.1972245773362196
TISTUD-3133,appceleratorstudio,5,1.791759469228055
TISTUD-3134,appceleratorstudio,5,1.791759469228055
TISTUD-3137,appceleratorstudio,5,1.791759469228055
TISTUD-3139,appceleratorstudio,5,1.791759469228055
TISTUD-3140,appceleratorstudio,5,1.791759469228055
TISTUD-3141,appceleratorstudio,13,2.6390573296152584
TISTUD-3142,appceleratorstudio,5,1.791759469228055
TISTUD-3146,appceleratorstudio,8,2.1972245773362196
TISTUD-3147,appceleratorstudio,5,1.791759469228055
TISTUD-3148,appceleratorstudio,5,1.791759469228055
TISTUD-3149,appceleratorstudio,5,1.791759469228055
TISTUD-3150,appceleratorstudio,5,1.791759469228055
TISTUD-3153,appceleratorstudio,8,2.1972245773362196
TISTUD-3155,appceleratorstudio,8,2.1972245773362196
TISTUD-3160,appceleratorstudio,3,1.3862943611198906
TISTUD-3161,appceleratorstudio,13,2.6390573296152584
TISTUD-3162,appceleratorstudio,3,1.3862943611198906
TISTUD-3164,appceleratorstudio,1,0.6931471805599453
TISTUD-3165,appceleratorstudio,5,1.791759469228055
TISTUD-3166,appceleratorstudio,3,1.3862943611198906
TISTUD-3167,appceleratorstudio,8,2.1972245773362196
TISTUD-3169,appceleratorstudio,8,2.1972245773362196
TISTUD-3170,appceleratorstudio,5,1.791759469228055
TISTUD-3172,appceleratorstudio,5,1.791759469228055
TISTUD-3173,appceleratorstudio,8,2.1972245773362196
TISTUD-3187,appceleratorstudio,5,1.791759469228055
TISTUD-3189,appceleratorstudio,8,2.1972245773362196
TISTUD-3193,appceleratorstudio,2,1.0986122886681098
TISTUD-3220,appceleratorstudio,8,2.1972245773362196
TISTUD-3245,appceleratorstudio,8,2.1972245773362196
TISTUD-3246,appceleratorstudio,8,2.1972245773362196
TISTUD-3247,appceleratorstudio,8,2.1972245773362196
TISTUD-3248,appceleratorstudio,8,2.1972245773362196
TISTUD-3249,appceleratorstudio,5,1.791759469228055
TISTUD-3251,appceleratorstudio,5,1.791759469228055
TISTUD-3254,appceleratorstudio,8,2.1972245773362196
TISTUD-3255,appceleratorstudio,5,1.791759469228055
TISTUD-3256,appceleratorstudio,13,2.6390573296152584
TISTUD-3257,appceleratorstudio,5,1.791759469228055
TISTUD-3258,appceleratorstudio,5,1.791759469228055
TISTUD-3259,appceleratorstudio,8,2.1972245773362196
TISTUD-3260,appceleratorstudio,8,2.1972245773362196
TISTUD-3261,appceleratorstudio,8,2.1972245773362196
TISTUD-3262,appceleratorstudio,8,2.1972245773362196
TISTUD-3263,appceleratorstudio,5,1.791759469228055
TISTUD-3264,appceleratorstudio,5,1.791759469228055
TISTUD-3265,appceleratorstudio,8,2.1972245773362196
TISTUD-3272,appceleratorstudio,8,2.1972245773362196
TISTUD-3279,appceleratorstudio,5,1.791759469228055
TISTUD-3281,appceleratorstudio,5,1.791759469228055
TISTUD-3283,appceleratorstudio,5,1.791759469228055
TISTUD-3285,appceleratorstudio,8,2.1972245773362196
TISTUD-3286,appceleratorstudio,5,1.791759469228055
TISTUD-3288,appceleratorstudio,5,1.791759469228055
TISTUD-3291,appceleratorstudio,8,2.1972245773362196
TISTUD-3292,appceleratorstudio,8,2.1972245773362196
TISTUD-3310,appceleratorstudio,3,1.3862943611198906
TISTUD-3315,appceleratorstudio,13,2.6390573296152584
TISTUD-3321,appceleratorstudio,5,1.791759469228055
TISTUD-3323,appceleratorstudio,3,1.3862943611198906
TISTUD-3332,appceleratorstudio,8,2.1972245773362196
TISTUD-3333,appceleratorstudio,13,2.6390573296152584
TISTUD-3334,appceleratorstudio,8,2.1972245773362196
TISTUD-3335,appceleratorstudio,3,1.3862943611198906
TISTUD-3345,appceleratorstudio,5,1.791759469228055
TISTUD-3351,appceleratorstudio,8,2.1972245773362196
TISTUD-3357,appceleratorstudio,5,1.791759469228055
TISTUD-3358,appceleratorstudio,5,1.791759469228055
TISTUD-3359,appceleratorstudio,5,1.791759469228055
TISTUD-3372,appceleratorstudio,5,1.791759469228055
TISTUD-3374,appceleratorstudio,5,1.791759469228055
TISTUD-3377,appceleratorstudio,5,1.791759469228055
TISTUD-3379,appceleratorstudio,5,1.791759469228055
TISTUD-3380,appceleratorstudio,8,2.1972245773362196
TISTUD-3381,appceleratorstudio,8,2.1972245773362196
TISTUD-3382,appceleratorstudio,5,1.791759469228055
TISTUD-3383,appceleratorstudio,5,1.791759469228055
TISTUD-3386,appceleratorstudio,3,1.3862943611198906
TISTUD-3393,appceleratorstudio,8,2.1972245773362196
TISTUD-3396,appceleratorstudio,5,1.791759469228055
TISTUD-3397,appceleratorstudio,8,2.1972245773362196
TISTUD-3398,appceleratorstudio,8,2.1972245773362196
TISTUD-3401,appceleratorstudio,8,2.1972245773362196
TISTUD-3404,appceleratorstudio,13,2.6390573296152584
TISTUD-3405,appceleratorstudio,8,2.1972245773362196
TISTUD-3410,appceleratorstudio,5,1.791759469228055
TISTUD-3411,appceleratorstudio,5,1.791759469228055
TISTUD-3412,appceleratorstudio,5,1.791759469228055
TISTUD-3413,appceleratorstudio,5,1.791759469228055
TISTUD-3414,appceleratorstudio,8,2.1972245773362196
TISTUD-3421,appceleratorstudio,5,1.791759469228055
TISTUD-3422,appceleratorstudio,8,2.1972245773362196
TISTUD-3423,appceleratorstudio,2,1.0986122886681098
TISTUD-3432,appceleratorstudio,8,2.1972245773362196
TISTUD-3433,appceleratorstudio,8,2.1972245773362196
TISTUD-3434,appceleratorstudio,8,2.1972245773362196
TISTUD-3436,appceleratorstudio,8,2.1972245773362196
TISTUD-3437,appceleratorstudio,8,2.1972245773362196
TISTUD-3439,appceleratorstudio,3,1.3862943611198906
TISTUD-3441,appceleratorstudio,5,1.791759469228055
TISTUD-3443,appceleratorstudio,3,1.3862943611198906
TISTUD-3447,appceleratorstudio,3,1.3862943611198906
TISTUD-3454,appceleratorstudio,3,1.3862943611198906
TISTUD-3456,appceleratorstudio,5,1.791759469228055
TISTUD-3468,appceleratorstudio,5,1.791759469228055
TISTUD-3474,appceleratorstudio,8,2.1972245773362196
TISTUD-3476,appceleratorstudio,8,2.1972245773362196
TISTUD-3480,appceleratorstudio,8,2.1972245773362196
TISTUD-3484,appceleratorstudio,5,1.791759469228055
TISTUD-3485,appceleratorstudio,8,2.1972245773362196
TISTUD-3486,appceleratorstudio,13,2.6390573296152584
TISTUD-3487,appceleratorstudio,5,1.791759469228055
TISTUD-3488,appceleratorstudio,5,1.791759469228055
TISTUD-3490,appceleratorstudio,8,2.1972245773362196
TISTUD-3493,appceleratorstudio,8,2.1972245773362196
TISTUD-3496,appceleratorstudio,5,1.791759469228055
TISTUD-3501,appceleratorstudio,3,1.3862943611198906
TISTUD-3504,appceleratorstudio,3,1.3862943611198906
TISTUD-3505,appceleratorstudio,5,1.791759469228055
TISTUD-3509,appceleratorstudio,5,1.791759469228055
TISTUD-3511,appceleratorstudio,5,1.791759469228055
TISTUD-3512,appceleratorstudio,2,1.0986122886681098
TISTUD-3513,appceleratorstudio,8,2.1972245773362196
TISTUD-3514,appceleratorstudio,13,2.6390573296152584
TISTUD-3517,appceleratorstudio,5,1.791759469228055
TISTUD-3521,appceleratorstudio,8,2.1972245773362196
TISTUD-3532,appceleratorstudio,8,2.1972245773362196
TISTUD-3533,appceleratorstudio,5,1.791759469228055
TISTUD-3534,appceleratorstudio,3,1.3862943611198906
TISTUD-3537,appceleratorstudio,13,2.6390573296152584
TISTUD-3538,appceleratorstudio,8,2.1972245773362196
TISTUD-3539,appceleratorstudio,8,2.1972245773362196
TISTUD-3542,appceleratorstudio,5,1.791759469228055
TISTUD-3547,appceleratorstudio,5,1.791759469228055
TISTUD-3555,appceleratorstudio,8,2.1972245773362196
TISTUD-3556,appceleratorstudio,3,1.3862943611198906
TISTUD-3557,appceleratorstudio,3,1.3862943611198906
TISTUD-3576,appceleratorstudio,3,1.3862943611198906
TISTUD-3584,appceleratorstudio,3,1.3862943611198906
TISTUD-3592,appceleratorstudio,5,1.791759469228055
TISTUD-3597,appceleratorstudio,8,2.1972245773362196
TISTUD-3600,appceleratorstudio,5,1.791759469228055
TISTUD-3601,appceleratorstudio,8,2.1972245773362196
TISTUD-3624,appceleratorstudio,8,2.1972245773362196
TISTUD-3625,appceleratorstudio,5,1.791759469228055
TISTUD-3626,appceleratorstudio,8,2.1972245773362196
TISTUD-3627,appceleratorstudio,5,1.791759469228055
TISTUD-3629,appceleratorstudio,3,1.3862943611198906
TISTUD-3630,appceleratorstudio,8,2.1972245773362196
TISTUD-3631,appceleratorstudio,8,2.1972245773362196
TISTUD-3632,appceleratorstudio,8,2.1972245773362196
TISTUD-3633,appceleratorstudio,8,2.1972245773362196
TISTUD-3634,appceleratorstudio,8,2.1972245773362196
TISTUD-3635,appceleratorstudio,8,2.1972245773362196
TISTUD-3641,appceleratorstudio,5,1.791759469228055
TISTUD-3642,appceleratorstudio,5,1.791759469228055
TISTUD-3648,appceleratorstudio,8,2.1972245773362196
TISTUD-3669,appceleratorstudio,8,2.1972245773362196
TISTUD-3695,appceleratorstudio,1,0.6931471805599453
TISTUD-3696,appceleratorstudio,8,2.1972245773362196
TISTUD-3697,appceleratorstudio,3,1.3862943611198906
TISTUD-3710,appceleratorstudio,8,2.1972245773362196
TISTUD-3716,appceleratorstudio,8,2.1972245773362196
TISTUD-3729,appceleratorstudio,2,1.0986122886681098
TISTUD-3730,appceleratorstudio,3,1.3862943611198906
TISTUD-3731,appceleratorstudio,8,2.1972245773362196
TISTUD-3737,appceleratorstudio,2,1.0986122886681098
TISTUD-3740,appceleratorstudio,13,2.6390573296152584
TISTUD-3741,appceleratorstudio,13,2.6390573296152584
TISTUD-3753,appceleratorstudio,5,1.791759469228055
TISTUD-3755,appceleratorstudio,8,2.1972245773362196
TISTUD-3758,appceleratorstudio,13,2.6390573296152584
TISTUD-3760,appceleratorstudio,3,1.3862943611198906
TISTUD-3769,appceleratorstudio,5,1.791759469228055
TISTUD-3770,appceleratorstudio,5,1.791759469228055
TISTUD-3776,appceleratorstudio,5,1.791759469228055
TISTUD-3778,appceleratorstudio,3,1.3862943611198906
TISTUD-3780,appceleratorstudio,8,2.1972245773362196
TISTUD-3782,appceleratorstudio,2,1.0986122886681098
TISTUD-3788,appceleratorstudio,8,2.1972245773362196
TISTUD-3804,appceleratorstudio,8,2.1972245773362196
TISTUD-3805,appceleratorstudio,5,1.791759469228055
TISTUD-3806,appceleratorstudio,3,1.3862943611198906
TISTUD-3808,appceleratorstudio,5,1.791759469228055
TISTUD-3814,appceleratorstudio,8,2.1972245773362196
TISTUD-3820,appceleratorstudio,5,1.791759469228055
TISTUD-3835,appceleratorstudio,5,1.791759469228055
TISTUD-3837,appceleratorstudio,8,2.1972245773362196
TISTUD-3838,appceleratorstudio,5,1.791759469228055
TISTUD-3842,appceleratorstudio,3,1.3862943611198906
TISTUD-3861,appceleratorstudio,8,2.1972245773362196
TISTUD-3863,appceleratorstudio,8,2.1972245773362196
TISTUD-3875,appceleratorstudio,8,2.1972245773362196
TISTUD-3880,appceleratorstudio,5,1.791759469228055
TISTUD-3881,appceleratorstudio,8,2.1972245773362196
TISTUD-3889,appceleratorstudio,3,1.3862943611198906
TISTUD-3893,appceleratorstudio,5,1.791759469228055
TISTUD-3895,appceleratorstudio,5,1.791759469228055
TISTUD-3901,appceleratorstudio,5,1.791759469228055
TISTUD-3910,appceleratorstudio,8,2.1972245773362196
TISTUD-3918,appceleratorstudio,8,2.1972245773362196
TISTUD-3926,appceleratorstudio,2,1.0986122886681098
TISTUD-3931,appceleratorstudio,8,2.1972245773362196
TISTUD-3942,appceleratorstudio,5,1.791759469228055
TISTUD-3949,appceleratorstudio,3,1.3862943611198906
TISTUD-3953,appceleratorstudio,3,1.3862943611198906
TISTUD-3954,appceleratorstudio,3,1.3862943611198906
TISTUD-3958,appceleratorstudio,3,1.3862943611198906
TISTUD-3962,appceleratorstudio,1,0.6931471805599453
TISTUD-3963,appceleratorstudio,2,1.0986122886681098
TISTUD-3964,appceleratorstudio,5,1.791759469228055
TISTUD-3967,appceleratorstudio,5,1.791759469228055
TISTUD-3970,appceleratorstudio,3,1.3862943611198906
TISTUD-3971,appceleratorstudio,3,1.3862943611198906
TISTUD-3972,appceleratorstudio,3,1.3862943611198906
TISTUD-3975,appceleratorstudio,3,1.3862943611198906
TISTUD-3977,appceleratorstudio,3,1.3862943611198906
TISTUD-3980,appceleratorstudio,2,1.0986122886681098
TISTUD-3981,appceleratorstudio,8,2.1972245773362196
TISTUD-3983,appceleratorstudio,3,1.3862943611198906
TISTUD-3984,appceleratorstudio,8,2.1972245773362196
TISTUD-3986,appceleratorstudio,5,1.791759469228055
TISTUD-3989,appceleratorstudio,5,1.791759469228055
TISTUD-3991,appceleratorstudio,3,1.3862943611198906
TISTUD-3993,appceleratorstudio,5,1.791759469228055
TISTUD-3996,appceleratorstudio,5,1.791759469228055
TISTUD-4002,appceleratorstudio,5,1.791759469228055
TISTUD-4003,appceleratorstudio,5,1.791759469228055
TISTUD-4008,appceleratorstudio,5,1.791759469228055
TISTUD-4011,appceleratorstudio,3,1.3862943611198906
TISTUD-4012,appceleratorstudio,8,2.1972245773362196
TISTUD-4013,appceleratorstudio,5,1.791759469228055
TISTUD-4014,appceleratorstudio,5,1.791759469228055
TISTUD-4018,appceleratorstudio,8,2.1972245773362196
TISTUD-4019,appceleratorstudio,5,1.791759469228055
TISTUD-4021,appceleratorstudio,5,1.791759469228055
TISTUD-4022,appceleratorstudio,3,1.3862943611198906
TISTUD-4023,appceleratorstudio,5,1.791759469228055
TISTUD-4025,appceleratorstudio,5,1.791759469228055
TISTUD-4026,appceleratorstudio,3,1.3862943611198906
TISTUD-4031,appceleratorstudio,2,1.0986122886681098
TISTUD-4034,appceleratorstudio,5,1.791759469228055
TISTUD-4035,appceleratorstudio,8,2.1972245773362196
TISTUD-4051,appceleratorstudio,5,1.791759469228055
TISTUD-4055,appceleratorstudio,3,1.3862943611198906
TISTUD-4066,appceleratorstudio,5,1.791759469228055
TISTUD-4073,appceleratorstudio,5,1.791759469228055
TISTUD-4074,appceleratorstudio,8,2.1972245773362196
TISTUD-4077,appceleratorstudio,3,1.3862943611198906
TISTUD-4079,appceleratorstudio,5,1.791759469228055
TISTUD-4084,appceleratorstudio,3,1.3862943611198906
TISTUD-4087,appceleratorstudio,5,1.791759469228055
TISTUD-4088,appceleratorstudio,3,1.3862943611198906
TISTUD-4095,appceleratorstudio,8,2.1972245773362196
TISTUD-4099,appceleratorstudio,5,1.791759469228055
TISTUD-4101,appceleratorstudio,8,2.1972245773362196
TISTUD-4105,appceleratorstudio,8,2.1972245773362196
TISTUD-4108,appceleratorstudio,5,1.791759469228055
TISTUD-4112,appceleratorstudio,5,1.791759469228055
TISTUD-4119,appceleratorstudio,8,2.1972245773362196
TISTUD-4122,appceleratorstudio,3,1.3862943611198906
TISTUD-4133,appceleratorstudio,3,1.3862943611198906
TISTUD-4135,appceleratorstudio,5,1.791759469228055
TISTUD-4136,appceleratorstudio,8,2.1972245773362196
TISTUD-4137,appceleratorstudio,8,2.1972245773362196
TISTUD-4140,appceleratorstudio,8,2.1972245773362196
TISTUD-4151,appceleratorstudio,8,2.1972245773362196
TISTUD-4152,appceleratorstudio,3,1.3862943611198906
TISTUD-4153,appceleratorstudio,8,2.1972245773362196
TISTUD-4154,appceleratorstudio,5,1.791759469228055
TISTUD-4155,appceleratorstudio,3,1.3862943611198906
TISTUD-4157,appceleratorstudio,8,2.1972245773362196
TISTUD-4158,appceleratorstudio,8,2.1972245773362196
TISTUD-4159,appceleratorstudio,8,2.1972245773362196
TISTUD-4162,appceleratorstudio,8,2.1972245773362196
TISTUD-4163,appceleratorstudio,3,1.3862943611198906
TISTUD-4164,appceleratorstudio,8,2.1972245773362196
TISTUD-4165,appceleratorstudio,5,1.791759469228055
TISTUD-4166,appceleratorstudio,3,1.3862943611198906
TISTUD-4167,appceleratorstudio,8,2.1972245773362196
TISTUD-4168,appceleratorstudio,8,2.1972245773362196
TISTUD-4173,appceleratorstudio,8,2.1972245773362196
TISTUD-4183,appceleratorstudio,8,2.1972245773362196
TISTUD-4191,appceleratorstudio,3,1.3862943611198906
TISTUD-4198,appceleratorstudio,8,2.1972245773362196
TISTUD-4199,appceleratorstudio,5,1.791759469228055
TISTUD-4200,appceleratorstudio,5,1.791759469228055
TISTUD-4201,appceleratorstudio,5,1.791759469228055
TISTUD-4202,appceleratorstudio,5,1.791759469228055
TISTUD-4203,appceleratorstudio,5,1.791759469228055
TISTUD-4208,appceleratorstudio,3,1.3862943611198906
TISTUD-4209,appceleratorstudio,3,1.3862943611198906
TISTUD-4212,appceleratorstudio,5,1.791759469228055
TISTUD-4214,appceleratorstudio,8,2.1972245773362196
TISTUD-4215,appceleratorstudio,5,1.791759469228055
TISTUD-4217,appceleratorstudio,8,2.1972245773362196
TISTUD-4233,appceleratorstudio,5,1.791759469228055
TISTUD-4237,appceleratorstudio,3,1.3862943611198906
TISTUD-4239,appceleratorstudio,3,1.3862943611198906
TISTUD-4244,appceleratorstudio,5,1.791759469228055
TISTUD-4247,appceleratorstudio,5,1.791759469228055
TISTUD-4251,appceleratorstudio,2,1.0986122886681098
TISTUD-4256,appceleratorstudio,5,1.791759469228055
TISTUD-4264,appceleratorstudio,5,1.791759469228055
TISTUD-4267,appceleratorstudio,8,2.1972245773362196
TISTUD-4275,appceleratorstudio,5,1.791759469228055
TISTUD-4278,appceleratorstudio,8,2.1972245773362196
TISTUD-4280,appceleratorstudio,3,1.3862943611198906
TISTUD-4287,appceleratorstudio,3,1.3862943611198906
TISTUD-4291,appceleratorstudio,8,2.1972245773362196
TISTUD-4292,appceleratorstudio,8,2.1972245773362196
TISTUD-4293,appceleratorstudio,5,1.791759469228055
TISTUD-4295,appceleratorstudio,5,1.791759469228055
TISTUD-4298,appceleratorstudio,5,1.791759469228055
TISTUD-4299,appceleratorstudio,8,2.1972245773362196
TISTUD-4308,appceleratorstudio,5,1.791759469228055
TISTUD-4310,appceleratorstudio,3,1.3862943611198906
TISTUD-4311,appceleratorstudio,5,1.791759469228055
TISTUD-4312,appceleratorstudio,5,1.791759469228055
TISTUD-4314,appceleratorstudio,5,1.791759469228055
TISTUD-4318,appceleratorstudio,8,2.1972245773362196
TISTUD-4321,appceleratorstudio,5,1.791759469228055
TISTUD-4323,appceleratorstudio,5,1.791759469228055
TISTUD-4325,appceleratorstudio,5,1.791759469228055
TISTUD-4333,appceleratorstudio,5,1.791759469228055
TISTUD-4335,appceleratorstudio,8,2.1972245773362196
TISTUD-4336,appceleratorstudio,8,2.1972245773362196
TISTUD-4337,appceleratorstudio,5,1.791759469228055
TISTUD-4343,appceleratorstudio,5,1.791759469228055
TISTUD-4356,appceleratorstudio,3,1.3862943611198906
TISTUD-4357,appceleratorstudio,3,1.3862943611198906
TISTUD-4359,appceleratorstudio,3,1.3862943611198906
TISTUD-4360,appceleratorstudio,2,1.0986122886681098
TISTUD-4361,appceleratorstudio,3,1.3862943611198906
TISTUD-4362,appceleratorstudio,5,1.791759469228055
TISTUD-4363,appceleratorstudio,5,1.791759469228055
TISTUD-4364,appceleratorstudio,3,1.3862943611198906
TISTUD-4365,appceleratorstudio,3,1.3862943611198906
TISTUD-4366,appceleratorstudio,2,1.0986122886681098
TISTUD-4367,appceleratorstudio,5,1.791759469228055
TISTUD-4368,appceleratorstudio,5,1.791759469228055
TISTUD-4369,appceleratorstudio,5,1.791759469228055
TISTUD-4370,appceleratorstudio,2,1.0986122886681098
TISTUD-4371,appceleratorstudio,5,1.791759469228055
TISTUD-4372,appceleratorstudio,8,2.1972245773362196
TISTUD-4373,appceleratorstudio,5,1.791759469228055
TISTUD-4375,appceleratorstudio,2,1.0986122886681098
TISTUD-4376,appceleratorstudio,8,2.1972245773362196
TISTUD-4377,appceleratorstudio,5,1.791759469228055
TISTUD-4378,appceleratorstudio,2,1.0986122886681098
TISTUD-4379,appceleratorstudio,2,1.0986122886681098
TISTUD-4380,appceleratorstudio,2,1.0986122886681098
TISTUD-4381,appceleratorstudio,5,1.791759469228055
TISTUD-4389,appceleratorstudio,5,1.791759469228055
TISTUD-4394,appceleratorstudio,3,1.3862943611198906
TISTUD-4395,appceleratorstudio,5,1.791759469228055
TISTUD-4396,appceleratorstudio,5,1.791759469228055
TISTUD-4397,appceleratorstudio,5,1.791759469228055
TISTUD-4406,appceleratorstudio,5,1.791759469228055
TISTUD-4430,appceleratorstudio,5,1.791759469228055
TISTUD-4443,appceleratorstudio,5,1.791759469228055
TISTUD-4448,appceleratorstudio,8,2.1972245773362196
TISTUD-4450,appceleratorstudio,8,2.1972245773362196
TISTUD-4454,appceleratorstudio,3,1.3862943611198906
TISTUD-4464,appceleratorstudio,8,2.1972245773362196
TISTUD-4465,appceleratorstudio,3,1.3862943611198906
TISTUD-4466,appceleratorstudio,5,1.791759469228055
TISTUD-4471,appceleratorstudio,5,1.791759469228055
TISTUD-4473,appceleratorstudio,5,1.791759469228055
TISTUD-4474,appceleratorstudio,5,1.791759469228055
TISTUD-4475,appceleratorstudio,8,2.1972245773362196
TISTUD-4476,appceleratorstudio,8,2.1972245773362196
TISTUD-4477,appceleratorstudio,5,1.791759469228055
TISTUD-4487,appceleratorstudio,3,1.3862943611198906
TISTUD-4488,appceleratorstudio,1,0.6931471805599453
TISTUD-4490,appceleratorstudio,8,2.1972245773362196
TISTUD-4492,appceleratorstudio,5,1.791759469228055
TISTUD-4493,appceleratorstudio,3,1.3862943611198906
TISTUD-4494,appceleratorstudio,3,1.3862943611198906
TISTUD-4510,appceleratorstudio,2,1.0986122886681098
TISTUD-4517,appceleratorstudio,8,2.1972245773362196
TISTUD-4518,appceleratorstudio,5,1.791759469228055
TISTUD-4524,appceleratorstudio,8,2.1972245773362196
TISTUD-4525,appceleratorstudio,8,2.1972245773362196
TISTUD-4529,appceleratorstudio,8,2.1972245773362196
TISTUD-4543,appceleratorstudio,3,1.3862943611198906
TISTUD-4554,appceleratorstudio,3,1.3862943611198906
TISTUD-4559,appceleratorstudio,2,1.0986122886681098
TISTUD-4577,appceleratorstudio,13,2.6390573296152584
TISTUD-4581,appceleratorstudio,3,1.3862943611198906
TISTUD-4584,appceleratorstudio,3,1.3862943611198906
TISTUD-4595,appceleratorstudio,8,2.1972245773362196
TISTUD-4603,appceleratorstudio,5,1.791759469228055
TISTUD-4616,appceleratorstudio,5,1.791759469228055
TISTUD-4618,appceleratorstudio,8,2.1972245773362196
TISTUD-4619,appceleratorstudio,8,2.1972245773362196
TISTUD-4620,appceleratorstudio,5,1.791759469228055
TISTUD-4621,appceleratorstudio,5,1.791759469228055
TISTUD-4623,appceleratorstudio,5,1.791759469228055
TISTUD-4631,appceleratorstudio,3,1.3862943611198906
TISTUD-4639,appceleratorstudio,3,1.3862943611198906
TISTUD-4640,appceleratorstudio,2,1.0986122886681098
TISTUD-4642,appceleratorstudio,3,1.3862943611198906
TISTUD-4643,appceleratorstudio,5,1.791759469228055
TISTUD-4646,appceleratorstudio,5,1.791759469228055
TISTUD-4647,appceleratorstudio,5,1.791759469228055
TISTUD-4663,appceleratorstudio,3,1.3862943611198906
TISTUD-4668,appceleratorstudio,8,2.1972245773362196
TISTUD-4669,appceleratorstudio,8,2.1972245773362196
TISTUD-4670,appceleratorstudio,5,1.791759469228055
TISTUD-4675,appceleratorstudio,8,2.1972245773362196
TISTUD-4676,appceleratorstudio,3,1.3862943611198906
TISTUD-4678,appceleratorstudio,5,1.791759469228055
TISTUD-4688,appceleratorstudio,8,2.1972245773362196
TISTUD-4689,appceleratorstudio,8,2.1972245773362196
TISTUD-4696,appceleratorstudio,3,1.3862943611198906
TISTUD-4698,appceleratorstudio,3,1.3862943611198906
TISTUD-4700,appceleratorstudio,5,1.791759469228055
TISTUD-4703,appceleratorstudio,3,1.3862943611198906
TISTUD-4705,appceleratorstudio,5,1.791759469228055
TISTUD-4712,appceleratorstudio,8,2.1972245773362196
TISTUD-4714,appceleratorstudio,5,1.791759469228055
TISTUD-4715,appceleratorstudio,3,1.3862943611198906
TISTUD-4718,appceleratorstudio,5,1.791759469228055
TISTUD-4727,appceleratorstudio,5,1.791759469228055
TISTUD-4728,appceleratorstudio,3,1.3862943611198906
TISTUD-4734,appceleratorstudio,3,1.3862943611198906
TISTUD-4736,appceleratorstudio,5,1.791759469228055
TISTUD-4744,appceleratorstudio,3,1.3862943611198906
TISTUD-4745,appceleratorstudio,3,1.3862943611198906
TISTUD-4748,appceleratorstudio,5,1.791759469228055
TISTUD-4751,appceleratorstudio,3,1.3862943611198906
TISTUD-4755,appceleratorstudio,3,1.3862943611198906
TISTUD-4756,appceleratorstudio,5,1.791759469228055
TISTUD-4757,appceleratorstudio,5,1.791759469228055
TISTUD-4759,appceleratorstudio,5,1.791759469228055
TISTUD-4762,appceleratorstudio,8,2.1972245773362196
TISTUD-4780,appceleratorstudio,5,1.791759469228055
TISTUD-4783,appceleratorstudio,5,1.791759469228055
TISTUD-4793,appceleratorstudio,5,1.791759469228055
TISTUD-4796,appceleratorstudio,8,2.1972245773362196
TISTUD-4799,appceleratorstudio,3,1.3862943611198906
TISTUD-4802,appceleratorstudio,5,1.791759469228055
TISTUD-4803,appceleratorstudio,5,1.791759469228055
TISTUD-4806,appceleratorstudio,3,1.3862943611198906
TISTUD-4814,appceleratorstudio,5,1.791759469228055
TISTUD-4816,appceleratorstudio,8,2.1972245773362196
TISTUD-4819,appceleratorstudio,8,2.1972245773362196
TISTUD-4824,appceleratorstudio,5,1.791759469228055
TISTUD-4831,appceleratorstudio,3,1.3862943611198906
TISTUD-4832,appceleratorstudio,8,2.1972245773362196
TISTUD-4841,appceleratorstudio,3,1.3862943611198906
TISTUD-4846,appceleratorstudio,5,1.791759469228055
TISTUD-4847,appceleratorstudio,5,1.791759469228055
TISTUD-4850,appceleratorstudio,3,1.3862943611198906
TISTUD-4853,appceleratorstudio,5,1.791759469228055
TISTUD-4854,appceleratorstudio,5,1.791759469228055
TISTUD-4858,appceleratorstudio,5,1.791759469228055
TISTUD-4861,appceleratorstudio,3,1.3862943611198906
TISTUD-4864,appceleratorstudio,8,2.1972245773362196
TISTUD-4882,appceleratorstudio,8,2.1972245773362196
TISTUD-4886,appceleratorstudio,3,1.3862943611198906
TISTUD-4890,appceleratorstudio,8,2.1972245773362196
TISTUD-4896,appceleratorstudio,5,1.791759469228055
TISTUD-4897,appceleratorstudio,3,1.3862943611198906
TISTUD-4903,appceleratorstudio,5,1.791759469228055
TISTUD-4906,appceleratorstudio,5,1.791759469228055
TISTUD-4917,appceleratorstudio,8,2.1972245773362196
TISTUD-4918,appceleratorstudio,5,1.791759469228055
TISTUD-4919,appceleratorstudio,3,1.3862943611198906
TISTUD-4923,appceleratorstudio,5,1.791759469228055
TISTUD-4926,appceleratorstudio,5,1.791759469228055
TISTUD-4930,appceleratorstudio,5,1.791759469228055
TISTUD-4932,appceleratorstudio,5,1.791759469228055
TISTUD-4934,appceleratorstudio,5,1.791759469228055
TISTUD-4950,appceleratorstudio,5,1.791759469228055
TISTUD-4951,appceleratorstudio,3,1.3862943611198906
TISTUD-4956,appceleratorstudio,2,1.0986122886681098
TISTUD-4964,appceleratorstudio,5,1.791759469228055
TISTUD-4965,appceleratorstudio,3,1.3862943611198906
TISTUD-4967,appceleratorstudio,3,1.3862943611198906
TISTUD-4970,appceleratorstudio,5,1.791759469228055
TISTUD-4971,appceleratorstudio,5,1.791759469228055
TISTUD-4974,appceleratorstudio,5,1.791759469228055
TISTUD-4977,appceleratorstudio,5,1.791759469228055
TISTUD-4978,appceleratorstudio,5,1.791759469228055
TISTUD-4994,appceleratorstudio,3,1.3862943611198906
TISTUD-4997,appceleratorstudio,3,1.3862943611198906
TISTUD-4998,appceleratorstudio,3,1.3862943611198906
TISTUD-5003,appceleratorstudio,3,1.3862943611198906
TISTUD-5004,appceleratorstudio,3,1.3862943611198906
TISTUD-5007,appceleratorstudio,5,1.791759469228055
TISTUD-5012,appceleratorstudio,3,1.3862943611198906
TISTUD-5016,appceleratorstudio,5,1.791759469228055
TISTUD-5020,appceleratorstudio,3,1.3862943611198906
TISTUD-5029,appceleratorstudio,3,1.3862943611198906
TISTUD-5032,appceleratorstudio,5,1.791759469228055
TISTUD-5035,appceleratorstudio,3,1.3862943611198906
TISTUD-5039,appceleratorstudio,5,1.791759469228055
TISTUD-5040,appceleratorstudio,5,1.791759469228055
TISTUD-5045,appceleratorstudio,5,1.791759469228055
TISTUD-5046,appceleratorstudio,2,1.0986122886681098
TISTUD-5047,appceleratorstudio,5,1.791759469228055
TISTUD-5049,appceleratorstudio,3,1.3862943611198906
TISTUD-5052,appceleratorstudio,3,1.3862943611198906
TISTUD-5055,appceleratorstudio,3,1.3862943611198906
TISTUD-5058,appceleratorstudio,5,1.791759469228055
TISTUD-5059,appceleratorstudio,8,2.1972245773362196
TISTUD-5060,appceleratorstudio,13,2.6390573296152584
TISTUD-5061,appceleratorstudio,13,2.6390573296152584
TISTUD-5063,appceleratorstudio,3,1.3862943611198906
TISTUD-5064,appceleratorstudio,3,1.3862943611198906
TISTUD-5067,appceleratorstudio,5,1.791759469228055
TISTUD-5068,appceleratorstudio,5,1.791759469228055
TISTUD-5069,appceleratorstudio,5,1.791759469228055
TISTUD-5070,appceleratorstudio,3,1.3862943611198906
TISTUD-5071,appceleratorstudio,3,1.3862943611198906
TISTUD-5073,appceleratorstudio,5,1.791759469228055
TISTUD-5074,appceleratorstudio,5,1.791759469228055
TISTUD-5075,appceleratorstudio,5,1.791759469228055
TISTUD-5076,appceleratorstudio,5,1.791759469228055
TISTUD-5077,appceleratorstudio,5,1.791759469228055
TISTUD-5078,appceleratorstudio,5,1.791759469228055
TISTUD-5079,appceleratorstudio,5,1.791759469228055
TISTUD-5084,appceleratorstudio,5,1.791759469228055
TISTUD-5089,appceleratorstudio,5,1.791759469228055
TISTUD-5093,appceleratorstudio,5,1.791759469228055
TISTUD-5101,appceleratorstudio,8,2.1972245773362196
TISTUD-5104,appceleratorstudio,8,2.1972245773362196
TISTUD-5105,appceleratorstudio,8,2.1972245773362196
TISTUD-5106,appceleratorstudio,8,2.1972245773362196
TISTUD-5107,appceleratorstudio,5,1.791759469228055
TISTUD-5108,appceleratorstudio,5,1.791759469228055
TISTUD-5109,appceleratorstudio,3,1.3862943611198906
TISTUD-5110,appceleratorstudio,3,1.3862943611198906
TISTUD-5112,appceleratorstudio,5,1.791759469228055
TISTUD-5116,appceleratorstudio,5,1.791759469228055
TISTUD-5121,appceleratorstudio,5,1.791759469228055
TISTUD-5122,appceleratorstudio,3,1.3862943611198906
TISTUD-5127,appceleratorstudio,2,1.0986122886681098
TISTUD-5131,appceleratorstudio,8,2.1972245773362196
TISTUD-5132,appceleratorstudio,5,1.791759469228055
TISTUD-5139,appceleratorstudio,5,1.791759469228055
TISTUD-5151,appceleratorstudio,5,1.791759469228055
TISTUD-5154,appceleratorstudio,3,1.3862943611198906
TISTUD-5157,appceleratorstudio,5,1.791759469228055
TISTUD-5158,appceleratorstudio,3,1.3862943611198906
TISTUD-5160,appceleratorstudio,8,2.1972245773362196
TISTUD-5166,appceleratorstudio,8,2.1972245773362196
TISTUD-5168,appceleratorstudio,5,1.791759469228055
TISTUD-5169,appceleratorstudio,5,1.791759469228055
TISTUD-5182,appceleratorstudio,5,1.791759469228055
TISTUD-5195,appceleratorstudio,5,1.791759469228055
TISTUD-5199,appceleratorstudio,2,1.0986122886681098
TISTUD-5200,appceleratorstudio,8,2.1972245773362196
TISTUD-5205,appceleratorstudio,8,2.1972245773362196
TISTUD-5206,appceleratorstudio,3,1.3862943611198906
TISTUD-5223,appceleratorstudio,2,1.0986122886681098
TISTUD-5224,appceleratorstudio,5,1.791759469228055
TISTUD-5225,appceleratorstudio,8,2.1972245773362196
TISTUD-5235,appceleratorstudio,5,1.791759469228055
TISTUD-5236,appceleratorstudio,3,1.3862943611198906
TISTUD-5241,appceleratorstudio,8,2.1972245773362196
TISTUD-5242,appceleratorstudio,13,2.6390573296152584
TISTUD-5243,appceleratorstudio,8,2.1972245773362196
TISTUD-5246,appceleratorstudio,8,2.1972245773362196
TISTUD-5247,appceleratorstudio,5,1.791759469228055
TISTUD-5251,appceleratorstudio,3,1.3862943611198906
TISTUD-5257,appceleratorstudio,13,2.6390573296152584
TISTUD-5263,appceleratorstudio,5,1.791759469228055
TISTUD-5266,appceleratorstudio,5,1.791759469228055
TISTUD-5267,appceleratorstudio,3,1.3862943611198906
TISTUD-5268,appceleratorstudio,3,1.3862943611198906
TISTUD-5269,appceleratorstudio,3,1.3862943611198906
TISTUD-5270,appceleratorstudio,5,1.791759469228055
TISTUD-5271,appceleratorstudio,8,2.1972245773362196
TISTUD-5272,appceleratorstudio,8,2.1972245773362196
TISTUD-5274,appceleratorstudio,8,2.1972245773362196
TISTUD-5277,appceleratorstudio,8,2.1972245773362196
TISTUD-5278,appceleratorstudio,5,1.791759469228055
TISTUD-5279,appceleratorstudio,5,1.791759469228055
TISTUD-5281,appceleratorstudio,8,2.1972245773362196
TISTUD-5282,appceleratorstudio,3,1.3862943611198906
TISTUD-5283,appceleratorstudio,8,2.1972245773362196
TISTUD-5285,appceleratorstudio,3,1.3862943611198906
TISTUD-5289,appceleratorstudio,3,1.3862943611198906
TISTUD-5290,appceleratorstudio,3,1.3862943611198906
TISTUD-5292,appceleratorstudio,5,1.791759469228055
TISTUD-5293,appceleratorstudio,5,1.791759469228055
TISTUD-5294,appceleratorstudio,5,1.791759469228055
TISTUD-5295,appceleratorstudio,5,1.791759469228055
TISTUD-5296,appceleratorstudio,5,1.791759469228055
TISTUD-5302,appceleratorstudio,3,1.3862943611198906
TISTUD-5307,appceleratorstudio,3,1.3862943611198906
TISTUD-5308,appceleratorstudio,5,1.791759469228055
TISTUD-5309,appceleratorstudio,3,1.3862943611198906
TISTUD-5310,appceleratorstudio,3,1.3862943611198906
TISTUD-5311,appceleratorstudio,2,1.0986122886681098
TISTUD-5312,appceleratorstudio,8,2.1972245773362196
TISTUD-5314,appceleratorstudio,5,1.791759469228055
TISTUD-5315,appceleratorstudio,5,1.791759469228055
TISTUD-5316,appceleratorstudio,3,1.3862943611198906
TISTUD-5317,appceleratorstudio,3,1.3862943611198906
TISTUD-5318,appceleratorstudio,2,1.0986122886681098
TISTUD-5319,appceleratorstudio,8,2.1972245773362196
TISTUD-5320,appceleratorstudio,3,1.3862943611198906
TISTUD-5321,appceleratorstudio,2,1.0986122886681098
TISTUD-5322,appceleratorstudio,8,2.1972245773362196
TISTUD-5324,appceleratorstudio,3,1.3862943611198906
TISTUD-5325,appceleratorstudio,5,1.791759469228055
TISTUD-5326,appceleratorstudio,8,2.1972245773362196
TISTUD-5327,appceleratorstudio,5,1.791759469228055
TISTUD-5329,appceleratorstudio,5,1.791759469228055
TISTUD-5330,appceleratorstudio,3,1.3862943611198906
TISTUD-5331,appceleratorstudio,2,1.0986122886681098
TISTUD-5332,appceleratorstudio,8,2.1972245773362196
TISTUD-5337,appceleratorstudio,5,1.791759469228055
TISTUD-5338,appceleratorstudio,5,1.791759469228055
TISTUD-5339,appceleratorstudio,3,1.3862943611198906
TISTUD-5345,appceleratorstudio,3,1.3862943611198906
TISTUD-5350,appceleratorstudio,3,1.3862943611198906
TISTUD-5352,appceleratorstudio,2,1.0986122886681098
TISTUD-5353,appceleratorstudio,5,1.791759469228055
TISTUD-5354,appceleratorstudio,3,1.3862943611198906
TISTUD-5355,appceleratorstudio,5,1.791759469228055
TISTUD-5359,appceleratorstudio,5,1.791759469228055
TISTUD-5360,appceleratorstudio,5,1.791759469228055
TISTUD-5362,appceleratorstudio,2,1.0986122886681098
TISTUD-5364,appceleratorstudio,5,1.791759469228055
TISTUD-5365,appceleratorstudio,3,1.3862943611198906
TISTUD-5366,appceleratorstudio,5,1.791759469228055
TISTUD-5368,appceleratorstudio,8,2.1972245773362196
TISTUD-5369,appceleratorstudio,5,1.791759469228055
TISTUD-5370,appceleratorstudio,3,1.3862943611198906
TISTUD-5372,appceleratorstudio,3,1.3862943611198906
TISTUD-5378,appceleratorstudio,5,1.791759469228055
TISTUD-5381,appceleratorstudio,5,1.791759469228055
TISTUD-5383,appceleratorstudio,8,2.1972245773362196
TISTUD-5385,appceleratorstudio,5,1.791759469228055
TISTUD-5386,appceleratorstudio,5,1.791759469228055
TISTUD-5387,appceleratorstudio,1,0.6931471805599453
TISTUD-5388,appceleratorstudio,5,1.791759469228055
TISTUD-5389,appceleratorstudio,2,1.0986122886681098
TISTUD-5390,appceleratorstudio,5,1.791759469228055
TISTUD-5392,appceleratorstudio,5,1.791759469228055
TISTUD-5393,appceleratorstudio,5,1.791759469228055
TISTUD-5394,appceleratorstudio,3,1.3862943611198906
TISTUD-5395,appceleratorstudio,2,1.0986122886681098
TISTUD-5400,appceleratorstudio,5,1.791759469228055
TISTUD-5401,appceleratorstudio,5,1.791759469228055
TISTUD-5403,appceleratorstudio,3,1.3862943611198906
TISTUD-5408,appceleratorstudio,5,1.791759469228055
TISTUD-5416,appceleratorstudio,5,1.791759469228055
TISTUD-5417,appceleratorstudio,5,1.791759469228055
TISTUD-5418,appceleratorstudio,5,1.791759469228055
TISTUD-5419,appceleratorstudio,5,1.791759469228055
TISTUD-5421,appceleratorstudio,3,1.3862943611198906
TISTUD-5422,appceleratorstudio,5,1.791759469228055
TISTUD-5423,appceleratorstudio,3,1.3862943611198906
TISTUD-5424,appceleratorstudio,3,1.3862943611198906
TISTUD-5425,appceleratorstudio,5,1.791759469228055
TISTUD-5431,appceleratorstudio,8,2.1972245773362196
TISTUD-5433,appceleratorstudio,5,1.791759469228055
TISTUD-5434,appceleratorstudio,8,2.1972245773362196
TISTUD-5439,appceleratorstudio,5,1.791759469228055
TISTUD-5440,appceleratorstudio,3,1.3862943611198906
TISTUD-5441,appceleratorstudio,3,1.3862943611198906
TISTUD-5443,appceleratorstudio,5,1.791759469228055
TISTUD-5444,appceleratorstudio,5,1.791759469228055
TISTUD-5446,appceleratorstudio,3,1.3862943611198906
TISTUD-5452,appceleratorstudio,8,2.1972245773362196
TISTUD-5453,appceleratorstudio,8,2.1972245773362196
TISTUD-5454,appceleratorstudio,8,2.1972245773362196
TISTUD-5455,appceleratorstudio,5,1.791759469228055
TISTUD-5457,appceleratorstudio,8,2.1972245773362196
TISTUD-5459,appceleratorstudio,8,2.1972245773362196
TISTUD-5462,appceleratorstudio,3,1.3862943611198906
TISTUD-5465,appceleratorstudio,8,2.1972245773362196
TISTUD-5467,appceleratorstudio,5,1.791759469228055
TISTUD-5468,appceleratorstudio,2,1.0986122886681098
TISTUD-5469,appceleratorstudio,3,1.3862943611198906
TISTUD-5470,appceleratorstudio,3,1.3862943611198906
TISTUD-5471,appceleratorstudio,5,1.791759469228055
TISTUD-5472,appceleratorstudio,2,1.0986122886681098
TISTUD-5473,appceleratorstudio,2,1.0986122886681098
TISTUD-5475,appceleratorstudio,5,1.791759469228055
TISTUD-5477,appceleratorstudio,8,2.1972245773362196
TISTUD-5479,appceleratorstudio,5,1.791759469228055
TISTUD-5483,appceleratorstudio,8,2.1972245773362196
TISTUD-5484,appceleratorstudio,8,2.1972245773362196
TISTUD-5489,appceleratorstudio,5,1.791759469228055
TISTUD-5492,appceleratorstudio,5,1.791759469228055
TISTUD-5495,appceleratorstudio,5,1.791759469228055
TISTUD-5499,appceleratorstudio,8,2.1972245773362196
TISTUD-5501,appceleratorstudio,5,1.791759469228055
TISTUD-5502,appceleratorstudio,8,2.1972245773362196
TISTUD-5503,appceleratorstudio,5,1.791759469228055
TISTUD-5504,appceleratorstudio,5,1.791759469228055
TISTUD-5508,appceleratorstudio,8,2.1972245773362196
TISTUD-5510,appceleratorstudio,5,1.791759469228055
TISTUD-5513,appceleratorstudio,5,1.791759469228055
TISTUD-5514,appceleratorstudio,8,2.1972245773362196
TISTUD-5523,appceleratorstudio,8,2.1972245773362196
TISTUD-5526,appceleratorstudio,5,1.791759469228055
TISTUD-5527,appceleratorstudio,5,1.791759469228055
TISTUD-5529,appceleratorstudio,3,1.3862943611198906
TISTUD-5531,appceleratorstudio,5,1.791759469228055
TISTUD-5534,appceleratorstudio,2,1.0986122886681098
TISTUD-5538,appceleratorstudio,5,1.791759469228055
TISTUD-5539,appceleratorstudio,3,1.3862943611198906
TISTUD-5541,appceleratorstudio,8,2.1972245773362196
TISTUD-5542,appceleratorstudio,5,1.791759469228055
TISTUD-5543,appceleratorstudio,5,1.791759469228055
TISTUD-5544,appceleratorstudio,8,2.1972245773362196
TISTUD-5545,appceleratorstudio,3,1.3862943611198906
TISTUD-5546,appceleratorstudio,5,1.791759469228055
TISTUD-5547,appceleratorstudio,5,1.791759469228055
TISTUD-5551,appceleratorstudio,3,1.3862943611198906
TISTUD-5556,appceleratorstudio,3,1.3862943611198906
TISTUD-5557,appceleratorstudio,3,1.3862943611198906
TISTUD-5558,appceleratorstudio,3,1.3862943611198906
TISTUD-5559,appceleratorstudio,5,1.791759469228055
TISTUD-5561,appceleratorstudio,3,1.3862943611198906
TISTUD-5562,appceleratorstudio,5,1.791759469228055
TISTUD-5563,appceleratorstudio,5,1.791759469228055
TISTUD-5565,appceleratorstudio,8,2.1972245773362196
TISTUD-5566,appceleratorstudio,5,1.791759469228055
TISTUD-5567,appceleratorstudio,5,1.791759469228055
TISTUD-5568,appceleratorstudio,3,1.3862943611198906
TISTUD-5570,appceleratorstudio,8,2.1972245773362196
TISTUD-5571,appceleratorstudio,8,2.1972245773362196
TISTUD-5573,appceleratorstudio,1,0.6931471805599453
TISTUD-5575,appceleratorstudio,3,1.3862943611198906
TISTUD-5576,appceleratorstudio,3,1.3862943611198906
TISTUD-5577,appceleratorstudio,8,2.1972245773362196
TISTUD-5578,appceleratorstudio,3,1.3862943611198906
TISTUD-5579,appceleratorstudio,5,1.791759469228055
TISTUD-5582,appceleratorstudio,3,1.3862943611198906
TISTUD-5585,appceleratorstudio,3,1.3862943611198906
TISTUD-5587,appceleratorstudio,2,1.0986122886681098
TISTUD-5588,appceleratorstudio,5,1.791759469228055
TISTUD-5594,appceleratorstudio,13,2.6390573296152584
TISTUD-5598,appceleratorstudio,3,1.3862943611198906
TISTUD-5603,appceleratorstudio,3,1.3862943611198906
TISTUD-5605,appceleratorstudio,5,1.791759469228055
TISTUD-5610,appceleratorstudio,3,1.3862943611198906
TISTUD-5611,appceleratorstudio,3,1.3862943611198906
TISTUD-5614,appceleratorstudio,5,1.791759469228055
TISTUD-5619,appceleratorstudio,2,1.0986122886681098
TISTUD-5620,appceleratorstudio,5,1.791759469228055
TISTUD-5621,appceleratorstudio,3,1.3862943611198906
TISTUD-5622,appceleratorstudio,5,1.791759469228055
TISTUD-5623,appceleratorstudio,5,1.791759469228055
TISTUD-5624,appceleratorstudio,5,1.791759469228055
TISTUD-5625,appceleratorstudio,8,2.1972245773362196
TISTUD-5628,appceleratorstudio,8,2.1972245773362196
TISTUD-5629,appceleratorstudio,8,2.1972245773362196
TISTUD-5631,appceleratorstudio,5,1.791759469228055
TISTUD-5632,appceleratorstudio,5,1.791759469228055
TISTUD-5633,appceleratorstudio,5,1.791759469228055
TISTUD-5634,appceleratorstudio,5,1.791759469228055
TISTUD-5635,appceleratorstudio,3,1.3862943611198906
TISTUD-5636,appceleratorstudio,5,1.791759469228055
TISTUD-5641,appceleratorstudio,3,1.3862943611198906
TISTUD-5642,appceleratorstudio,3,1.3862943611198906
TISTUD-5643,appceleratorstudio,3,1.3862943611198906
TISTUD-5644,appceleratorstudio,8,2.1972245773362196
TISTUD-5648,appceleratorstudio,8,2.1972245773362196
TISTUD-5649,appceleratorstudio,2,1.0986122886681098
TISTUD-5650,appceleratorstudio,3,1.3862943611198906
TISTUD-5651,appceleratorstudio,3,1.3862943611198906
TISTUD-5652,appceleratorstudio,5,1.791759469228055
TISTUD-5653,appceleratorstudio,3,1.3862943611198906
TISTUD-5654,appceleratorstudio,5,1.791759469228055
TISTUD-5655,appceleratorstudio,5,1.791759469228055
TISTUD-5657,appceleratorstudio,3,1.3862943611198906
TISTUD-5659,appceleratorstudio,8,2.1972245773362196
TISTUD-5660,appceleratorstudio,5,1.791759469228055
TISTUD-5661,appceleratorstudio,5,1.791759469228055
TISTUD-5662,appceleratorstudio,3,1.3862943611198906
TISTUD-5663,appceleratorstudio,5,1.791759469228055
TISTUD-5664,appceleratorstudio,5,1.791759469228055
TISTUD-5665,appceleratorstudio,8,2.1972245773362196
TISTUD-5666,appceleratorstudio,13,2.6390573296152584
TISTUD-5668,appceleratorstudio,3,1.3862943611198906
TISTUD-5671,appceleratorstudio,2,1.0986122886681098
TISTUD-5672,appceleratorstudio,3,1.3862943611198906
TISTUD-5673,appceleratorstudio,5,1.791759469228055
TISTUD-5675,appceleratorstudio,3,1.3862943611198906
TISTUD-5676,appceleratorstudio,8,2.1972245773362196
TISTUD-5677,appceleratorstudio,3,1.3862943611198906
TISTUD-5679,appceleratorstudio,3,1.3862943611198906
TISTUD-5680,appceleratorstudio,3,1.3862943611198906
TISTUD-5681,appceleratorstudio,3,1.3862943611198906
TISTUD-5682,appceleratorstudio,3,1.3862943611198906
TISTUD-5684,appceleratorstudio,5,1.791759469228055
TISTUD-5686,appceleratorstudio,5,1.791759469228055
TISTUD-5687,appceleratorstudio,5,1.791759469228055
TISTUD-5689,appceleratorstudio,5,1.791759469228055
TISTUD-5690,appceleratorstudio,5,1.791759469228055
TISTUD-5691,appceleratorstudio,5,1.791759469228055
TISTUD-5692,appceleratorstudio,3,1.3862943611198906
TISTUD-5693,appceleratorstudio,5,1.791759469228055
TISTUD-5694,appceleratorstudio,3,1.3862943611198906
TISTUD-5697,appceleratorstudio,5,1.791759469228055
TISTUD-5698,appceleratorstudio,3,1.3862943611198906
TISTUD-5704,appceleratorstudio,5,1.791759469228055
TISTUD-5705,appceleratorstudio,5,1.791759469228055
TISTUD-5706,appceleratorstudio,3,1.3862943611198906
TISTUD-5709,appceleratorstudio,8,2.1972245773362196
TISTUD-5710,appceleratorstudio,5,1.791759469228055
TISTUD-5712,appceleratorstudio,5,1.791759469228055
TISTUD-5715,appceleratorstudio,3,1.3862943611198906
TISTUD-5716,appceleratorstudio,5,1.791759469228055
TISTUD-5721,appceleratorstudio,2,1.0986122886681098
TISTUD-5722,appceleratorstudio,3,1.3862943611198906
TISTUD-5731,appceleratorstudio,3,1.3862943611198906
TISTUD-5732,appceleratorstudio,3,1.3862943611198906
TISTUD-5735,appceleratorstudio,3,1.3862943611198906
TISTUD-5740,appceleratorstudio,3,1.3862943611198906
TISTUD-5741,appceleratorstudio,3,1.3862943611198906
TISTUD-5742,appceleratorstudio,3,1.3862943611198906
TISTUD-5747,appceleratorstudio,3,1.3862943611198906
TISTUD-5749,appceleratorstudio,5,1.791759469228055
TISTUD-5752,appceleratorstudio,5,1.791759469228055
TISTUD-5754,appceleratorstudio,5,1.791759469228055
TISTUD-5755,appceleratorstudio,3,1.3862943611198906
TISTUD-5759,appceleratorstudio,5,1.791759469228055
TISTUD-5761,appceleratorstudio,5,1.791759469228055
TISTUD-5765,appceleratorstudio,5,1.791759469228055
TISTUD-5767,appceleratorstudio,3,1.3862943611198906
TISTUD-5768,appceleratorstudio,3,1.3862943611198906
TISTUD-5769,appceleratorstudio,3,1.3862943611198906
TISTUD-5770,appceleratorstudio,3,1.3862943611198906
TISTUD-5774,appceleratorstudio,8,2.1972245773362196
TISTUD-5775,appceleratorstudio,5,1.791759469228055
TISTUD-5776,appceleratorstudio,3,1.3862943611198906
TISTUD-5777,appceleratorstudio,3,1.3862943611198906
TISTUD-5778,appceleratorstudio,5,1.791759469228055
TISTUD-5779,appceleratorstudio,3,1.3862943611198906
TISTUD-5780,appceleratorstudio,5,1.791759469228055
TISTUD-5781,appceleratorstudio,3,1.3862943611198906
TISTUD-5784,appceleratorstudio,5,1.791759469228055
TISTUD-5785,appceleratorstudio,3,1.3862943611198906
TISTUD-5788,appceleratorstudio,5,1.791759469228055
TISTUD-5790,appceleratorstudio,5,1.791759469228055
TISTUD-5793,appceleratorstudio,5,1.791759469228055
TISTUD-5794,appceleratorstudio,3,1.3862943611198906
TISTUD-5796,appceleratorstudio,3,1.3862943611198906
TISTUD-5797,appceleratorstudio,3,1.3862943611198906
TISTUD-5807,appceleratorstudio,5,1.791759469228055
TISTUD-5808,appceleratorstudio,3,1.3862943611198906
TISTUD-5810,appceleratorstudio,3,1.3862943611198906
TISTUD-5811,appceleratorstudio,5,1.791759469228055
TISTUD-5812,appceleratorstudio,3,1.3862943611198906
TISTUD-5814,appceleratorstudio,5,1.791759469228055
TISTUD-5816,appceleratorstudio,3,1.3862943611198906
TISTUD-5821,appceleratorstudio,5,1.791759469228055
TISTUD-5822,appceleratorstudio,5,1.791759469228055
TISTUD-5823,appceleratorstudio,8,2.1972245773362196
TISTUD-5824,appceleratorstudio,5,1.791759469228055
TISTUD-5825,appceleratorstudio,3,1.3862943611198906
TISTUD-5827,appceleratorstudio,5,1.791759469228055
TISTUD-5832,appceleratorstudio,5,1.791759469228055
TISTUD-5833,appceleratorstudio,5,1.791759469228055
TISTUD-5834,appceleratorstudio,8,2.1972245773362196
TISTUD-5838,appceleratorstudio,3,1.3862943611198906
TISTUD-5841,appceleratorstudio,5,1.791759469228055
TISTUD-5843,appceleratorstudio,5,1.791759469228055
TISTUD-5844,appceleratorstudio,3,1.3862943611198906
TISTUD-5845,appceleratorstudio,3,1.3862943611198906
TISTUD-5846,appceleratorstudio,3,1.3862943611198906
TISTUD-5847,appceleratorstudio,5,1.791759469228055
TISTUD-5849,appceleratorstudio,8,2.1972245773362196
TISTUD-5853,appceleratorstudio,5,1.791759469228055
TISTUD-5855,appceleratorstudio,5,1.791759469228055
TISTUD-5858,appceleratorstudio,5,1.791759469228055
TISTUD-5859,appceleratorstudio,3,1.3862943611198906
TISTUD-5865,appceleratorstudio,5,1.791759469228055
TISTUD-5866,appceleratorstudio,5,1.791759469228055
TISTUD-5868,appceleratorstudio,3,1.3862943611198906
TISTUD-5869,appceleratorstudio,5,1.791759469228055
TISTUD-5872,appceleratorstudio,5,1.791759469228055
TISTUD-5873,appceleratorstudio,3,1.3862943611198906
TISTUD-5874,appceleratorstudio,2,1.0986122886681098
TISTUD-5875,appceleratorstudio,3,1.3862943611198906
TISTUD-5886,appceleratorstudio,8,2.1972245773362196
TISTUD-5887,appceleratorstudio,3,1.3862943611198906
TISTUD-5888,appceleratorstudio,5,1.791759469228055
TISTUD-5892,appceleratorstudio,3,1.3862943611198906
TISTUD-5895,appceleratorstudio,3,1.3862943611198906
TISTUD-5897,appceleratorstudio,8,2.1972245773362196
TISTUD-5912,appceleratorstudio,5,1.791759469228055
TISTUD-5913,appceleratorstudio,8,2.1972245773362196
TISTUD-5914,appceleratorstudio,8,2.1972245773362196
TISTUD-5915,appceleratorstudio,3,1.3862943611198906
TISTUD-5916,appceleratorstudio,2,1.0986122886681098
TISTUD-5917,appceleratorstudio,5,1.791759469228055
TISTUD-5918,appceleratorstudio,3,1.3862943611198906
TISTUD-5919,appceleratorstudio,3,1.3862943611198906
TISTUD-5921,appceleratorstudio,3,1.3862943611198906
TISTUD-5923,appceleratorstudio,5,1.791759469228055
TISTUD-5924,appceleratorstudio,3,1.3862943611198906
TISTUD-5928,appceleratorstudio,3,1.3862943611198906
TISTUD-5935,appceleratorstudio,3,1.3862943611198906
TISTUD-5936,appceleratorstudio,3,1.3862943611198906
TISTUD-5937,appceleratorstudio,8,2.1972245773362196
TISTUD-5942,appceleratorstudio,5,1.791759469228055
TISTUD-5943,appceleratorstudio,3,1.3862943611198906
TISTUD-5944,appceleratorstudio,3,1.3862943611198906
TISTUD-5953,appceleratorstudio,8,2.1972245773362196
TISTUD-5956,appceleratorstudio,5,1.791759469228055
TISTUD-5958,appceleratorstudio,5,1.791759469228055
TISTUD-5960,appceleratorstudio,3,1.3862943611198906
TISTUD-5961,appceleratorstudio,5,1.791759469228055
TISTUD-5962,appceleratorstudio,5,1.791759469228055
TISTUD-5963,appceleratorstudio,3,1.3862943611198906
TISTUD-5964,appceleratorstudio,5,1.791759469228055
TISTUD-5965,appceleratorstudio,5,1.791759469228055
TISTUD-5966,appceleratorstudio,5,1.791759469228055
TISTUD-5969,appceleratorstudio,5,1.791759469228055
TISTUD-5970,appceleratorstudio,5,1.791759469228055
TISTUD-5971,appceleratorstudio,5,1.791759469228055
TISTUD-5972,appceleratorstudio,5,1.791759469228055
TISTUD-5975,appceleratorstudio,5,1.791759469228055
TISTUD-5976,appceleratorstudio,2,1.0986122886681098
TISTUD-5977,appceleratorstudio,5,1.791759469228055
TISTUD-5981,appceleratorstudio,3,1.3862943611198906
TISTUD-5984,appceleratorstudio,5,1.791759469228055
TISTUD-5986,appceleratorstudio,5,1.791759469228055
TISTUD-5987,appceleratorstudio,3,1.3862943611198906
TISTUD-5989,appceleratorstudio,5,1.791759469228055
TISTUD-5990,appceleratorstudio,5,1.791759469228055
TISTUD-5991,appceleratorstudio,5,1.791759469228055
TISTUD-5997,appceleratorstudio,5,1.791759469228055
TISTUD-5999,appceleratorstudio,3,1.3862943611198906
TISTUD-6006,appceleratorstudio,5,1.791759469228055
TISTUD-6007,appceleratorstudio,5,1.791759469228055
TISTUD-6009,appceleratorstudio,5,1.791759469228055
TISTUD-6010,appceleratorstudio,5,1.791759469228055
TISTUD-6012,appceleratorstudio,5,1.791759469228055
TISTUD-6016,appceleratorstudio,5,1.791759469228055
TISTUD-6018,appceleratorstudio,5,1.791759469228055
TISTUD-6027,appceleratorstudio,5,1.791759469228055
TISTUD-6029,appceleratorstudio,3,1.3862943611198906
TISTUD-6031,appceleratorstudio,5,1.791759469228055
TISTUD-6033,appceleratorstudio,5,1.791759469228055
TISTUD-6037,appceleratorstudio,5,1.791759469228055
TISTUD-6038,appceleratorstudio,5,1.791759469228055
TISTUD-6076,appceleratorstudio,3,1.3862943611198906
TISTUD-6077,appceleratorstudio,5,1.791759469228055
TISTUD-6084,appceleratorstudio,5,1.791759469228055
TISTUD-6086,appceleratorstudio,8,2.1972245773362196
TISTUD-6094,appceleratorstudio,5,1.791759469228055
TISTUD-6101,appceleratorstudio,3,1.3862943611198906
TISTUD-6102,appceleratorstudio,5,1.791759469228055
TISTUD-6105,appceleratorstudio,8,2.1972245773362196
TISTUD-6106,appceleratorstudio,8,2.1972245773362196
TISTUD-6108,appceleratorstudio,3,1.3862943611198906
TISTUD-6109,appceleratorstudio,5,1.791759469228055
TISTUD-6113,appceleratorstudio,8,2.1972245773362196
TISTUD-6116,appceleratorstudio,8,2.1972245773362196
TISTUD-6122,appceleratorstudio,3,1.3862943611198906
TISTUD-6123,appceleratorstudio,5,1.791759469228055
TISTUD-6124,appceleratorstudio,5,1.791759469228055
TISTUD-6125,appceleratorstudio,8,2.1972245773362196
TISTUD-6129,appceleratorstudio,8,2.1972245773362196
TISTUD-6137,appceleratorstudio,5,1.791759469228055
TISTUD-6142,appceleratorstudio,3,1.3862943611198906
TISTUD-6144,appceleratorstudio,5,1.791759469228055
TISTUD-6148,appceleratorstudio,2,1.0986122886681098
TISTUD-6151,appceleratorstudio,3,1.3862943611198906
TISTUD-6153,appceleratorstudio,5,1.791759469228055
TISTUD-6155,appceleratorstudio,5,1.791759469228055
TISTUD-6162,appceleratorstudio,8,2.1972245773362196
TISTUD-6167,appceleratorstudio,8,2.1972245773362196
TISTUD-6170,appceleratorstudio,5,1.791759469228055
TISTUD-6174,appceleratorstudio,3,1.3862943611198906
TISTUD-6179,appceleratorstudio,3,1.3862943611198906
TISTUD-6181,appceleratorstudio,8,2.1972245773362196
TISTUD-6182,appceleratorstudio,8,2.1972245773362196
TISTUD-6183,appceleratorstudio,3,1.3862943611198906
TISTUD-6187,appceleratorstudio,8,2.1972245773362196
TISTUD-6190,appceleratorstudio,8,2.1972245773362196
TISTUD-6191,appceleratorstudio,8,2.1972245773362196
TISTUD-6194,appceleratorstudio,5,1.791759469228055
TISTUD-6195,appceleratorstudio,5,1.791759469228055
TISTUD-6196,appceleratorstudio,5,1.791759469228055
TISTUD-6198,appceleratorstudio,3,1.3862943611198906
TISTUD-6199,appceleratorstudio,8,2.1972245773362196
TISTUD-6200,appceleratorstudio,8,2.1972245773362196
TISTUD-6201,appceleratorstudio,8,2.1972245773362196
TISTUD-6205,appceleratorstudio,13,2.6390573296152584
TISTUD-6209,appceleratorstudio,8,2.1972245773362196
TISTUD-6213,appceleratorstudio,8,2.1972245773362196
TISTUD-6217,appceleratorstudio,5,1.791759469228055
TISTUD-6218,appceleratorstudio,8,2.1972245773362196
TISTUD-6219,appceleratorstudio,3,1.3862943611198906
TISTUD-6220,appceleratorstudio,3,1.3862943611198906
TISTUD-6224,appceleratorstudio,5,1.791759469228055
TISTUD-6225,appceleratorstudio,5,1.791759469228055
TISTUD-6226,appceleratorstudio,5,1.791759469228055
TISTUD-6227,appceleratorstudio,5,1.791759469228055
TISTUD-6228,appceleratorstudio,8,2.1972245773362196
TISTUD-6229,appceleratorstudio,5,1.791759469228055
TISTUD-6230,appceleratorstudio,5,1.791759469228055
TISTUD-6234,appceleratorstudio,5,1.791759469228055
TISTUD-6235,appceleratorstudio,5,1.791759469228055
TISTUD-6236,appceleratorstudio,5,1.791759469228055
TISTUD-6237,appceleratorstudio,3,1.3862943611198906
TISTUD-6239,appceleratorstudio,8,2.1972245773362196
TISTUD-6240,appceleratorstudio,8,2.1972245773362196
TISTUD-6241,appceleratorstudio,8,2.1972245773362196
TISTUD-6246,appceleratorstudio,5,1.791759469228055
TISTUD-6250,appceleratorstudio,5,1.791759469228055
TISTUD-6251,appceleratorstudio,3,1.3862943611198906
TISTUD-6253,appceleratorstudio,8,2.1972245773362196
TISTUD-6256,appceleratorstudio,5,1.791759469228055
TISTUD-6258,appceleratorstudio,5,1.791759469228055
TISTUD-6261,appceleratorstudio,5,1.791759469228055
TISTUD-6263,appceleratorstudio,8,2.1972245773362196
TISTUD-6265,appceleratorstudio,5,1.791759469228055
TISTUD-6269,appceleratorstudio,5,1.791759469228055
TISTUD-6270,appceleratorstudio,5,1.791759469228055
TISTUD-6271,appceleratorstudio,8,2.1972245773362196
TISTUD-6272,appceleratorstudio,5,1.791759469228055
TISTUD-6273,appceleratorstudio,2,1.0986122886681098
TISTUD-6275,appceleratorstudio,3,1.3862943611198906
TISTUD-6276,appceleratorstudio,5,1.791759469228055
TISTUD-6277,appceleratorstudio,8,2.1972245773362196
TISTUD-6278,appceleratorstudio,3,1.3862943611198906
TISTUD-6279,appceleratorstudio,5,1.791759469228055
TISTUD-6280,appceleratorstudio,5,1.791759469228055
TISTUD-6281,appceleratorstudio,8,2.1972245773362196
TISTUD-6282,appceleratorstudio,3,1.3862943611198906
TISTUD-6283,appceleratorstudio,5,1.791759469228055
TISTUD-6284,appceleratorstudio,8,2.1972245773362196
TISTUD-6290,appceleratorstudio,5,1.791759469228055
TISTUD-6291,appceleratorstudio,8,2.1972245773362196
TISTUD-6292,appceleratorstudio,8,2.1972245773362196
TISTUD-6293,appceleratorstudio,3,1.3862943611198906
TISTUD-6294,appceleratorstudio,5,1.791759469228055
TISTUD-6295,appceleratorstudio,5,1.791759469228055
TISTUD-6296,appceleratorstudio,5,1.791759469228055
TISTUD-6297,appceleratorstudio,3,1.3862943611198906
TISTUD-6299,appceleratorstudio,8,2.1972245773362196
TISTUD-6302,appceleratorstudio,8,2.1972245773362196
TISTUD-6303,appceleratorstudio,8,2.1972245773362196
TISTUD-6304,appceleratorstudio,5,1.791759469228055
TISTUD-6306,appceleratorstudio,5,1.791759469228055
TISTUD-6307,appceleratorstudio,5,1.791759469228055
TISTUD-6308,appceleratorstudio,5,1.791759469228055
TISTUD-6309,appceleratorstudio,8,2.1972245773362196
TISTUD-6310,appceleratorstudio,5,1.791759469228055
TISTUD-6314,appceleratorstudio,5,1.791759469228055
TISTUD-6315,appceleratorstudio,5,1.791759469228055
TISTUD-6316,appceleratorstudio,8,2.1972245773362196
TISTUD-6317,appceleratorstudio,5,1.791759469228055
TISTUD-6323,appceleratorstudio,8,2.1972245773362196
TISTUD-6324,appceleratorstudio,5,1.791759469228055
TISTUD-6326,appceleratorstudio,8,2.1972245773362196
TISTUD-6330,appceleratorstudio,8,2.1972245773362196
TISTUD-6331,appceleratorstudio,8,2.1972245773362196
TISTUD-6336,appceleratorstudio,3,1.3862943611198906
TISTUD-6337,appceleratorstudio,5,1.791759469228055
TISTUD-6338,appceleratorstudio,3,1.3862943611198906
TISTUD-6343,appceleratorstudio,8,2.1972245773362196
TISTUD-6350,appceleratorstudio,5,1.791759469228055
TISTUD-6352,appceleratorstudio,3,1.3862943611198906
TISTUD-6358,appceleratorstudio,3,1.3862943611198906
TISTUD-6359,appceleratorstudio,8,2.1972245773362196
TISTUD-6386,appceleratorstudio,5,1.791759469228055
TISTUD-6389,appceleratorstudio,5,1.791759469228055
TISTUD-6395,appceleratorstudio,5,1.791759469228055
TISTUD-6396,appceleratorstudio,8,2.1972245773362196
TISTUD-6397,appceleratorstudio,5,1.791759469228055
TISTUD-6399,appceleratorstudio,3,1.3862943611198906
TISTUD-6402,appceleratorstudio,3,1.3862943611198906
TISTUD-6403,appceleratorstudio,5,1.791759469228055
TISTUD-6407,appceleratorstudio,8,2.1972245773362196
TISTUD-6410,appceleratorstudio,5,1.791759469228055
TISTUD-6419,appceleratorstudio,3,1.3862943611198906
TISTUD-6420,appceleratorstudio,5,1.791759469228055
TISTUD-6421,appceleratorstudio,3,1.3862943611198906
TISTUD-6422,appceleratorstudio,8,2.1972245773362196
TISTUD-6423,appceleratorstudio,5,1.791759469228055
TISTUD-6424,appceleratorstudio,5,1.791759469228055
TISTUD-6425,appceleratorstudio,3,1.3862943611198906
TISTUD-6426,appceleratorstudio,3,1.3862943611198906
TISTUD-6427,appceleratorstudio,5,1.791759469228055
TISTUD-6430,appceleratorstudio,5,1.791759469228055
TISTUD-6432,appceleratorstudio,5,1.791759469228055
TISTUD-6434,appceleratorstudio,3,1.3862943611198906
TISTUD-6435,appceleratorstudio,2,1.0986122886681098
TISTUD-6436,appceleratorstudio,3,1.3862943611198906
TISTUD-6437,appceleratorstudio,5,1.791759469228055
TISTUD-6438,appceleratorstudio,2,1.0986122886681098
TISTUD-6442,appceleratorstudio,5,1.791759469228055
TISTUD-6443,appceleratorstudio,5,1.791759469228055
TISTUD-6444,appceleratorstudio,5,1.791759469228055
TISTUD-6445,appceleratorstudio,3,1.3862943611198906
TISTUD-6446,appceleratorstudio,3,1.3862943611198906
TISTUD-6447,appceleratorstudio,2,1.0986122886681098
TISTUD-6449,appceleratorstudio,5,1.791759469228055
TISTUD-6450,appceleratorstudio,3,1.3862943611198906
TISTUD-6451,appceleratorstudio,5,1.791759469228055
TISTUD-6454,appceleratorstudio,5,1.791759469228055
TISTUD-6455,appceleratorstudio,5,1.791759469228055
TISTUD-6456,appceleratorstudio,5,1.791759469228055
TISTUD-6457,appceleratorstudio,5,1.791759469228055
TISTUD-6458,appceleratorstudio,5,1.791759469228055
TISTUD-6465,appceleratorstudio,3,1.3862943611198906
TISTUD-6490,appceleratorstudio,5,1.791759469228055
TISTUD-6492,appceleratorstudio,5,1.791759469228055
TISTUD-6495,appceleratorstudio,8,2.1972245773362196
TISTUD-6496,appceleratorstudio,3,1.3862943611198906
TISTUD-6498,appceleratorstudio,3,1.3862943611198906
TISTUD-6501,appceleratorstudio,3,1.3862943611198906
TISTUD-6503,appceleratorstudio,3,1.3862943611198906
TISTUD-6504,appceleratorstudio,5,1.791759469228055
TISTUD-6505,appceleratorstudio,3,1.3862943611198906
TISTUD-6507,appceleratorstudio,5,1.791759469228055
TISTUD-6508,appceleratorstudio,3,1.3862943611198906
TISTUD-6510,appceleratorstudio,3,1.3862943611198906
TISTUD-6511,appceleratorstudio,3,1.3862943611198906
TISTUD-6514,appceleratorstudio,8,2.1972245773362196
TISTUD-6516,appceleratorstudio,8,2.1972245773362196
TISTUD-6517,appceleratorstudio,8,2.1972245773362196
TISTUD-6520,appceleratorstudio,3,1.3862943611198906
TISTUD-6521,appceleratorstudio,5,1.791759469228055
TISTUD-6523,appceleratorstudio,3,1.3862943611198906
TISTUD-6524,appceleratorstudio,5,1.791759469228055
TISTUD-6526,appceleratorstudio,5,1.791759469228055
TISTUD-6528,appceleratorstudio,5,1.791759469228055
TISTUD-6531,appceleratorstudio,5,1.791759469228055
TISTUD-6533,appceleratorstudio,2,1.0986122886681098
TISTUD-6534,appceleratorstudio,2,1.0986122886681098
TISTUD-6535,appceleratorstudio,3,1.3862943611198906
TISTUD-6537,appceleratorstudio,8,2.1972245773362196
TISTUD-6538,appceleratorstudio,5,1.791759469228055
TISTUD-6539,appceleratorstudio,5,1.791759469228055
TISTUD-6541,appceleratorstudio,9,2.302585092994046
TISTUD-6542,appceleratorstudio,8,2.1972245773362196
TISTUD-6543,appceleratorstudio,3,1.3862943611198906
TISTUD-6548,appceleratorstudio,5,1.791759469228055
TISTUD-6549,appceleratorstudio,3,1.3862943611198906
TISTUD-6550,appceleratorstudio,5,1.791759469228055
TISTUD-6552,appceleratorstudio,8,2.1972245773362196
TISTUD-6556,appceleratorstudio,5,1.791759469228055
TISTUD-6558,appceleratorstudio,3,1.3862943611198906
TISTUD-6561,appceleratorstudio,5,1.791759469228055
TISTUD-6574,appceleratorstudio,3,1.3862943611198906
TISTUD-6576,appceleratorstudio,5,1.791759469228055
APSTUD-23,aptanastudio,8,2.1972245773362196
APSTUD-99,aptanastudio,8,2.1972245773362196
APSTUD-190,aptanastudio,13,2.6390573296152584
APSTUD-246,aptanastudio,8,2.1972245773362196
APSTUD-350,aptanastudio,13,2.6390573296152584
APSTUD-378,aptanastudio,8,2.1972245773362196
APSTUD-612,aptanastudio,8,2.1972245773362196
APSTUD-769,aptanastudio,40,3.713572066704308
APSTUD-796,aptanastudio,13,2.6390573296152584
APSTUD-814,aptanastudio,13,2.6390573296152584
APSTUD-832,aptanastudio,8,2.1972245773362196
APSTUD-865,aptanastudio,8,2.1972245773362196
APSTUD-994,aptanastudio,5,1.791759469228055
APSTUD-1313,aptanastudio,1,0.6931471805599453
APSTUD-1378,aptanastudio,13,2.6390573296152584
APSTUD-1469,aptanastudio,13,2.6390573296152584
APSTUD-1609,aptanastudio,20,3.044522437723423
APSTUD-1698,aptanastudio,5,1.791759469228055
APSTUD-1839,aptanastudio,5,1.791759469228055
APSTUD-1889,aptanastudio,5,1.791759469228055
APSTUD-1978,aptanastudio,8,2.1972245773362196
APSTUD-2120,aptanastudio,8,2.1972245773362196
APSTUD-2129,aptanastudio,5,1.791759469228055
APSTUD-2134,aptanastudio,1,0.6931471805599453
APSTUD-2186,aptanastudio,20,3.044522437723423
APSTUD-2252,aptanastudio,1,0.6931471805599453
APSTUD-2286,aptanastudio,8,2.1972245773362196
APSTUD-2345,aptanastudio,5,1.791759469228055
APSTUD-2430,aptanastudio,5,1.791759469228055
APSTUD-2451,aptanastudio,1,0.6931471805599453
APSTUD-2573,aptanastudio,1,0.6931471805599453
APSTUD-2691,aptanastudio,20,3.044522437723423
APSTUD-2705,aptanastudio,13,2.6390573296152584
APSTUD-2708,aptanastudio,1,0.6931471805599453
APSTUD-2710,aptanastudio,1,0.6931471805599453
APSTUD-2712,aptanastudio,1,0.6931471805599453
APSTUD-2715,aptanastudio,1,0.6931471805599453
APSTUD-2717,aptanastudio,1,0.6931471805599453
APSTUD-2727,aptanastudio,1,0.6931471805599453
APSTUD-2728,aptanastudio,8,2.1972245773362196
APSTUD-2733,aptanastudio,1,0.6931471805599453
APSTUD-2752,aptanastudio,8,2.1972245773362196
APSTUD-2758,aptanastudio,1,0.6931471805599453
APSTUD-2771,aptanastudio,1,0.6931471805599453
APSTUD-2772,aptanastudio,1,0.6931471805599453
APSTUD-2773,aptanastudio,1,0.6931471805599453
APSTUD-2775,aptanastudio,1,0.6931471805599453
APSTUD-2782,aptanastudio,1,0.6931471805599453
APSTUD-2789,aptanastudio,1,0.6931471805599453
APSTUD-2796,aptanastudio,1,0.6931471805599453
APSTUD-2798,aptanastudio,1,0.6931471805599453
APSTUD-2809,aptanastudio,1,0.6931471805599453
APSTUD-2811,aptanastudio,8,2.1972245773362196
APSTUD-2816,aptanastudio,1,0.6931471805599453
APSTUD-2817,aptanastudio,1,0.6931471805599453
APSTUD-2820,aptanastudio,1,0.6931471805599453
APSTUD-2821,aptanastudio,1,0.6931471805599453
APSTUD-2823,aptanastudio,1,0.6931471805599453
APSTUD-2843,aptanastudio,8,2.1972245773362196
APSTUD-2853,aptanastudio,1,0.6931471805599453
APSTUD-2854,aptanastudio,1,0.6931471805599453
APSTUD-2901,aptanastudio,1,0.6931471805599453
APSTUD-2902,aptanastudio,5,1.791759469228055
APSTUD-2941,aptanastudio,1,0.6931471805599453
APSTUD-2971,aptanastudio,13,2.6390573296152584
APSTUD-2983,aptanastudio,8,2.1972245773362196
APSTUD-2998,aptanastudio,20,3.044522437723423
APSTUD-2999,aptanastudio,1,0.6931471805599453
APSTUD-3014,aptanastudio,1,0.6931471805599453
APSTUD-3045,aptanastudio,1,0.6931471805599453
APSTUD-3053,aptanastudio,8,2.1972245773362196
APSTUD-3061,aptanastudio,13,2.6390573296152584
APSTUD-3100,aptanastudio,1,0.6931471805599453
APSTUD-3101,aptanastudio,1,0.6931471805599453
APSTUD-3130,aptanastudio,20,3.044522437723423
APSTUD-3132,aptanastudio,1,0.6931471805599453
APSTUD-3133,aptanastudio,20,3.044522437723423
APSTUD-3149,aptanastudio,1,0.6931471805599453
APSTUD-3189,aptanastudio,1,0.6931471805599453
APSTUD-3228,aptanastudio,13,2.6390573296152584
APSTUD-3250,aptanastudio,8,2.1972245773362196
APSTUD-3307,aptanastudio,13,2.6390573296152584
APSTUD-3316,aptanastudio,20,3.044522437723423
APSTUD-3322,aptanastudio,8,2.1972245773362196
APSTUD-3343,aptanastudio,8,2.1972245773362196
APSTUD-3368,aptanastudio,1,0.6931471805599453
APSTUD-3376,aptanastudio,5,1.791759469228055
APSTUD-3380,aptanastudio,1,0.6931471805599453
APSTUD-3381,aptanastudio,1,0.6931471805599453
APSTUD-3402,aptanastudio,1,0.6931471805599453
APSTUD-3422,aptanastudio,8,2.1972245773362196
APSTUD-3427,aptanastudio,1,0.6931471805599453
APSTUD-3430,aptanastudio,1,0.6931471805599453
APSTUD-3431,aptanastudio,1,0.6931471805599453
APSTUD-3435,aptanastudio,13,2.6390573296152584
APSTUD-3456,aptanastudio,1,0.6931471805599453
APSTUD-3482,aptanastudio,1,0.6931471805599453
APSTUD-3483,aptanastudio,8,2.1972245773362196
APSTUD-3492,aptanastudio,8,2.1972245773362196
APSTUD-3521,aptanastudio,1,0.6931471805599453
APSTUD-3537,aptanastudio,8,2.1972245773362196
APSTUD-3541,aptanastudio,5,1.791759469228055
APSTUD-3552,aptanastudio,5,1.791759469228055
APSTUD-3559,aptanastudio,40,3.713572066704308
APSTUD-3560,aptanastudio,13,2.6390573296152584
APSTUD-3562,aptanastudio,21,3.091042453358316
APSTUD-3563,aptanastudio,21,3.091042453358316
APSTUD-3565,aptanastudio,8,2.1972245773362196
APSTUD-3567,aptanastudio,13,2.6390573296152584
APSTUD-3569,aptanastudio,13,2.6390573296152584
APSTUD-3580,aptanastudio,1,0.6931471805599453
APSTUD-3586,aptanastudio,13,2.6390573296152584
APSTUD-3595,aptanastudio,20,3.044522437723423
APSTUD-3599,aptanastudio,8,2.1972245773362196
APSTUD-3610,aptanastudio,1,0.6931471805599453
APSTUD-3621,aptanastudio,8,2.1972245773362196
APSTUD-3650,aptanastudio,1,0.6931471805599453
APSTUD-3653,aptanastudio,5,1.791759469228055
APSTUD-3663,aptanastudio,5,1.791759469228055
APSTUD-3666,aptanastudio,1,0.6931471805599453
APSTUD-3675,aptanastudio,8,2.1972245773362196
APSTUD-3688,aptanastudio,1,0.6931471805599453
APSTUD-3689,aptanastudio,5,1.791759469228055
APSTUD-3691,aptanastudio,8,2.1972245773362196
APSTUD-3694,aptanastudio,5,1.791759469228055
APSTUD-3695,aptanastudio,8,2.1972245773362196
APSTUD-3696,aptanastudio,1,0.6931471805599453
APSTUD-3697,aptanastudio,1,0.6931471805599453
APSTUD-3699,aptanastudio,1,0.6931471805599453
APSTUD-3707,aptanastudio,5,1.791759469228055
APSTUD-3713,aptanastudio,8,2.1972245773362196
APSTUD-3722,aptanastudio,5,1.791759469228055
APSTUD-3723,aptanastudio,1,0.6931471805599453
APSTUD-3761,aptanastudio,1,0.6931471805599453
APSTUD-3767,aptanastudio,1,0.6931471805599453
APSTUD-3776,aptanastudio,8,2.1972245773362196
APSTUD-3778,aptanastudio,13,2.6390573296152584
APSTUD-3786,aptanastudio,1,0.6931471805599453
APSTUD-3792,aptanastudio,20,3.044522437723423
APSTUD-3793,aptanastudio,1,0.6931471805599453
APSTUD-3795,aptanastudio,8,2.1972245773362196
APSTUD-3803,aptanastudio,1,0.6931471805599453
APSTUD-3816,aptanastudio,5,1.791759469228055
APSTUD-3819,aptanastudio,1,0.6931471805599453
APSTUD-3828,aptanastudio,3,1.3862943611198906
APSTUD-3838,aptanastudio,1,0.6931471805599453
APSTUD-3844,aptanastudio,8,2.1972245773362196
APSTUD-3861,aptanastudio,1,0.6931471805599453
APSTUD-3870,aptanastudio,13,2.6390573296152584
APSTUD-3871,aptanastudio,8,2.1972245773362196
APSTUD-3919,aptanastudio,8,2.1972245773362196
APSTUD-3924,aptanastudio,1,0.6931471805599453
APSTUD-3925,aptanastudio,1,0.6931471805599453
APSTUD-3933,aptanastudio,2,1.0986122886681098
APSTUD-3935,aptanastudio,3,1.3862943611198906
APSTUD-3938,aptanastudio,5,1.791759469228055
APSTUD-3941,aptanastudio,1,0.6931471805599453
APSTUD-3942,aptanastudio,8,2.1972245773362196
APSTUD-3947,aptanastudio,8,2.1972245773362196
APSTUD-3958,aptanastudio,5,1.791759469228055
APSTUD-3961,aptanastudio,5,1.791759469228055
APSTUD-3967,aptanastudio,20,3.044522437723423
APSTUD-3969,aptanastudio,13,2.6390573296152584
APSTUD-3971,aptanastudio,5,1.791759469228055
APSTUD-3974,aptanastudio,3,1.3862943611198906
APSTUD-3979,aptanastudio,13,2.6390573296152584
APSTUD-3983,aptanastudio,8,2.1972245773362196
APSTUD-3990,aptanastudio,13,2.6390573296152584
APSTUD-3996,aptanastudio,8,2.1972245773362196
APSTUD-3997,aptanastudio,8,2.1972245773362196
APSTUD-3998,aptanastudio,40,3.713572066704308
APSTUD-4036,aptanastudio,5,1.791759469228055
APSTUD-4040,aptanastudio,13,2.6390573296152584
APSTUD-4043,aptanastudio,8,2.1972245773362196
APSTUD-4059,aptanastudio,8,2.1972245773362196
APSTUD-4061,aptanastudio,8,2.1972245773362196
APSTUD-4063,aptanastudio,2,1.0986122886681098
APSTUD-4067,aptanastudio,13,2.6390573296152584
APSTUD-4068,aptanastudio,5,1.791759469228055
APSTUD-4071,aptanastudio,1,0.6931471805599453
APSTUD-4072,aptanastudio,8,2.1972245773362196
APSTUD-4078,aptanastudio,13,2.6390573296152584
APSTUD-4080,aptanastudio,8,2.1972245773362196
APSTUD-4083,aptanastudio,5,1.791759469228055
APSTUD-4107,aptanastudio,8,2.1972245773362196
APSTUD-4109,aptanastudio,8,2.1972245773362196
APSTUD-4116,aptanastudio,8,2.1972245773362196
APSTUD-4117,aptanastudio,8,2.1972245773362196
APSTUD-4121,aptanastudio,5,1.791759469228055
APSTUD-4127,aptanastudio,1,0.6931471805599453
APSTUD-4129,aptanastudio,8,2.1972245773362196
APSTUD-4130,aptanastudio,5,1.791759469228055
APSTUD-4139,aptanastudio,8,2.1972245773362196
APSTUD-4142,aptanastudio,1,0.6931471805599453
APSTUD-4145,aptanastudio,2,1.0986122886681098
APSTUD-4152,aptanastudio,5,1.791759469228055
APSTUD-4166,aptanastudio,13,2.6390573296152584
APSTUD-4170,aptanastudio,3,1.3862943611198906
APSTUD-4175,aptanastudio,5,1.791759469228055
APSTUD-4178,aptanastudio,5,1.791759469228055
APSTUD-4179,aptanastudio,13,2.6390573296152584
APSTUD-4183,aptanastudio,20,3.044522437723423
APSTUD-4184,aptanastudio,8,2.1972245773362196
APSTUD-4185,aptanastudio,8,2.1972245773362196
APSTUD-4187,aptanastudio,8,2.1972245773362196
APSTUD-4189,aptanastudio,20,3.044522437723423
APSTUD-4191,aptanastudio,13,2.6390573296152584
APSTUD-4193,aptanastudio,13,2.6390573296152584
APSTUD-4194,aptanastudio,13,2.6390573296152584
APSTUD-4195,aptanastudio,13,2.6390573296152584
APSTUD-4196,aptanastudio,8,2.1972245773362196
APSTUD-4197,aptanastudio,8,2.1972245773362196
APSTUD-4198,aptanastudio,8,2.1972245773362196
APSTUD-4212,aptanastudio,2,1.0986122886681098
APSTUD-4213,aptanastudio,2,1.0986122886681098
APSTUD-4214,aptanastudio,2,1.0986122886681098
APSTUD-4215,aptanastudio,2,1.0986122886681098
APSTUD-4216,aptanastudio,2,1.0986122886681098
APSTUD-4217,aptanastudio,2,1.0986122886681098
APSTUD-4218,aptanastudio,2,1.0986122886681098
APSTUD-4219,aptanastudio,2,1.0986122886681098
APSTUD-4220,aptanastudio,2,1.0986122886681098
APSTUD-4221,aptanastudio,2,1.0986122886681098
APSTUD-4222,aptanastudio,2,1.0986122886681098
APSTUD-4223,aptanastudio,2,1.0986122886681098
APSTUD-4224,aptanastudio,2,1.0986122886681098
APSTUD-4225,aptanastudio,2,1.0986122886681098
APSTUD-4226,aptanastudio,2,1.0986122886681098
APSTUD-4227,aptanastudio,2,1.0986122886681098
APSTUD-4228,aptanastudio,2,1.0986122886681098
APSTUD-4229,aptanastudio,2,1.0986122886681098
APSTUD-4230,aptanastudio,2,1.0986122886681098
APSTUD-4231,aptanastudio,2,1.0986122886681098
APSTUD-4232,aptanastudio,2,1.0986122886681098
APSTUD-4233,aptanastudio,2,1.0986122886681098
APSTUD-4234,aptanastudio,2,1.0986122886681098
APSTUD-4235,aptanastudio,2,1.0986122886681098
APSTUD-4236,aptanastudio,2,1.0986122886681098
APSTUD-4237,aptanastudio,2,1.0986122886681098
APSTUD-4238,aptanastudio,2,1.0986122886681098
APSTUD-4239,aptanastudio,2,1.0986122886681098
APSTUD-4240,aptanastudio,2,1.0986122886681098
APSTUD-4241,aptanastudio,2,1.0986122886681098
APSTUD-4242,aptanastudio,2,1.0986122886681098
APSTUD-4245,aptanastudio,8,2.1972245773362196
APSTUD-4246,aptanastudio,13,2.6390573296152584
APSTUD-4247,aptanastudio,8,2.1972245773362196
APSTUD-4249,aptanastudio,20,3.044522437723423
APSTUD-4252,aptanastudio,8,2.1972245773362196
APSTUD-4257,aptanastudio,13,2.6390573296152584
APSTUD-4267,aptanastudio,5,1.791759469228055
APSTUD-4268,aptanastudio,13,2.6390573296152584
APSTUD-4269,aptanastudio,8,2.1972245773362196
APSTUD-4270,aptanastudio,3,1.3862943611198906
APSTUD-4272,aptanastudio,21,3.091042453358316
APSTUD-4278,aptanastudio,13,2.6390573296152584
APSTUD-4281,aptanastudio,40,3.713572066704308
APSTUD-4282,aptanastudio,40,3.713572066704308
APSTUD-4285,aptanastudio,20,3.044522437723423
APSTUD-4289,aptanastudio,8,2.1972245773362196
APSTUD-4292,aptanastudio,8,2.1972245773362196
APSTUD-4298,aptanastudio,8,2.1972245773362196
APSTUD-4300,aptanastudio,8,2.1972245773362196
APSTUD-4301,aptanastudio,8,2.1972245773362196
APSTUD-4302,aptanastudio,8,2.1972245773362196
APSTUD-4306,aptanastudio,13,2.6390573296152584
APSTUD-4307,aptanastudio,3,1.3862943611198906
APSTUD-4309,aptanastudio,8,2.1972245773362196
APSTUD-4311,aptanastudio,13,2.6390573296152584
APSTUD-4313,aptanastudio,20,3.044522437723423
APSTUD-4318,aptanastudio,13,2.6390573296152584
APSTUD-4322,aptanastudio,3,1.3862943611198906
APSTUD-4325,aptanastudio,13,2.6390573296152584
APSTUD-4326,aptanastudio,3,1.3862943611198906
APSTUD-4327,aptanastudio,5,1.791759469228055
APSTUD-4328,aptanastudio,13,2.6390573296152584
APSTUD-4329,aptanastudio,5,1.791759469228055
APSTUD-4330,aptanastudio,1,0.6931471805599453
APSTUD-4335,aptanastudio,5,1.791759469228055
APSTUD-4342,aptanastudio,13,2.6390573296152584
APSTUD-4344,aptanastudio,20,3.044522437723423
APSTUD-4350,aptanastudio,8,2.1972245773362196
APSTUD-4354,aptanastudio,13,2.6390573296152584
APSTUD-4356,aptanastudio,13,2.6390573296152584
APSTUD-4357,aptanastudio,13,2.6390573296152584
APSTUD-4359,aptanastudio,5,1.791759469228055
APSTUD-4360,aptanastudio,8,2.1972245773362196
APSTUD-4361,aptanastudio,8,2.1972245773362196
APSTUD-4362,aptanastudio,8,2.1972245773362196
APSTUD-4363,aptanastudio,8,2.1972245773362196
APSTUD-4367,aptanastudio,20,3.044522437723423
APSTUD-4368,aptanastudio,2,1.0986122886681098
APSTUD-4373,aptanastudio,13,2.6390573296152584
APSTUD-4374,aptanastudio,8,2.1972245773362196
APSTUD-4377,aptanastudio,3,1.3862943611198906
APSTUD-4378,aptanastudio,5,1.791759469228055
APSTUD-4379,aptanastudio,13,2.6390573296152584
APSTUD-4380,aptanastudio,8,2.1972245773362196
APSTUD-4381,aptanastudio,8,2.1972245773362196
APSTUD-4384,aptanastudio,5,1.791759469228055
APSTUD-4385,aptanastudio,5,1.791759469228055
APSTUD-4386,aptanastudio,8,2.1972245773362196
APSTUD-4388,aptanastudio,13,2.6390573296152584
APSTUD-4389,aptanastudio,20,3.044522437723423
APSTUD-4390,aptanastudio,13,2.6390573296152584
APSTUD-4392,aptanastudio,20,3.044522437723423
APSTUD-4393,aptanastudio,13,2.6390573296152584
APSTUD-4395,aptanastudio,5,1.791759469228055
APSTUD-4396,aptanastudio,8,2.1972245773362196
APSTUD-4397,aptanastudio,13,2.6390573296152584
APSTUD-4399,aptanastudio,5,1.791759469228055
APSTUD-4400,aptanastudio,13,2.6390573296152584
APSTUD-4401,aptanastudio,3,1.3862943611198906
APSTUD-4402,aptanastudio,8,2.1972245773362196
APSTUD-4403,aptanastudio,8,2.1972245773362196
APSTUD-4406,aptanastudio,13,2.6390573296152584
APSTUD-4408,aptanastudio,8,2.1972245773362196
APSTUD-4409,aptanastudio,13,2.6390573296152584
APSTUD-4410,aptanastudio,13,2.6390573296152584
APSTUD-4411,aptanastudio,3,1.3862943611198906
APSTUD-4412,aptanastudio,5,1.791759469228055
APSTUD-4413,aptanastudio,5,1.791759469228055
APSTUD-4414,aptanastudio,8,2.1972245773362196
APSTUD-4418,aptanastudio,5,1.791759469228055
APSTUD-4419,aptanastudio,2,1.0986122886681098
APSTUD-4420,aptanastudio,8,2.1972245773362196
APSTUD-4421,aptanastudio,5,1.791759469228055
APSTUD-4422,aptanastudio,13,2.6390573296152584
APSTUD-4425,aptanastudio,13,2.6390573296152584
APSTUD-4427,aptanastudio,5,1.791759469228055
APSTUD-4428,aptanastudio,7,2.0794415416798357
APSTUD-4431,aptanastudio,13,2.6390573296152584
APSTUD-4432,aptanastudio,13,2.6390573296152584
APSTUD-4435,aptanastudio,5,1.791759469228055
APSTUD-4436,aptanastudio,3,1.3862943611198906
APSTUD-4438,aptanastudio,5,1.791759469228055
APSTUD-4439,aptanastudio,2,1.0986122886681098
APSTUD-4440,aptanastudio,5,1.791759469228055
APSTUD-4441,aptanastudio,8,2.1972245773362196
APSTUD-4442,aptanastudio,8,2.1972245773362196
APSTUD-4443,aptanastudio,20,3.044522437723423
APSTUD-4444,aptanastudio,8,2.1972245773362196
APSTUD-4445,aptanastudio,13,2.6390573296152584
APSTUD-4448,aptanastudio,8,2.1972245773362196
APSTUD-4450,aptanastudio,8,2.1972245773362196
APSTUD-4451,aptanastudio,5,1.791759469228055
APSTUD-4452,aptanastudio,3,1.3862943611198906
APSTUD-4453,aptanastudio,3,1.3862943611198906
APSTUD-4455,aptanastudio,13,2.6390573296152584
APSTUD-4456,aptanastudio,8,2.1972245773362196
APSTUD-4457,aptanastudio,8,2.1972245773362196
APSTUD-4462,aptanastudio,8,2.1972245773362196
APSTUD-4463,aptanastudio,8,2.1972245773362196
APSTUD-4464,aptanastudio,13,2.6390573296152584
APSTUD-4468,aptanastudio,8,2.1972245773362196
APSTUD-4469,aptanastudio,8,2.1972245773362196
APSTUD-4472,aptanastudio,13,2.6390573296152584
APSTUD-4473,aptanastudio,8,2.1972245773362196
APSTUD-4475,aptanastudio,3,1.3862943611198906
APSTUD-4476,aptanastudio,8,2.1972245773362196
APSTUD-4479,aptanastudio,8,2.1972245773362196
APSTUD-4485,aptanastudio,3,1.3862943611198906
APSTUD-4486,aptanastudio,5,1.791759469228055
APSTUD-4487,aptanastudio,5,1.791759469228055
APSTUD-4488,aptanastudio,3,1.3862943611198906
APSTUD-4489,aptanastudio,8,2.1972245773362196
APSTUD-4491,aptanastudio,13,2.6390573296152584
APSTUD-4492,aptanastudio,8,2.1972245773362196
APSTUD-4493,aptanastudio,8,2.1972245773362196
APSTUD-4496,aptanastudio,2,1.0986122886681098
APSTUD-4498,aptanastudio,13,2.6390573296152584
APSTUD-4501,aptanastudio,3,1.3862943611198906
APSTUD-4505,aptanastudio,13,2.6390573296152584
APSTUD-4506,aptanastudio,5,1.791759469228055
APSTUD-4507,aptanastudio,8,2.1972245773362196
APSTUD-4508,aptanastudio,13,2.6390573296152584
APSTUD-4512,aptanastudio,8,2.1972245773362196
APSTUD-4513,aptanastudio,13,2.6390573296152584
APSTUD-4515,aptanastudio,3,1.3862943611198906
APSTUD-4517,aptanastudio,13,2.6390573296152584
APSTUD-4519,aptanastudio,8,2.1972245773362196
APSTUD-4520,aptanastudio,8,2.1972245773362196
APSTUD-4525,aptanastudio,5,1.791759469228055
APSTUD-4535,aptanastudio,8,2.1972245773362196
APSTUD-4536,aptanastudio,8,2.1972245773362196
APSTUD-4538,aptanastudio,5,1.791759469228055
APSTUD-4543,aptanastudio,13,2.6390573296152584
APSTUD-4549,aptanastudio,5,1.791759469228055
APSTUD-4556,aptanastudio,8,2.1972245773362196
APSTUD-4564,aptanastudio,2,1.0986122886681098
APSTUD-4565,aptanastudio,8,2.1972245773362196
APSTUD-4567,aptanastudio,8,2.1972245773362196
APSTUD-4569,aptanastudio,3,1.3862943611198906
APSTUD-4570,aptanastudio,8,2.1972245773362196
APSTUD-4573,aptanastudio,8,2.1972245773362196
APSTUD-4574,aptanastudio,8,2.1972245773362196
APSTUD-4580,aptanastudio,13,2.6390573296152584
APSTUD-4585,aptanastudio,13,2.6390573296152584
APSTUD-4587,aptanastudio,13,2.6390573296152584
APSTUD-4590,aptanastudio,13,2.6390573296152584
APSTUD-4591,aptanastudio,8,2.1972245773362196
APSTUD-4592,aptanastudio,8,2.1972245773362196
APSTUD-4594,aptanastudio,8,2.1972245773362196
APSTUD-4596,aptanastudio,5,1.791759469228055
APSTUD-4597,aptanastudio,8,2.1972245773362196
APSTUD-4599,aptanastudio,8,2.1972245773362196
APSTUD-4604,aptanastudio,8,2.1972245773362196
APSTUD-4605,aptanastudio,8,2.1972245773362196
APSTUD-4607,aptanastudio,8,2.1972245773362196
APSTUD-4610,aptanastudio,8,2.1972245773362196
APSTUD-4611,aptanastudio,8,2.1972245773362196
APSTUD-4614,aptanastudio,20,3.044522437723423
APSTUD-4615,aptanastudio,13,2.6390573296152584
APSTUD-4616,aptanastudio,13,2.6390573296152584
APSTUD-4617,aptanastudio,5,1.791759469228055
APSTUD-4618,aptanastudio,20,3.044522437723423
APSTUD-4619,aptanastudio,8,2.1972245773362196
APSTUD-4622,aptanastudio,13,2.6390573296152584
APSTUD-4623,aptanastudio,20,3.044522437723423
APSTUD-4624,aptanastudio,13,2.6390573296152584
APSTUD-4625,aptanastudio,13,2.6390573296152584
APSTUD-4626,aptanastudio,20,3.044522437723423
APSTUD-4627,aptanastudio,8,2.1972245773362196
APSTUD-4628,aptanastudio,5,1.791759469228055
APSTUD-4634,aptanastudio,13,2.6390573296152584
APSTUD-4637,aptanastudio,8,2.1972245773362196
APSTUD-4638,aptanastudio,8,2.1972245773362196
APSTUD-4640,aptanastudio,5,1.791759469228055
APSTUD-4641,aptanastudio,5,1.791759469228055
APSTUD-4643,aptanastudio,5,1.791759469228055
APSTUD-4644,aptanastudio,13,2.6390573296152584
APSTUD-4646,aptanastudio,13,2.6390573296152584
APSTUD-4647,aptanastudio,13,2.6390573296152584
APSTUD-4648,aptanastudio,5,1.791759469228055
APSTUD-4649,aptanastudio,13,2.6390573296152584
APSTUD-4650,aptanastudio,8,2.1972245773362196
APSTUD-4651,aptanastudio,13,2.6390573296152584
APSTUD-4652,aptanastudio,13,2.6390573296152584
APSTUD-4653,aptanastudio,20,3.044522437723423
APSTUD-4654,aptanastudio,13,2.6390573296152584
APSTUD-4655,aptanastudio,5,1.791759469228055
APSTUD-4661,aptanastudio,8,2.1972245773362196
APSTUD-4662,aptanastudio,8,2.1972245773362196
APSTUD-4663,aptanastudio,8,2.1972245773362196
APSTUD-4665,aptanastudio,13,2.6390573296152584
APSTUD-4666,aptanastudio,8,2.1972245773362196
APSTUD-4670,aptanastudio,8,2.1972245773362196
APSTUD-4671,aptanastudio,8,2.1972245773362196
APSTUD-4677,aptanastudio,8,2.1972245773362196
APSTUD-4680,aptanastudio,8,2.1972245773362196
APSTUD-4682,aptanastudio,8,2.1972245773362196
APSTUD-4684,aptanastudio,8,2.1972245773362196
APSTUD-4688,aptanastudio,5,1.791759469228055
APSTUD-4690,aptanastudio,20,3.044522437723423
APSTUD-4691,aptanastudio,20,3.044522437723423
APSTUD-4692,aptanastudio,13,2.6390573296152584
APSTUD-4693,aptanastudio,13,2.6390573296152584
APSTUD-4694,aptanastudio,5,1.791759469228055
APSTUD-4695,aptanastudio,8,2.1972245773362196
APSTUD-4696,aptanastudio,8,2.1972245773362196
APSTUD-4697,aptanastudio,5,1.791759469228055
APSTUD-4699,aptanastudio,5,1.791759469228055
APSTUD-4701,aptanastudio,8,2.1972245773362196
APSTUD-4703,aptanastudio,20,3.044522437723423
APSTUD-4704,aptanastudio,8,2.1972245773362196
APSTUD-4706,aptanastudio,3,1.3862943611198906
APSTUD-4707,aptanastudio,5,1.791759469228055
APSTUD-4709,aptanastudio,8,2.1972245773362196
APSTUD-4714,aptanastudio,8,2.1972245773362196
APSTUD-4717,aptanastudio,13,2.6390573296152584
APSTUD-4718,aptanastudio,20,3.044522437723423
APSTUD-4721,aptanastudio,5,1.791759469228055
APSTUD-4722,aptanastudio,13,2.6390573296152584
APSTUD-4723,aptanastudio,20,3.044522437723423
APSTUD-4724,aptanastudio,5,1.791759469228055
APSTUD-4725,aptanastudio,8,2.1972245773362196
APSTUD-4726,aptanastudio,5,1.791759469228055
APSTUD-4727,aptanastudio,5,1.791759469228055
APSTUD-4728,aptanastudio,13,2.6390573296152584
APSTUD-4729,aptanastudio,5,1.791759469228055
APSTUD-4730,aptanastudio,8,2.1972245773362196
APSTUD-4731,aptanastudio,13,2.6390573296152584
APSTUD-4732,aptanastudio,8,2.1972245773362196
APSTUD-4733,aptanastudio,8,2.1972245773362196
APSTUD-4734,aptanastudio,3,1.3862943611198906
APSTUD-4737,aptanastudio,8,2.1972245773362196
APSTUD-4738,aptanastudio,8,2.1972245773362196
APSTUD-4743,aptanastudio,8,2.1972245773362196
APSTUD-4745,aptanastudio,8,2.1972245773362196
APSTUD-4746,aptanastudio,13,2.6390573296152584
APSTUD-4747,aptanastudio,13,2.6390573296152584
APSTUD-4748,aptanastudio,13,2.6390573296152584
APSTUD-4749,aptanastudio,5,1.791759469228055
APSTUD-4750,aptanastudio,5,1.791759469228055
APSTUD-4752,aptanastudio,5,1.791759469228055
APSTUD-4753,aptanastudio,13,2.6390573296152584
APSTUD-4754,aptanastudio,8,2.1972245773362196
APSTUD-4755,aptanastudio,8,2.1972245773362196
APSTUD-4756,aptanastudio,13,2.6390573296152584
APSTUD-4757,aptanastudio,13,2.6390573296152584
APSTUD-4758,aptanastudio,8,2.1972245773362196
APSTUD-4762,aptanastudio,5,1.791759469228055
APSTUD-4763,aptanastudio,8,2.1972245773362196
APSTUD-4764,aptanastudio,8,2.1972245773362196
APSTUD-4765,aptanastudio,13,2.6390573296152584
APSTUD-4767,aptanastudio,8,2.1972245773362196
APSTUD-4768,aptanastudio,13,2.6390573296152584
APSTUD-4769,aptanastudio,13,2.6390573296152584
APSTUD-4771,aptanastudio,13,2.6390573296152584
APSTUD-4774,aptanastudio,13,2.6390573296152584
APSTUD-4775,aptanastudio,5,1.791759469228055
APSTUD-4776,aptanastudio,8,2.1972245773362196
APSTUD-4777,aptanastudio,8,2.1972245773362196
APSTUD-4778,aptanastudio,13,2.6390573296152584
APSTUD-4782,aptanastudio,5,1.791759469228055
APSTUD-4783,aptanastudio,13,2.6390573296152584
APSTUD-4786,aptanastudio,13,2.6390573296152584
APSTUD-4787,aptanastudio,8,2.1972245773362196
APSTUD-4788,aptanastudio,8,2.1972245773362196
APSTUD-4789,aptanastudio,13,2.6390573296152584
APSTUD-4790,aptanastudio,13,2.6390573296152584
APSTUD-4791,aptanastudio,20,3.044522437723423
APSTUD-4792,aptanastudio,13,2.6390573296152584
APSTUD-4793,aptanastudio,13,2.6390573296152584
APSTUD-4794,aptanastudio,13,2.6390573296152584
APSTUD-4795,aptanastudio,13,2.6390573296152584
APSTUD-4797,aptanastudio,3,1.3862943611198906
APSTUD-4798,aptanastudio,5,1.791759469228055
APSTUD-4799,aptanastudio,5,1.791759469228055
APSTUD-4800,aptanastudio,8,2.1972245773362196
APSTUD-4801,aptanastudio,13,2.6390573296152584
APSTUD-4804,aptanastudio,13,2.6390573296152584
APSTUD-4808,aptanastudio,8,2.1972245773362196
APSTUD-4810,aptanastudio,40,3.713572066704308
APSTUD-4815,aptanastudio,13,2.6390573296152584
APSTUD-4819,aptanastudio,13,2.6390573296152584
APSTUD-4821,aptanastudio,8,2.1972245773362196
APSTUD-4823,aptanastudio,8,2.1972245773362196
APSTUD-4826,aptanastudio,8,2.1972245773362196
APSTUD-4827,aptanastudio,5,1.791759469228055
APSTUD-4830,aptanastudio,8,2.1972245773362196
APSTUD-4832,aptanastudio,8,2.1972245773362196
APSTUD-4834,aptanastudio,8,2.1972245773362196
APSTUD-4835,aptanastudio,5,1.791759469228055
APSTUD-4836,aptanastudio,8,2.1972245773362196
APSTUD-4837,aptanastudio,5,1.791759469228055
APSTUD-4838,aptanastudio,3,1.3862943611198906
APSTUD-4839,aptanastudio,8,2.1972245773362196
APSTUD-4840,aptanastudio,8,2.1972245773362196
APSTUD-4841,aptanastudio,3,1.3862943611198906
APSTUD-4842,aptanastudio,40,3.713572066704308
APSTUD-4843,aptanastudio,20,3.044522437723423
APSTUD-4844,aptanastudio,13,2.6390573296152584
APSTUD-4845,aptanastudio,13,2.6390573296152584
APSTUD-4846,aptanastudio,20,3.044522437723423
APSTUD-4847,aptanastudio,13,2.6390573296152584
APSTUD-4848,aptanastudio,20,3.044522437723423
APSTUD-4850,aptanastudio,3,1.3862943611198906
APSTUD-4853,aptanastudio,8,2.1972245773362196
APSTUD-4857,aptanastudio,8,2.1972245773362196
APSTUD-4860,aptanastudio,5,1.791759469228055
APSTUD-4861,aptanastudio,20,3.044522437723423
APSTUD-4864,aptanastudio,13,2.6390573296152584
APSTUD-4867,aptanastudio,8,2.1972245773362196
APSTUD-4868,aptanastudio,8,2.1972245773362196
APSTUD-4870,aptanastudio,8,2.1972245773362196
APSTUD-4873,aptanastudio,5,1.791759469228055
APSTUD-4874,aptanastudio,13,2.6390573296152584
APSTUD-4875,aptanastudio,5,1.791759469228055
APSTUD-4880,aptanastudio,5,1.791759469228055
APSTUD-4883,aptanastudio,13,2.6390573296152584
APSTUD-4886,aptanastudio,13,2.6390573296152584
APSTUD-4887,aptanastudio,3,1.3862943611198906
APSTUD-4892,aptanastudio,8,2.1972245773362196
APSTUD-4894,aptanastudio,5,1.791759469228055
APSTUD-4895,aptanastudio,5,1.791759469228055
APSTUD-4896,aptanastudio,13,2.6390573296152584
APSTUD-4897,aptanastudio,20,3.044522437723423
APSTUD-4899,aptanastudio,40,3.713572066704308
APSTUD-4901,aptanastudio,5,1.791759469228055
APSTUD-4902,aptanastudio,8,2.1972245773362196
APSTUD-4903,aptanastudio,8,2.1972245773362196
APSTUD-4906,aptanastudio,8,2.1972245773362196
APSTUD-4907,aptanastudio,8,2.1972245773362196
APSTUD-4909,aptanastudio,3,1.3862943611198906
APSTUD-4912,aptanastudio,5,1.791759469228055
APSTUD-4917,aptanastudio,8,2.1972245773362196
APSTUD-4919,aptanastudio,13,2.6390573296152584
APSTUD-4920,aptanastudio,8,2.1972245773362196
APSTUD-4921,aptanastudio,5,1.791759469228055
APSTUD-4922,aptanastudio,3,1.3862943611198906
APSTUD-4923,aptanastudio,8,2.1972245773362196
APSTUD-4925,aptanastudio,5,1.791759469228055
APSTUD-4926,aptanastudio,20,3.044522437723423
APSTUD-4927,aptanastudio,5,1.791759469228055
APSTUD-4935,aptanastudio,5,1.791759469228055
APSTUD-4937,aptanastudio,8,2.1972245773362196
APSTUD-4939,aptanastudio,5,1.791759469228055
APSTUD-4940,aptanastudio,13,2.6390573296152584
APSTUD-4941,aptanastudio,2,1.0986122886681098
APSTUD-4944,aptanastudio,8,2.1972245773362196
APSTUD-4945,aptanastudio,5,1.791759469228055
APSTUD-4946,aptanastudio,5,1.791759469228055
APSTUD-4947,aptanastudio,5,1.791759469228055
APSTUD-4948,aptanastudio,5,1.791759469228055
APSTUD-4949,aptanastudio,8,2.1972245773362196
APSTUD-4950,aptanastudio,8,2.1972245773362196
APSTUD-4952,aptanastudio,3,1.3862943611198906
APSTUD-4953,aptanastudio,3,1.3862943611198906
APSTUD-4956,aptanastudio,5,1.791759469228055
APSTUD-4957,aptanastudio,8,2.1972245773362196
APSTUD-4959,aptanastudio,13,2.6390573296152584
APSTUD-4961,aptanastudio,13,2.6390573296152584
APSTUD-4962,aptanastudio,5,1.791759469228055
APSTUD-4964,aptanastudio,8,2.1972245773362196
APSTUD-4965,aptanastudio,8,2.1972245773362196
APSTUD-4967,aptanastudio,8,2.1972245773362196
APSTUD-4968,aptanastudio,8,2.1972245773362196
APSTUD-4969,aptanastudio,8,2.1972245773362196
APSTUD-4971,aptanastudio,8,2.1972245773362196
APSTUD-4974,aptanastudio,20,3.044522437723423
APSTUD-4975,aptanastudio,8,2.1972245773362196
APSTUD-4976,aptanastudio,8,2.1972245773362196
APSTUD-4978,aptanastudio,8,2.1972245773362196
APSTUD-4979,aptanastudio,8,2.1972245773362196
APSTUD-4980,aptanastudio,13,2.6390573296152584
APSTUD-4983,aptanastudio,8,2.1972245773362196
APSTUD-4986,aptanastudio,8,2.1972245773362196
APSTUD-4989,aptanastudio,3,1.3862943611198906
APSTUD-4991,aptanastudio,3,1.3862943611198906
APSTUD-4992,aptanastudio,8,2.1972245773362196
APSTUD-4993,aptanastudio,3,1.3862943611198906
APSTUD-4994,aptanastudio,5,1.791759469228055
APSTUD-4995,aptanastudio,8,2.1972245773362196
APSTUD-4996,aptanastudio,5,1.791759469228055
APSTUD-4998,aptanastudio,8,2.1972245773362196
APSTUD-5002,aptanastudio,2,1.0986122886681098
APSTUD-5004,aptanastudio,13,2.6390573296152584
APSTUD-5007,aptanastudio,13,2.6390573296152584
APSTUD-5010,aptanastudio,8,2.1972245773362196
APSTUD-5015,aptanastudio,8,2.1972245773362196
APSTUD-5017,aptanastudio,8,2.1972245773362196
APSTUD-5018,aptanastudio,8,2.1972245773362196
APSTUD-5020,aptanastudio,5,1.791759469228055
APSTUD-5022,aptanastudio,5,1.791759469228055
APSTUD-5023,aptanastudio,5,1.791759469228055
APSTUD-5024,aptanastudio,8,2.1972245773362196
APSTUD-5027,aptanastudio,8,2.1972245773362196
APSTUD-5028,aptanastudio,5,1.791759469228055
APSTUD-5030,aptanastudio,8,2.1972245773362196
APSTUD-5031,aptanastudio,13,2.6390573296152584
APSTUD-5033,aptanastudio,8,2.1972245773362196
APSTUD-5034,aptanastudio,13,2.6390573296152584
APSTUD-5035,aptanastudio,8,2.1972245773362196
APSTUD-5036,aptanastudio,5,1.791759469228055
APSTUD-5038,aptanastudio,5,1.791759469228055
APSTUD-5039,aptanastudio,13,2.6390573296152584
APSTUD-5040,aptanastudio,8,2.1972245773362196
APSTUD-5041,aptanastudio,13,2.6390573296152584
APSTUD-5043,aptanastudio,3,1.3862943611198906
APSTUD-5046,aptanastudio,8,2.1972245773362196
APSTUD-5380,aptanastudio,5,1.791759469228055
APSTUD-5655,aptanastudio,5,1.791759469228055
BAM-65,bamboo,3,1.3862943611198906
BAM-932,bamboo,2,1.0986122886681098
BAM-3476,bamboo,2,1.0986122886681098
BAM-3612,bamboo,2,1.0986122886681098
BAM-3616,bamboo,5,1.791759469228055
BAM-3620,bamboo,2,1.0986122886681098
BAM-3621,bamboo,5,1.791759469228055
BAM-3626,bamboo,5,1.791759469228055
BAM-3631,bamboo,5,1.791759469228055
BAM-3633,bamboo,8,2.1972245773362196
BAM-3634,bamboo,1,0.6931471805599453
BAM-3676,bamboo,8,2.1972245773362196
BAM-3679,bamboo,3,1.3862943611198906
BAM-3681,bamboo,12,2.5649493574615367
BAM-3683,bamboo,8,2.1972245773362196
BAM-3685,bamboo,5,1.791759469228055
BAM-3693,bamboo,2,1.0986122886681098
BAM-3695,bamboo,3,1.3862943611198906
BAM-3718,bamboo,5,1.791759469228055
BAM-3724,bamboo,12,2.5649493574615367
BAM-3728,bamboo,5,1.791759469228055
BAM-3731,bamboo,2,1.0986122886681098
BAM-3733,bamboo,1,0.6931471805599453
BAM-3735,bamboo,2,1.0986122886681098
BAM-3737,bamboo,3,1.3862943611198906
BAM-3740,bamboo,3,1.3862943611198906
BAM-3742,bamboo,5,1.791759469228055
BAM-3745,bamboo,3,1.3862943611198906
BAM-3748,bamboo,5,1.791759469228055
BAM-3766,bamboo,1,0.6931471805599453
BAM-3801,bamboo,3,1.3862943611198906
BAM-3804,bamboo,3,1.3862943611198906
BAM-3805,bamboo,2,1.0986122886681098
BAM-3806,bamboo,12,2.5649493574615367
BAM-3807,bamboo,2,1.0986122886681098
BAM-3808,bamboo,5,1.791759469228055
BAM-3809,bamboo,5,1.791759469228055
BAM-3864,bamboo,5,1.791759469228055
BAM-3871,bamboo,2,1.0986122886681098
BAM-3890,bamboo,3,1.3862943611198906
BAM-3905,bamboo,3,1.3862943611198906
BAM-3912,bamboo,3,1.3862943611198906
BAM-3917,bamboo,5,1.791759469228055
BAM-3918,bamboo,3,1.3862943611198906
BAM-3922,bamboo,3,1.3862943611198906
BAM-3923,bamboo,3,1.3862943611198906
BAM-3961,bamboo,8,2.1972245773362196
BAM-3981,bamboo,2,1.0986122886681098
BAM-4000,bamboo,5,1.791759469228055
BAM-4003,bamboo,2,1.0986122886681098
BAM-4030,bamboo,5,1.791759469228055
BAM-4037,bamboo,5,1.791759469228055
BAM-4088,bamboo,1,0.6931471805599453
BAM-4341,bamboo,1,0.6931471805599453
BAM-4360,bamboo,2,1.0986122886681098
BAM-4367,bamboo,2,1.0986122886681098
BAM-4378,bamboo,1,0.6931471805599453
BAM-4386,bamboo,1,0.6931471805599453
BAM-4416,bamboo,2,1.0986122886681098
BAM-4418,bamboo,1,0.6931471805599453
BAM-4424,bamboo,3,1.3862943611198906
BAM-4484,bamboo,1,0.6931471805599453
BAM-4497,bamboo,2,1.0986122886681098
BAM-4503,bamboo,1,0.6931471805599453
BAM-4534,bamboo,20,3.044522437723423
BAM-4535,bamboo,3,1.3862943611198906
BAM-4536,bamboo,20,3.044522437723423
BAM-4537,bamboo,2,1.0986122886681098
BAM-4574,bamboo,1,0.6931471805599453
BAM-4576,bamboo,5,1.791759469228055
BAM-4579,bamboo,1,0.6931471805599453
BAM-4580,bamboo,3,1.3862943611198906
BAM-4581,bamboo,1,0.6931471805599453
BAM-4583,bamboo,3,1.3862943611198906
BAM-4593,bamboo,5,1.791759469228055
BAM-4594,bamboo,2,1.0986122886681098
BAM-4605,bamboo,3,1.3862943611198906
BAM-4627,bamboo,2,1.0986122886681098
BAM-4628,bamboo,2,1.0986122886681098
BAM-4645,bamboo,3,1.3862943611198906
BAM-4664,bamboo,2,1.0986122886681098
BAM-4665,bamboo,2,1.0986122886681098
BAM-4666,bamboo,8,2.1972245773362196
BAM-4667,bamboo,8,2.1972245773362196
BAM-4673,bamboo,5,1.791759469228055
BAM-4690,bamboo,5,1.791759469228055
BAM-4704,bamboo,1,0.6931471805599453
BAM-4718,bamboo,2,1.0986122886681098
BAM-4724,bamboo,2,1.0986122886681098
BAM-4725,bamboo,8,2.1972245773362196
BAM-4729,bamboo,3,1.3862943611198906
BAM-4731,bamboo,3,1.3862943611198906
BAM-4732,bamboo,2,1.0986122886681098
BAM-4734,bamboo,1,0.6931471805599453
BAM-4735,bamboo,1,0.6931471805599453
BAM-4736,bamboo,2,1.0986122886681098
BAM-4737,bamboo,2,1.0986122886681098
BAM-4780,bamboo,20,3.044522437723423
BAM-4790,bamboo,1,0.6931471805599453
BAM-4791,bamboo,5,1.791759469228055
BAM-4793,bamboo,3,1.3862943611198906
BAM-4794,bamboo,3,1.3862943611198906
BAM-4795,bamboo,5,1.791759469228055
BAM-4806,bamboo,2,1.0986122886681098
BAM-4841,bamboo,5,1.791759469228055
BAM-4845,bamboo,5,1.791759469228055
BAM-4849,bamboo,1,0.6931471805599453
BAM-4850,bamboo,3,1.3862943611198906
BAM-4857,bamboo,3,1.3862943611198906
BAM-4869,bamboo,5,1.791759469228055
BAM-4871,bamboo,3,1.3862943611198906
BAM-4905,bamboo,2,1.0986122886681098
BAM-4922,bamboo,1,0.6931471805599453
BAM-4923,bamboo,1,0.6931471805599453
BAM-4924,bamboo,2,1.0986122886681098
BAM-4925,bamboo,1,0.6931471805599453
BAM-4932,bamboo,3,1.3862943611198906
BAM-4933,bamboo,3,1.3862943611198906
BAM-4935,bamboo,3,1.3862943611198906
BAM-4937,bamboo,3,1.3862943611198906
BAM-4939,bamboo,2,1.0986122886681098
BAM-4940,bamboo,2,1.0986122886681098
BAM-4941,bamboo,1,0.6931471805599453
BAM-4942,bamboo,3,1.3862943611198906
BAM-4943,bamboo,4,1.6094379124341003
BAM-5008,bamboo,3,1.3862943611198906
BAM-5057,bamboo,2,1.0986122886681098
BAM-5070,bamboo,2,1.0986122886681098
BAM-5076,bamboo,2,1.0986122886681098
BAM-5102,bamboo,2,1.0986122886681098
BAM-5124,bamboo,5,1.791759469228055
BAM-5127,bamboo,2,1.0986122886681098
BAM-5135,bamboo,2,1.0986122886681098
BAM-5140,bamboo,3,1.3862943611198906
BAM-5142,bamboo,1,0.6931471805599453
BAM-5143,bamboo,2,1.0986122886681098
BAM-5153,bamboo,3,1.3862943611198906
BAM-5172,bamboo,5,1.791759469228055
BAM-5182,bamboo,2,1.0986122886681098
BAM-5184,bamboo,3,1.3862943611198906
BAM-5187,bamboo,5,1.791759469228055
BAM-5189,bamboo,2,1.0986122886681098
BAM-5192,bamboo,5,1.791759469228055
BAM-5197,bamboo,3,1.3862943611198906
BAM-5213,bamboo,3,1.3862943611198906
BAM-5218,bamboo,3,1.3862943611198906
BAM-5230,bamboo,2,1.0986122886681098
BAM-5244,bamboo,3,1.3862943611198906
BAM-5261,bamboo,3,1.3862943611198906
BAM-5263,bamboo,3,1.3862943611198906
BAM-5277,bamboo,3,1.3862943611198906
BAM-5281,bamboo,5,1.791759469228055
BAM-5287,bamboo,1,0.6931471805599453
BAM-5296,bamboo,3,1.3862943611198906
BAM-5317,bamboo,5,1.791759469228055
BAM-5328,bamboo,1,0.6931471805599453
BAM-5358,bamboo,2,1.0986122886681098
BAM-5376,bamboo,8,2.1972245773362196
BAM-5425,bamboo,2,1.0986122886681098
BAM-5431,bamboo,2,1.0986122886681098
BAM-5433,bamboo,5,1.791759469228055
BAM-5442,bamboo,3,1.3862943611198906
BAM-5456,bamboo,3,1.3862943611198906
BAM-5510,bamboo,1,0.6931471805599453
BAM-5519,bamboo,3,1.3862943611198906
BAM-5569,bamboo,3,1.3862943611198906
BAM-5644,bamboo,8,2.1972245773362196
BAM-5645,bamboo,13,2.6390573296152584
BAM-5651,bamboo,5,1.791759469228055
BAM-5674,bamboo,1,0.6931471805599453
BAM-5675,bamboo,1,0.6931471805599453
BAM-5701,bamboo,3,1.3862943611198906
BAM-5713,bamboo,1,0.6931471805599453
BAM-5778,bamboo,1,0.6931471805599453
BAM-5833,bamboo,5,1.791759469228055
BAM-5860,bamboo,1,0.6931471805599453
BAM-5862,bamboo,3,1.3862943611198906
BAM-5870,bamboo,5,1.791759469228055
BAM-5943,bamboo,1,0.6931471805599453
BAM-6010,bamboo,3,1.3862943611198906
BAM-6017,bamboo,3,1.3862943611198906
BAM-6018,bamboo,2,1.0986122886681098
BAM-6038,bamboo,2,1.0986122886681098
BAM-6087,bamboo,2,1.0986122886681098
BAM-6119,bamboo,2,1.0986122886681098
BAM-6122,bamboo,2,1.0986122886681098
BAM-6133,bamboo,1,0.6931471805599453
BAM-6140,bamboo,1,0.6931471805599453
BAM-6144,bamboo,3,1.3862943611198906
BAM-6215,bamboo,2,1.0986122886681098
BAM-6216,bamboo,1,0.6931471805599453
BAM-6226,bamboo,3,1.3862943611198906
BAM-6247,bamboo,1,0.6931471805599453
BAM-6251,bamboo,2,1.0986122886681098
BAM-6259,bamboo,3,1.3862943611198906
BAM-6260,bamboo,2,1.0986122886681098
BAM-6261,bamboo,2,1.0986122886681098
BAM-6262,bamboo,2,1.0986122886681098
BAM-6293,bamboo,2,1.0986122886681098
BAM-6313,bamboo,2,1.0986122886681098
BAM-6358,bamboo,2,1.0986122886681098
BAM-6497,bamboo,3,1.3862943611198906
BAM-6498,bamboo,1,0.6931471805599453
BAM-6500,bamboo,3,1.3862943611198906
BAM-6501,bamboo,3,1.3862943611198906
BAM-6503,bamboo,2,1.0986122886681098
BAM-6505,bamboo,2,1.0986122886681098
BAM-6506,bamboo,3,1.3862943611198906
BAM-6529,bamboo,2,1.0986122886681098
BAM-6551,bamboo,1,0.6931471805599453
BAM-6714,bamboo,1,0.6931471805599453
BAM-6747,bamboo,2,1.0986122886681098
BAM-6749,bamboo,1,0.6931471805599453
BAM-6755,bamboo,1,0.6931471805599453
BAM-6757,bamboo,2,1.0986122886681098
BAM-6765,bamboo,3,1.3862943611198906
BAM-6785,bamboo,2,1.0986122886681098
BAM-6823,bamboo,1,0.6931471805599453
BAM-6829,bamboo,1,0.6931471805599453
BAM-6832,bamboo,2,1.0986122886681098
BAM-6855,bamboo,1,0.6931471805599453
BAM-6872,bamboo,2,1.0986122886681098
BAM-6901,bamboo,2,1.0986122886681098
BAM-6909,bamboo,1,0.6931471805599453
BAM-6912,bamboo,2,1.0986122886681098
BAM-6934,bamboo,2,1.0986122886681098
BAM-6957,bamboo,2,1.0986122886681098
BAM-6969,bamboo,3,1.3862943611198906
BAM-7010,bamboo,5,1.791759469228055
BAM-7024,bamboo,2,1.0986122886681098
BAM-7048,bamboo,8,2.1972245773362196
BAM-7058,bamboo,1,0.6931471805599453
BAM-7059,bamboo,1,0.6931471805599453
BAM-7081,bamboo,1,0.6931471805599453
BAM-7200,bamboo,5,1.791759469228055
BAM-7218,bamboo,1,0.6931471805599453
BAM-7228,bamboo,1,0.6931471805599453
BAM-7231,bamboo,1,0.6931471805599453
BAM-7236,bamboo,1,0.6931471805599453
BAM-7237,bamboo,1,0.6931471805599453
BAM-7260,bamboo,1,0.6931471805599453
BAM-7275,bamboo,1,0.6931471805599453
BAM-7291,bamboo,1,0.6931471805599453
BAM-7299,bamboo,2,1.0986122886681098
BAM-7316,bamboo,1,0.6931471805599453
BAM-7360,bamboo,2,1.0986122886681098
BAM-7365,bamboo,1,0.6931471805599453
BAM-7366,bamboo,2,1.0986122886681098
BAM-7368,bamboo,2,1.0986122886681098
BAM-7404,bamboo,2,1.0986122886681098
BAM-7408,bamboo,1,0.6931471805599453
BAM-7410,bamboo,2,1.0986122886681098
BAM-7413,bamboo,2,1.0986122886681098
BAM-7432,bamboo,2,1.0986122886681098
BAM-7436,bamboo,1,0.6931471805599453
BAM-7437,bamboo,5,1.791759469228055
BAM-7441,bamboo,1,0.6931471805599453
BAM-7442,bamboo,1,0.6931471805599453
BAM-7448,bamboo,1,0.6931471805599453
BAM-7452,bamboo,1,0.6931471805599453
BAM-7454,bamboo,2,1.0986122886681098
BAM-7469,bamboo,1,0.6931471805599453
BAM-7471,bamboo,2,1.0986122886681098
BAM-7476,bamboo,1,0.6931471805599453
BAM-7483,bamboo,2,1.0986122886681098
BAM-7484,bamboo,2,1.0986122886681098
BAM-7485,bamboo,3,1.3862943611198906
BAM-7486,bamboo,5,1.791759469228055
BAM-7500,bamboo,1,0.6931471805599453
BAM-7501,bamboo,1,0.6931471805599453
BAM-7503,bamboo,2,1.0986122886681098
BAM-7507,bamboo,2,1.0986122886681098
BAM-7517,bamboo,2,1.0986122886681098
BAM-7531,bamboo,1,0.6931471805599453
BAM-7555,bamboo,1,0.6931471805599453
BAM-7593,bamboo,1,0.6931471805599453
BAM-7599,bamboo,3,1.3862943611198906
BAM-7602,bamboo,1,0.6931471805599453
BAM-7619,bamboo,2,1.0986122886681098
BAM-7626,bamboo,5,1.791759469228055
BAM-7628,bamboo,1,0.6931471805599453
BAM-7630,bamboo,2,1.0986122886681098
BAM-7631,bamboo,2,1.0986122886681098
BAM-7632,bamboo,1,0.6931471805599453
BAM-7633,bamboo,1,0.6931471805599453
BAM-7635,bamboo,1,0.6931471805599453
BAM-7655,bamboo,1,0.6931471805599453
BAM-7656,bamboo,1,0.6931471805599453
BAM-7658,bamboo,2,1.0986122886681098
BAM-7660,bamboo,1,0.6931471805599453
BAM-7673,bamboo,1,0.6931471805599453
BAM-7674,bamboo,1,0.6931471805599453
BAM-7676,bamboo,2,1.0986122886681098
BAM-7677,bamboo,1,0.6931471805599453
BAM-7683,bamboo,1,0.6931471805599453
BAM-7684,bamboo,1,0.6931471805599453
BAM-7689,bamboo,2,1.0986122886681098
BAM-7690,bamboo,1,0.6931471805599453
BAM-7695,bamboo,3,1.3862943611198906
BAM-7724,bamboo,2,1.0986122886681098
BAM-7732,bamboo,2,1.0986122886681098
BAM-7735,bamboo,3,1.3862943611198906
BAM-7771,bamboo,5,1.791759469228055
BAM-7812,bamboo,1,0.6931471805599453
BAM-7814,bamboo,1,0.6931471805599453
BAM-7825,bamboo,1,0.6931471805599453
BAM-7833,bamboo,2,1.0986122886681098
BAM-7840,bamboo,1,0.6931471805599453
BAM-7873,bamboo,1,0.6931471805599453
BAM-7924,bamboo,2,1.0986122886681098
BAM-8015,bamboo,1,0.6931471805599453
BAM-8059,bamboo,1,0.6931471805599453
BAM-8070,bamboo,2,1.0986122886681098
BAM-8072,bamboo,5,1.791759469228055
BAM-8073,bamboo,2,1.0986122886681098
BAM-8078,bamboo,2,1.0986122886681098
BAM-8083,bamboo,2,1.0986122886681098
BAM-8089,bamboo,3,1.3862943611198906
BAM-8158,bamboo,3,1.3862943611198906
BAM-8213,bamboo,1,0.6931471805599453
BAM-8216,bamboo,3,1.3862943611198906
BAM-8222,bamboo,1,0.6931471805599453
BAM-8241,bamboo,1,0.6931471805599453
BAM-8256,bamboo,2,1.0986122886681098
BAM-8324,bamboo,2,1.0986122886681098
BAM-8325,bamboo,1,0.6931471805599453
BAM-8379,bamboo,1,0.6931471805599453
BAM-8383,bamboo,1,0.6931471805599453
BAM-8419,bamboo,1,0.6931471805599453
BAM-8438,bamboo,2,1.0986122886681098
BAM-8446,bamboo,2,1.0986122886681098
BAM-8447,bamboo,2,1.0986122886681098
BAM-8448,bamboo,2,1.0986122886681098
BAM-8454,bamboo,2,1.0986122886681098
BAM-8456,bamboo,3,1.3862943611198906
BAM-8478,bamboo,2,1.0986122886681098
BAM-8492,bamboo,1,0.6931471805599453
BAM-8503,bamboo,1,0.6931471805599453
BAM-8507,bamboo,2,1.0986122886681098
BAM-8529,bamboo,3,1.3862943611198906
BAM-8542,bamboo,2,1.0986122886681098
BAM-8551,bamboo,1,0.6931471805599453
BAM-8556,bamboo,2,1.0986122886681098
BAM-8639,bamboo,3,1.3862943611198906
BAM-8678,bamboo,1,0.6931471805599453
BAM-8707,bamboo,1,0.6931471805599453
BAM-8746,bamboo,2,1.0986122886681098
BAM-8782,bamboo,1,0.6931471805599453
BAM-8783,bamboo,2,1.0986122886681098
BAM-8784,bamboo,1,0.6931471805599453
BAM-8785,bamboo,2,1.0986122886681098
BAM-8786,bamboo,1,0.6931471805599453
BAM-8787,bamboo,1,0.6931471805599453
BAM-8789,bamboo,2,1.0986122886681098
BAM-8790,bamboo,1,0.6931471805599453
BAM-8791,bamboo,2,1.0986122886681098
BAM-8805,bamboo,1,0.6931471805599453
BAM-8806,bamboo,2,1.0986122886681098
BAM-8847,bamboo,1,0.6931471805599453
BAM-8866,bamboo,2,1.0986122886681098
BAM-8868,bamboo,1,0.6931471805599453
BAM-8896,bamboo,1,0.6931471805599453
BAM-8899,bamboo,1,0.6931471805599453
BAM-8932,bamboo,2,1.0986122886681098
BAM-8933,bamboo,2,1.0986122886681098
BAM-8935,bamboo,2,1.0986122886681098
BAM-8943,bamboo,1,0.6931471805599453
BAM-8944,bamboo,2,1.0986122886681098
BAM-8955,bamboo,2,1.0986122886681098
BAM-8957,bamboo,3,1.3862943611198906
BAM-8969,bamboo,1,0.6931471805599453
BAM-8972,bamboo,2,1.0986122886681098
BAM-8976,bamboo,1,0.6931471805599453
BAM-8985,bamboo,3,1.3862943611198906
BAM-9014,bamboo,1,0.6931471805599453
BAM-9018,bamboo,1,0.6931471805599453
BAM-9029,bamboo,2,1.0986122886681098
BAM-9033,bamboo,1,0.6931471805599453
BAM-9089,bamboo,2,1.0986122886681098
BAM-9102,bamboo,1,0.6931471805599453
BAM-9114,bamboo,2,1.0986122886681098
BAM-9163,bamboo,1,0.6931471805599453
BAM-9210,bamboo,1,0.6931471805599453
BAM-9231,bamboo,2,1.0986122886681098
BAM-9297,bamboo,1,0.6931471805599453
BAM-9339,bamboo,1,0.6931471805599453
BAM-9342,bamboo,5,1.791759469228055
BAM-9358,bamboo,1,0.6931471805599453
BAM-9371,bamboo,1,0.6931471805599453
BAM-9372,bamboo,1,0.6931471805599453
BAM-9384,bamboo,2,1.0986122886681098
BAM-9387,bamboo,5,1.791759469228055
BAM-9390,bamboo,2,1.0986122886681098
BAM-9420,bamboo,3,1.3862943611198906
BAM-9459,bamboo,1,0.6931471805599453
BAM-9485,bamboo,5,1.791759469228055
BAM-9511,bamboo,2,1.0986122886681098
BAM-9518,bamboo,1,0.6931471805599453
BAM-9556,bamboo,1,0.6931471805599453
BAM-9597,bamboo,2,1.0986122886681098
BAM-9656,bamboo,1,0.6931471805599453
BAM-9674,bamboo,2,1.0986122886681098
BAM-9680,bamboo,3,1.3862943611198906
BAM-9687,bamboo,2,1.0986122886681098
BAM-9692,bamboo,2,1.0986122886681098
BAM-9750,bamboo,2,1.0986122886681098
BAM-9758,bamboo,2,1.0986122886681098
BAM-9856,bamboo,1,0.6931471805599453
BAM-9868,bamboo,2,1.0986122886681098
BAM-9941,bamboo,2,1.0986122886681098
BAM-9957,bamboo,3,1.3862943611198906
BAM-9976,bamboo,2,1.0986122886681098
BAM-10038,bamboo,1,0.6931471805599453
BAM-10054,bamboo,1,0.6931471805599453
BAM-10057,bamboo,1,0.6931471805599453
BAM-10058,bamboo,1,0.6931471805599453
CLOV-379,clover,2,1.0986122886681098
CLOV-573,clover,1,0.6931471805599453
CLOV-579,clover,1,0.6931471805599453
CLOV-582,clover,4,1.6094379124341003
CLOV-701,clover,2,1.0986122886681098
CLOV-906,clover,1,0.6931471805599453
CLOV-930,clover,2,1.0986122886681098
CLOV-940,clover,3,1.3862943611198906
CLOV-951,clover,2,1.0986122886681098
CLOV-953,clover,3,1.3862943611198906
CLOV-964,clover,1,0.6931471805599453
CLOV-977,clover,1,0.6931471805599453
CLOV-987,clover,1,0.6931471805599453
CLOV-991,clover,2,1.0986122886681098
CLOV-1007,clover,1,0.6931471805599453
CLOV-1011,clover,1,0.6931471805599453
CLOV-1015,clover,5,1.791759469228055
CLOV-1018,clover,2,1.0986122886681098
CLOV-1025,clover,1,0.6931471805599453
CLOV-1056,clover,2,1.0986122886681098
CLOV-1062,clover,13,2.6390573296152584
CLOV-1077,clover,2,1.0986122886681098
CLOV-1082,clover,1,0.6931471805599453
CLOV-1083,clover,1,0.6931471805599453
CLOV-1084,clover,1,0.6931471805599453
CLOV-1085,clover,2,1.0986122886681098
CLOV-1086,clover,2,1.0986122886681098
CLOV-1087,clover,1,0.6931471805599453
CLOV-1090,clover,3,1.3862943611198906
CLOV-1092,clover,1,0.6931471805599453
CLOV-1097,clover,2,1.0986122886681098
CLOV-1100,clover,1,0.6931471805599453
CLOV-1105,clover,1,0.6931471805599453
CLOV-1106,clover,1,0.6931471805599453
CLOV-1108,clover,1,0.6931471805599453
CLOV-1109,clover,2,1.0986122886681098
CLOV-1111,clover,1,0.6931471805599453
CLOV-1112,clover,1,0.6931471805599453
CLOV-1129,clover,1,0.6931471805599453
CLOV-1131,clover,2,1.0986122886681098
CLOV-1132,clover,4,1.6094379124341003
CLOV-1135,clover,1,0.6931471805599453
CLOV-1136,clover,2,1.0986122886681098
CLOV-1137,clover,2,1.0986122886681098
CLOV-1138,clover,1,0.6931471805599453
CLOV-1140,clover,5,1.791759469228055
CLOV-1141,clover,13,2.6390573296152584
CLOV-1142,clover,8,2.1972245773362196
CLOV-1143,clover,1,0.6931471805599453
CLOV-1144,clover,3,1.3862943611198906
CLOV-1148,clover,4,1.6094379124341003
CLOV-1149,clover,1,0.6931471805599453
CLOV-1150,clover,5,1.791759469228055
CLOV-1151,clover,1,0.6931471805599453
CLOV-1154,clover,2,1.0986122886681098
CLOV-1155,clover,2,1.0986122886681098
CLOV-1156,clover,1,0.6931471805599453
CLOV-1157,clover,1,0.6931471805599453
CLOV-1158,clover,1,0.6931471805599453
CLOV-1159,clover,1,0.6931471805599453
CLOV-1160,clover,2,1.0986122886681098
CLOV-1161,clover,2,1.0986122886681098
CLOV-1162,clover,8,2.1972245773362196
CLOV-1165,clover,1,0.6931471805599453
CLOV-1166,clover,2,1.0986122886681098
CLOV-1167,clover,1,0.6931471805599453
CLOV-1170,clover,1,0.6931471805599453
CLOV-1173,clover,2,1.0986122886681098
CLOV-1175,clover,2,1.0986122886681098
CLOV-1176,clover,3,1.3862943611198906
CLOV-1177,clover,1,0.6931471805599453
CLOV-1178,clover,1,0.6931471805599453
CLOV-1179,clover,5,1.791759469228055
CLOV-1181,clover,2,1.0986122886681098
CLOV-1182,clover,3,1.3862943611198906
CLOV-1183,clover,2,1.0986122886681098
CLOV-1184,clover,1,0.6931471805599453
CLOV-1185,clover,2,1.0986122886681098
CLOV-1186,clover,5,1.791759469228055
CLOV-1187,clover,1,0.6931471805599453
CLOV-1188,clover,13,2.6390573296152584
CLOV-1190,clover,2,1.0986122886681098
CLOV-1192,clover,5,1.791759469228055
CLOV-1193,clover,1,0.6931471805599453
CLOV-1195,clover,8,2.1972245773362196
CLOV-1196,clover,1,0.6931471805599453
CLOV-1197,clover,3,1.3862943611198906
CLOV-1202,clover,1,0.6931471805599453
CLOV-1203,clover,1,0.6931471805599453
CLOV-1204,clover,1,0.6931471805599453
CLOV-1205,clover,1,0.6931471805599453
CLOV-1206,clover,1,0.6931471805599453
CLOV-1207,clover,3,1.3862943611198906
CLOV-1208,clover,1,0.6931471805599453
CLOV-1209,clover,3,1.3862943611198906
CLOV-1227,clover,2,1.0986122886681098
CLOV-1228,clover,1,0.6931471805599453
CLOV-1229,clover,1,0.6931471805599453
CLOV-1230,clover,5,1.791759469228055
CLOV-1231,clover,3,1.3862943611198906
CLOV-1232,clover,2,1.0986122886681098
CLOV-1235,clover,2,1.0986122886681098
CLOV-1236,clover,1,0.6931471805599453
CLOV-1237,clover,40,3.713572066704308
CLOV-1238,clover,5,1.791759469228055
CLOV-1239,clover,3,1.3862943611198906
CLOV-1240,clover,3,1.3862943611198906
CLOV-1241,clover,3,1.3862943611198906
CLOV-1242,clover,5,1.791759469228055
CLOV-1243,clover,3,1.3862943611198906
CLOV-1244,clover,3,1.3862943611198906
CLOV-1245,clover,3,1.3862943611198906
CLOV-1246,clover,5,1.791759469228055
CLOV-1247,clover,5,1.791759469228055
CLOV-1248,clover,5,1.791759469228055
CLOV-1249,clover,8,2.1972245773362196
CLOV-1250,clover,5,1.791759469228055
CLOV-1251,clover,5,1.791759469228055
CLOV-1253,clover,5,1.791759469228055
CLOV-1254,clover,4,1.6094379124341003
CLOV-1255,clover,2,1.0986122886681098
CLOV-1257,clover,3,1.3862943611198906
CLOV-1258,clover,8,2.1972245773362196
CLOV-1259,clover,5,1.791759469228055
CLOV-1260,clover,2,1.0986122886681098
CLOV-1261,clover,2,1.0986122886681098
CLOV-1262,clover,3,1.3862943611198906
CLOV-1263,clover,8,2.1972245773362196
CLOV-1264,clover,5,1.791759469228055
CLOV-1265,clover,5,1.791759469228055
CLOV-1266,clover,13,2.6390573296152584
CLOV-1267,clover,8,2.1972245773362196
CLOV-1268,clover,13,2.6390573296152584
CLOV-1269,clover,13,2.6390573296152584
CLOV-1270,clover,13,2.6390573296152584
CLOV-1271,clover,5,1.791759469228055
CLOV-1273,clover,8,2.1972245773362196
CLOV-1279,clover,1,0.6931471805599453
CLOV-1280,clover,5,1.791759469228055
CLOV-1281,clover,1,0.6931471805599453
CLOV-1285,clover,13,2.6390573296152584
CLOV-1286,clover,13,2.6390573296152584
CLOV-1287,clover,20,3.044522437723423
CLOV-1288,clover,13,2.6390573296152584
CLOV-1289,clover,5,1.791759469228055
CLOV-1291,clover,8,2.1972245773362196
CLOV-1292,clover,13,2.6390573296152584
CLOV-1294,clover,20,3.044522437723423
CLOV-1295,clover,3,1.3862943611198906
CLOV-1297,clover,5,1.791759469228055
CLOV-1298,clover,3,1.3862943611198906
CLOV-1299,clover,8,2.1972245773362196
CLOV-1301,clover,2,1.0986122886681098
CLOV-1302,clover,2,1.0986122886681098
CLOV-1303,clover,5,1.791759469228055
CLOV-1326,clover,3,1.3862943611198906
CLOV-1328,clover,13,2.6390573296152584
CLOV-1333,clover,20,3.044522437723423
CLOV-1335,clover,13,2.6390573296152584
CLOV-1336,clover,20,3.044522437723423
CLOV-1337,clover,3,1.3862943611198906
CLOV-1338,clover,3,1.3862943611198906
CLOV-1339,clover,20,3.044522437723423
CLOV-1341,clover,5,1.791759469228055
CLOV-1344,clover,3,1.3862943611198906
CLOV-1348,clover,2,1.0986122886681098
CLOV-1350,clover,1,0.6931471805599453
CLOV-1352,clover,13,2.6390573296152584
CLOV-1353,clover,13,2.6390573296152584
CLOV-1354,clover,3,1.3862943611198906
CLOV-1355,clover,3,1.3862943611198906
CLOV-1357,clover,13,2.6390573296152584
CLOV-1358,clover,40,3.713572066704308
CLOV-1359,clover,13,2.6390573296152584
CLOV-1360,clover,13,2.6390573296152584
CLOV-1361,clover,13,2.6390573296152584
CLOV-1362,clover,8,2.1972245773362196
CLOV-1363,clover,8,2.1972245773362196
CLOV-1369,clover,5,1.791759469228055
CLOV-1375,clover,8,2.1972245773362196
CLOV-1376,clover,5,1.791759469228055
CLOV-1377,clover,3,1.3862943611198906
CLOV-1378,clover,5,1.791759469228055
CLOV-1379,clover,8,2.1972245773362196
CLOV-1380,clover,8,2.1972245773362196
CLOV-1381,clover,1,0.6931471805599453
CLOV-1382,clover,2,1.0986122886681098
CLOV-1384,clover,2,1.0986122886681098
CLOV-1385,clover,5,1.791759469228055
CLOV-1387,clover,40,3.713572066704308
CLOV-1388,clover,20,3.044522437723423
CLOV-1389,clover,13,2.6390573296152584
CLOV-1390,clover,1,0.6931471805599453
CLOV-1392,clover,40,3.713572066704308
CLOV-1393,clover,1,0.6931471805599453
CLOV-1395,clover,13,2.6390573296152584
CLOV-1396,clover,2,1.0986122886681098
CLOV-1397,clover,13,2.6390573296152584
CLOV-1398,clover,3,1.3862943611198906
CLOV-1399,clover,3,1.3862943611198906
CLOV-1401,clover,8,2.1972245773362196
CLOV-1403,clover,2,1.0986122886681098
CLOV-1404,clover,2,1.0986122886681098
CLOV-1406,clover,2,1.0986122886681098
CLOV-1408,clover,5,1.791759469228055
CLOV-1409,clover,2,1.0986122886681098
CLOV-1410,clover,2,1.0986122886681098
CLOV-1411,clover,1,0.6931471805599453
CLOV-1412,clover,1,0.6931471805599453
CLOV-1413,clover,1,0.6931471805599453
CLOV-1415,clover,2,1.0986122886681098
CLOV-1419,clover,2,1.0986122886681098
CLOV-1420,clover,2,1.0986122886681098
CLOV-1423,clover,5,1.791759469228055
CLOV-1424,clover,1,0.6931471805599453
CLOV-1425,clover,1,0.6931471805599453
CLOV-1426,clover,1,0.6931471805599453
CLOV-1427,clover,1,0.6931471805599453
CLOV-1428,clover,2,1.0986122886681098
CLOV-1429,clover,1,0.6931471805599453
CLOV-1431,clover,3,1.3862943611198906
CLOV-1432,clover,3,1.3862943611198906
CLOV-1434,clover,1,0.6931471805599453
CLOV-1438,clover,8,2.1972245773362196
CLOV-1441,clover,2,1.0986122886681098
CLOV-1442,clover,2,1.0986122886681098
CLOV-1443,clover,2,1.0986122886681098
CLOV-1446,clover,2,1.0986122886681098
CLOV-1447,clover,5,1.791759469228055
CLOV-1448,clover,3,1.3862943611198906
CLOV-1449,clover,2,1.0986122886681098
CLOV-1451,clover,2,1.0986122886681098
CLOV-1455,clover,2,1.0986122886681098
CLOV-1457,clover,2,1.0986122886681098
CLOV-1459,clover,2,1.0986122886681098
CLOV-1462,clover,2,1.0986122886681098
CLOV-1466,clover,3,1.3862943611198906
CLOV-1467,clover,3,1.3862943611198906
CLOV-1469,clover,1,0.6931471805599453
CLOV-1470,clover,1,0.6931471805599453
CLOV-1471,clover,3,1.3862943611198906
CLOV-1478,clover,1,0.6931471805599453
CLOV-1481,clover,2,1.0986122886681098
CLOV-1486,clover,1,0.6931471805599453
CLOV-1490,clover,3,1.3862943611198906
CLOV-1492,clover,3,1.3862943611198906
CLOV-1496,clover,3,1.3862943611198906
CLOV-1497,clover,3,1.3862943611198906
CLOV-1498,clover,3,1.3862943611198906
CLOV-1500,clover,8,2.1972245773362196
CLOV-1502,clover,1,0.6931471805599453
CLOV-1503,clover,1,0.6931471805599453
CLOV-1505,clover,3,1.3862943611198906
CLOV-1508,clover,2,1.0986122886681098
CLOV-1509,clover,3,1.3862943611198906
CLOV-1510,clover,1,0.6931471805599453
CLOV-1511,clover,1,0.6931471805599453
CLOV-1512,clover,1,0.6931471805599453
CLOV-1514,clover,1,0.6931471805599453
CLOV-1515,clover,1,0.6931471805599453
CLOV-1517,clover,1,0.6931471805599453
CLOV-1518,clover,5,1.791759469228055
CLOV-1526,clover,5,1.791759469228055
CLOV-1527,clover,1,0.6931471805599453
CLOV-1528,clover,1,0.6931471805599453
CLOV-1534,clover,1,0.6931471805599453
CLOV-1535,clover,1,0.6931471805599453
CLOV-1538,clover,2,1.0986122886681098
CLOV-1540,clover,8,2.1972245773362196
CLOV-1541,clover,8,2.1972245773362196
CLOV-1542,clover,8,2.1972245773362196
CLOV-1543,clover,5,1.791759469228055
CLOV-1544,clover,2,1.0986122886681098
CLOV-1546,clover,1,0.6931471805599453
CLOV-1547,clover,3,1.3862943611198906
CLOV-1552,clover,3,1.3862943611198906
CLOV-1553,clover,3,1.3862943611198906
CLOV-1554,clover,5,1.791759469228055
CLOV-1557,clover,1,0.6931471805599453
CLOV-1559,clover,40,3.713572066704308
CLOV-1560,clover,8,2.1972245773362196
CLOV-1561,clover,1,0.6931471805599453
CLOV-1567,clover,2,1.0986122886681098
CLOV-1568,clover,1,0.6931471805599453
CLOV-1569,clover,1,0.6931471805599453
CLOV-1570,clover,1,0.6931471805599453
CLOV-1571,clover,8,2.1972245773362196
CLOV-1572,clover,5,1.791759469228055
CLOV-1573,clover,5,1.791759469228055
CLOV-1582,clover,2,1.0986122886681098
CLOV-1584,clover,1,0.6931471805599453
CLOV-1585,clover,3,1.3862943611198906
CLOV-1586,clover,3,1.3862943611198906
CLOV-1587,clover,2,1.0986122886681098
CLOV-1588,clover,5,1.791759469228055
CLOV-1595,clover,3,1.3862943611198906
CLOV-1596,clover,13,2.6390573296152584
CLOV-1597,clover,1,0.6931471805599453
CLOV-1603,clover,1,0.6931471805599453
CLOV-1605,clover,1,0.6931471805599453
CLOV-1606,clover,3,1.3862943611198906
CLOV-1607,clover,1,0.6931471805599453
CLOV-1608,clover,2,1.0986122886681098
CLOV-1610,clover,2,1.0986122886681098
CLOV-1611,clover,2,1.0986122886681098
CLOV-1612,clover,1,0.6931471805599453
CLOV-1613,clover,1,0.6931471805599453
DM-4,datamanagement,10,2.3978952727983707
DM-8,datamanagement,2,1.0986122886681098
DM-9,datamanagement,1,0.6931471805599453
DM-10,datamanagement,10,2.3978952727983707
DM-17,datamanagement,10,2.3978952727983707
DM-20,datamanagement,1,0.6931471805599453
DM-21,datamanagement,1,0.6931471805599453
DM-22,datamanagement,1,0.6931471805599453
DM-23,datamanagement,1,0.6931471805599453
DM-25,datamanagement,1,0.6931471805599453
DM-26,datamanagement,1,0.6931471805599453
DM-28,datamanagement,1,0.6931471805599453
DM-52,datamanagement,3,1.3862943611198906
DM-53,datamanagement,6,1.9459101490553132
DM-55,datamanagement,15,2.772588722239781
DM-56,datamanagement,40,3.713572066704308
DM-66,datamanagement,1,0.6931471805599453
DM-70,datamanagement,30,3.4339872044851463
DM-71,datamanagement,8,2.1972245773362196
DM-75,datamanagement,1,0.6931471805599453
DM-78,datamanagement,1,0.6931471805599453
DM-83,datamanagement,4,1.6094379124341003
DM-85,datamanagement,47,3.871201010907891
DM-90,datamanagement,3,1.3862943611198906
DM-92,datamanagement,2,1.0986122886681098
DM-94,datamanagement,1,0.6931471805599453
DM-95,datamanagement,1,0.6931471805599453
DM-96,datamanagement,10,2.3978952727983707
DM-98,datamanagement,2,1.0986122886681098
DM-148,datamanagement,1,0.6931471805599453
DM-177,datamanagement,1,0.6931471805599453
DM-195,datamanagement,15,2.772588722239781
DM-197,datamanagement,1,0.6931471805599453
DM-198,datamanagement,16,2.833213344056216
DM-199,datamanagement,20,3.044522437723423
DM-201,datamanagement,10,2.3978952727983707
DM-202,datamanagement,8,2.1972245773362196
DM-203,datamanagement,4,1.6094379124341003
DM-207,datamanagement,10,2.3978952727983707
DM-208,datamanagement,1,0.6931471805599453
DM-210,datamanagement,10,2.3978952727983707
DM-211,datamanagement,10,2.3978952727983707
DM-212,datamanagement,10,2.3978952727983707
DM-213,datamanagement,5,1.791759469228055
DM-214,datamanagement,47,3.871201010907891
DM-215,datamanagement,10,2.3978952727983707
DM-216,datamanagement,10,2.3978952727983707
DM-218,datamanagement,10,2.3978952727983707
DM-219,datamanagement,6,1.9459101490553132
DM-221,datamanagement,30,3.4339872044851463
DM-222,datamanagement,5,1.791759469228055
DM-224,datamanagement,3,1.3862943611198906
DM-228,datamanagement,8,2.1972245773362196
DM-231,datamanagement,10,2.3978952727983707
DM-240,datamanagement,6,1.9459101490553132
DM-241,datamanagement,6,1.9459101490553132
DM-242,datamanagement,3,1.3862943611198906
DM-245,datamanagement,10,2.3978952727983707
DM-246,datamanagement,60,4.110873864173311
DM-247,datamanagement,20,3.044522437723423
DM-248,datamanagement,20,3.044522437723423
DM-259,datamanagement,2,1.0986122886681098
DM-260,datamanagement,1,0.6931471805599453
DM-271,datamanagement,100,4.61512051684126
DM-272,datamanagement,2,1.0986122886681098
DM-273,datamanagement,1,0.6931471805599453
DM-274,datamanagement,3,1.3862943611198906
DM-278,datamanagement,1,0.6931471805599453
DM-280,datamanagement,5,1.791759469228055
DM-289,datamanagement,2,1.0986122886681098
DM-290,datamanagement,8,2.1972245773362196
DM-291,datamanagement,10,2.3978952727983707
DM-295,datamanagement,1,0.6931471805599453
DM-296,datamanagement,5,1.791759469228055
DM-297,datamanagement,2,1.0986122886681098
DM-298,datamanagement,1,0.6931471805599453
DM-300,datamanagement,6,1.9459101490553132
DM-309,datamanagement,8,2.1972245773362196
DM-312,datamanagement,4,1.6094379124341003
DM-313,datamanagement,2,1.0986122886681098
DM-318,datamanagement,4,1.6094379124341003
DM-319,datamanagement,1,0.6931471805599453
DM-321,datamanagement,2,1.0986122886681098
DM-322,datamanagement,2,1.0986122886681098
DM-326,datamanagement,1,0.6931471805599453
DM-327,datamanagement,1,0.6931471805599453
DM-330,datamanagement,1,0.6931471805599453
DM-331,datamanagement,15,2.772588722239781
DM-334,datamanagement,2,1.0986122886681098
DM-335,datamanagement,8,2.1972245773362196
DM-336,datamanagement,4,1.6094379124341003
DM-337,datamanagement,1,0.6931471805599453
DM-339,datamanagement,4,1.6094379124341003
DM-342,datamanagement,4,1.6094379124341003
DM-343,datamanagement,10,2.3978952727983707
DM-345,datamanagement,1,0.6931471805599453
DM-354,datamanagement,2,1.0986122886681098
DM-355,datamanagement,1,0.6931471805599453
DM-359,datamanagement,8,2.1972245773362196
DM-365,datamanagement,3,1.3862943611198906
DM-366,datamanagement,5,1.791759469228055
DM-367,datamanagement,8,2.1972245773362196
DM-368,datamanagement,15,2.772588722239781
DM-369,datamanagement,6,1.9459101490553132
DM-370,datamanagement,5,1.791759469228055
DM-372,datamanagement,2,1.0986122886681098
DM-373,datamanagement,2,1.0986122886681098
DM-375,datamanagement,60,4.110873864173311
DM-380,datamanagement,1,0.6931471805599453
DM-384,datamanagement,1,0.6931471805599453
DM-386,datamanagement,6,1.9459101490553132
DM-387,datamanagement,6,1.9459101490553132
DM-388,datamanagement,10,2.3978952727983707
DM-389,datamanagement,10,2.3978952727983707
DM-405,datamanagement,5,1.791759469228055
DM-413,datamanagement,6,1.9459101490553132
DM-417,datamanagement,6,1.9459101490553132
DM-419,datamanagement,2,1.0986122886681098
DM-420,datamanagement,4,1.6094379124341003
DM-421,datamanagement,4,1.6094379124341003
DM-422,datamanagement,4,1.6094379124341003
DM-423,datamanagement,4,1.6094379124341003
DM-424,datamanagement,10,2.3978952727983707
DM-425,datamanagement,2,1.0986122886681098
DM-428,datamanagement,6,1.9459101490553132
DM-429,datamanagement,3,1.3862943611198906
DM-430,datamanagement,4,1.6094379124341003
DM-433,datamanagement,4,1.6094379124341003
DM-435,datamanagement,8,2.1972245773362196
DM-436,datamanagement,7,2.0794415416798357
DM-441,datamanagement,4,1.6094379124341003
DM-443,datamanagement,1,0.6931471805599453
DM-444,datamanagement,4,1.6094379124341003
DM-445,datamanagement,4,1.6094379124341003
DM-446,datamanagement,1,0.6931471805599453
DM-447,datamanagement,2,1.0986122886681098
DM-448,datamanagement,2,1.0986122886681098
DM-449,datamanagement,2,1.0986122886681098
DM-454,datamanagement,6,1.9459101490553132
DM-460,datamanagement,4,1.6094379124341003
DM-461,datamanagement,4,1.6094379124341003
DM-463,datamanagement,2,1.0986122886681098
DM-464,datamanagement,4,1.6094379124341003
DM-466,datamanagement,6,1.9459101490553132
DM-467,datamanagement,2,1.0986122886681098
DM-468,datamanagement,1,0.6931471805599453
DM-470,datamanagement,1,0.6931471805599453
DM-471,datamanagement,10,2.3978952727983707
DM-472,datamanagement,4,1.6094379124341003
DM-473,datamanagement,2,1.0986122886681098
DM-474,datamanagement,6,1.9459101490553132
DM-488,datamanagement,1,0.6931471805599453
DM-495,datamanagement,6,1.9459101490553132
DM-502,datamanagement,6,1.9459101490553132
DM-503,datamanagement,6,1.9459101490553132
DM-504,datamanagement,6,1.9459101490553132
DM-505,datamanagement,1,0.6931471805599453
DM-506,datamanagement,1,0.6931471805599453
DM-508,datamanagement,2,1.0986122886681098
DM-509,datamanagement,1,0.6931471805599453
DM-510,datamanagement,2,1.0986122886681098
DM-511,datamanagement,1,0.6931471805599453
DM-512,datamanagement,3,1.3862943611198906
DM-513,datamanagement,8,2.1972245773362196
DM-514,datamanagement,4,1.6094379124341003
DM-516,datamanagement,10,2.3978952727983707
DM-517,datamanagement,3,1.3862943611198906
DM-518,datamanagement,1,0.6931471805599453
DM-519,datamanagement,3,1.3862943611198906
DM-520,datamanagement,1,0.6931471805599453
DM-521,datamanagement,5,1.791759469228055
DM-522,datamanagement,1,0.6931471805599453
DM-527,datamanagement,1,0.6931471805599453
DM-530,datamanagement,5,1.791759469228055
DM-531,datamanagement,4,1.6094379124341003
DM-533,datamanagement,8,2.1972245773362196
DM-536,datamanagement,10,2.3978952727983707
DM-545,datamanagement,12,2.5649493574615367
DM-546,datamanagement,3,1.3862943611198906
DM-548,datamanagement,10,2.3978952727983707
DM-554,datamanagement,10,2.3978952727983707
DM-559,datamanagement,1,0.6931471805599453
DM-560,datamanagement,1,0.6931471805599453
DM-561,datamanagement,6,1.9459101490553132
DM-564,datamanagement,4,1.6094379124341003
DM-566,datamanagement,3,1.3862943611198906
DM-583,datamanagement,20,3.044522437723423
DM-584,datamanagement,30,3.4339872044851463
DM-586,datamanagement,2,1.0986122886681098
DM-587,datamanagement,1,0.6931471805599453
DM-588,datamanagement,14,2.70805020110221
DM-590,datamanagement,1,0.6931471805599453
DM-593,datamanagement,2,1.0986122886681098
DM-594,datamanagement,6,1.9459101490553132
DM-595,datamanagement,6,1.9459101490553132
DM-596,datamanagement,2,1.0986122886681098
DM-597,datamanagement,1,0.6931471805599453
DM-599,datamanagement,12,2.5649493574615367
DM-600,datamanagement,3,1.3862943611198906
DM-602,datamanagement,9,2.302585092994046
DM-603,datamanagement,4,1.6094379124341003
DM-604,datamanagement,4,1.6094379124341003
DM-607,datamanagement,3,1.3862943611198906
DM-608,datamanagement,3,1.3862943611198906
DM-609,datamanagement,1,0.6931471805599453
DM-611,datamanagement,2,1.0986122886681098
DM-612,datamanagement,2,1.0986122886681098
DM-613,datamanagement,6,1.9459101490553132
DM-614,datamanagement,1,0.6931471805599453
DM-616,datamanagement,2,1.0986122886681098
DM-621,datamanagement,8,2.1972245773362196
DM-622,datamanagement,10,2.3978952727983707
DM-623,datamanagement,5,1.791759469228055
DM-624,datamanagement,4,1.6094379124341003
DM-625,datamanagement,1,0.6931471805599453
DM-626,datamanagement,1,0.6931471805599453
DM-627,datamanagement,4,1.6094379124341003
DM-630,datamanagement,5,1.791759469228055
DM-631,datamanagement,10,2.3978952727983707
DM-633,datamanagement,3,1.3862943611198906
DM-635,datamanagement,1,0.6931471805599453
DM-637,datamanagement,1,0.6931471805599453
DM-644,datamanagement,2,1.0986122886681098
DM-645,datamanagement,8,2.1972245773362196
DM-646,datamanagement,2,1.0986122886681098
DM-647,datamanagement,20,3.044522437723423
DM-648,datamanagement,5,1.791759469228055
DM-649,datamanagement,3,1.3862943611198906
DM-650,datamanagement,10,2.3978952727983707
DM-653,datamanagement,4,1.6094379124341003
DM-654,datamanagement,4,1.6094379124341003
DM-655,datamanagement,4,1.6094379124341003
DM-658,datamanagement,9,2.302585092994046
DM-661,datamanagement,1,0.6931471805599453
DM-664,datamanagement,2,1.0986122886681098
DM-666,datamanagement,3,1.3862943611198906
DM-674,datamanagement,2,1.0986122886681098
DM-675,datamanagement,4,1.6094379124341003
DM-676,datamanagement,2,1.0986122886681098
DM-677,datamanagement,4,1.6094379124341003
DM-678,datamanagement,4,1.6094379124341003
DM-680,datamanagement,4,1.6094379124341003
DM-681,datamanagement,4,1.6094379124341003
DM-684,datamanagement,2,1.0986122886681098
DM-685,datamanagement,5,1.791759469228055
DM-689,datamanagement,1,0.6931471805599453
DM-690,datamanagement,7,2.0794415416798357
DM-693,datamanagement,10,2.3978952727983707
DM-699,datamanagement,1,0.6931471805599453
DM-702,datamanagement,4,1.6094379124341003
DM-703,datamanagement,1,0.6931471805599453
DM-704,datamanagement,2,1.0986122886681098
DM-705,datamanagement,10,2.3978952727983707
DM-706,datamanagement,1,0.6931471805599453
DM-707,datamanagement,2,1.0986122886681098
DM-708,datamanagement,15,2.772588722239781
DM-709,datamanagement,5,1.791759469228055
DM-710,datamanagement,1,0.6931471805599453
DM-720,datamanagement,20,3.044522437723423
DM-736,datamanagement,30,3.4339872044851463
DM-737,datamanagement,8,2.1972245773362196
DM-740,datamanagement,10,2.3978952727983707
DM-742,datamanagement,3,1.3862943611198906
DM-744,datamanagement,4,1.6094379124341003
DM-746,datamanagement,3,1.3862943611198906
DM-750,datamanagement,9,2.302585092994046
DM-751,datamanagement,3,1.3862943611198906
DM-754,datamanagement,6,1.9459101490553132
DM-758,datamanagement,70,4.2626798770413155
DM-760,datamanagement,3,1.3862943611198906
DM-761,datamanagement,5,1.791759469228055
DM-762,datamanagement,3,1.3862943611198906
DM-763,datamanagement,53,3.9889840465642745
DM-764,datamanagement,5,1.791759469228055
DM-765,datamanagement,5,1.791759469228055
DM-766,datamanagement,3,1.3862943611198906
DM-767,datamanagement,2,1.0986122886681098
DM-768,datamanagement,10,2.3978952727983707
DM-769,datamanagement,7,2.0794415416798357
DM-770,datamanagement,3,1.3862943611198906
DM-772,datamanagement,2,1.0986122886681098
DM-774,datamanagement,15,2.772588722239781
DM-775,datamanagement,8,2.1972245773362196
DM-776,datamanagement,8,2.1972245773362196
DM-778,datamanagement,8,2.1972245773362196
DM-780,datamanagement,5,1.791759469228055
DM-781,datamanagement,2,1.0986122886681098
DM-782,datamanagement,4,1.6094379124341003
DM-783,datamanagement,1,0.6931471805599453
DM-786,datamanagement,3,1.3862943611198906
DM-787,datamanagement,4,1.6094379124341003
DM-788,datamanagement,2,1.0986122886681098
DM-789,datamanagement,2,1.0986122886681098
DM-790,datamanagement,2,1.0986122886681098
DM-791,datamanagement,2,1.0986122886681098
DM-792,datamanagement,2,1.0986122886681098
DM-793,datamanagement,8,2.1972245773362196
DM-794,datamanagement,2,1.0986122886681098
DM-800,datamanagement,3,1.3862943611198906
DM-803,datamanagement,4,1.6094379124341003
DM-813,datamanagement,1,0.6931471805599453
DM-814,datamanagement,1,0.6931471805599453
DM-815,datamanagement,2,1.0986122886681098
DM-817,datamanagement,1,0.6931471805599453
DM-820,datamanagement,4,1.6094379124341003
DM-827,datamanagement,8,2.1972245773362196
DM-828,datamanagement,6,1.9459101490553132
DM-829,datamanagement,3,1.3862943611198906
DM-832,datamanagement,2,1.0986122886681098
DM-833,datamanagement,3,1.3862943611198906
DM-834,datamanagement,8,2.1972245773362196
DM-836,datamanagement,6,1.9459101490553132
DM-837,datamanagement,2,1.0986122886681098
DM-839,datamanagement,6,1.9459101490553132
DM-840,datamanagement,2,1.0986122886681098
DM-841,datamanagement,2,1.0986122886681098
DM-842,datamanagement,16,2.833213344056216
DM-843,datamanagement,2,1.0986122886681098
DM-844,datamanagement,2,1.0986122886681098
DM-845,datamanagement,2,1.0986122886681098
DM-846,datamanagement,10,2.3978952727983707
DM-847,datamanagement,4,1.6094379124341003
DM-848,datamanagement,12,2.5649493574615367
DM-849,datamanagement,5,1.791759469228055
DM-854,datamanagement,8,2.1972245773362196
DM-860,datamanagement,3,1.3862943611198906
DM-861,datamanagement,10,2.3978952727983707
DM-862,datamanagement,2,1.0986122886681098
DM-863,datamanagement,1,0.6931471805599453
DM-869,datamanagement,1,0.6931471805599453
DM-870,datamanagement,3,1.3862943611198906
DM-873,datamanagement,3,1.3862943611198906
DM-874,datamanagement,1,0.6931471805599453
DM-875,datamanagement,40,3.713572066704308
DM-882,datamanagement,4,1.6094379124341003
DM-887,datamanagement,4,1.6094379124341003
DM-895,datamanagement,4,1.6094379124341003
DM-898,datamanagement,1,0.6931471805599453
DM-900,datamanagement,2,1.0986122886681098
DM-903,datamanagement,1,0.6931471805599453
DM-911,datamanagement,2,1.0986122886681098
DM-912,datamanagement,4,1.6094379124341003
DM-913,datamanagement,2,1.0986122886681098
DM-914,datamanagement,2,1.0986122886681098
DM-915,datamanagement,4,1.6094379124341003
DM-916,datamanagement,4,1.6094379124341003
DM-926,datamanagement,2,1.0986122886681098
DM-927,datamanagement,4,1.6094379124341003
DM-928,datamanagement,4,1.6094379124341003
DM-929,datamanagement,4,1.6094379124341003
DM-930,datamanagement,1,0.6931471805599453
DM-933,datamanagement,1,0.6931471805599453
DM-936,datamanagement,4,1.6094379124341003
DM-944,datamanagement,1,0.6931471805599453
DM-945,datamanagement,2,1.0986122886681098
DM-946,datamanagement,2,1.0986122886681098
DM-951,datamanagement,20,3.044522437723423
DM-953,datamanagement,3,1.3862943611198906
DM-954,datamanagement,1,0.6931471805599453
DM-956,datamanagement,4,1.6094379124341003
DM-957,datamanagement,2,1.0986122886681098
DM-958,datamanagement,4,1.6094379124341003
DM-963,datamanagement,1,0.6931471805599453
DM-964,datamanagement,1,0.6931471805599453
DM-966,datamanagement,2,1.0986122886681098
DM-967,datamanagement,1,0.6931471805599453
DM-973,datamanagement,2,1.0986122886681098
DM-975,datamanagement,4,1.6094379124341003
DM-976,datamanagement,2,1.0986122886681098
DM-977,datamanagement,2,1.0986122886681098
DM-978,datamanagement,1,0.6931471805599453
DM-979,datamanagement,1,0.6931471805599453
DM-980,datamanagement,5,1.791759469228055
DM-981,datamanagement,3,1.3862943611198906
DM-982,datamanagement,3,1.3862943611198906
DM-983,datamanagement,6,1.9459101490553132
DM-984,datamanagement,2,1.0986122886681098
DM-989,datamanagement,2,1.0986122886681098
DM-991,datamanagement,2,1.0986122886681098
DM-993,datamanagement,1,0.6931471805599453
DM-994,datamanagement,1,0.6931471805599453
DM-995,datamanagement,1,0.6931471805599453
DM-998,datamanagement,10,2.3978952727983707
DM-999,datamanagement,1,0.6931471805599453
DM-1001,datamanagement,1,0.6931471805599453
DM-1002,datamanagement,4,1.6094379124341003
DM-1004,datamanagement,2,1.0986122886681098
DM-1005,datamanagement,8,2.1972245773362196
DM-1010,datamanagement,1,0.6931471805599453
DM-1011,datamanagement,4,1.6094379124341003
DM-1012,datamanagement,1,0.6931471805599453
DM-1013,datamanagement,2,1.0986122886681098
DM-1014,datamanagement,1,0.6931471805599453
DM-1015,datamanagement,1,0.6931471805599453
DM-1016,datamanagement,1,0.6931471805599453
DM-1017,datamanagement,2,1.0986122886681098
DM-1018,datamanagement,2,1.0986122886681098
DM-1022,datamanagement,1,0.6931471805599453
DM-1026,datamanagement,6,1.9459101490553132
DM-1028,datamanagement,2,1.0986122886681098
DM-1029,datamanagement,2,1.0986122886681098
DM-1030,datamanagement,84,4.442651256490317
DM-1031,datamanagement,19,2.995732273553991
DM-1033,datamanagement,45,3.828641396489095
DM-1034,datamanagement,30,3.4339872044851463
DM-1035,datamanagement,19,2.995732273553991
DM-1036,datamanagement,39,3.6888794541139363
DM-1037,datamanagement,28,3.367295829986474
DM-1038,datamanagement,40,3.713572066704308
DM-1041,datamanagement,1,0.6931471805599453
DM-1045,datamanagement,2,1.0986122886681098
DM-1046,datamanagement,49,3.912023005428146
DM-1051,datamanagement,19,2.995732273553991
DM-1052,datamanagement,1,0.6931471805599453
DM-1054,datamanagement,1,0.6931471805599453
DM-1055,datamanagement,2,1.0986122886681098
DM-1058,datamanagement,1,0.6931471805599453
DM-1059,datamanagement,2,1.0986122886681098
DM-1060,datamanagement,100,4.61512051684126
DM-1061,datamanagement,83,4.430816798843313
DM-1067,datamanagement,1,0.6931471805599453
DM-1068,datamanagement,1,0.6931471805599453
DM-1070,datamanagement,2,1.0986122886681098
DM-1071,datamanagement,2,1.0986122886681098
DM-1072,datamanagement,1,0.6931471805599453
DM-1073,datamanagement,1,0.6931471805599453
DM-1074,datamanagement,20,3.044522437723423
DM-1076,datamanagement,2,1.0986122886681098
DM-1077,datamanagement,2,1.0986122886681098
DM-1078,datamanagement,1,0.6931471805599453
DM-1079,datamanagement,10,2.3978952727983707
DM-1083,datamanagement,1,0.6931471805599453
DM-1085,datamanagement,2,1.0986122886681098
DM-1086,datamanagement,4,1.6094379124341003
DM-1087,datamanagement,4,1.6094379124341003
DM-1088,datamanagement,2,1.0986122886681098
DM-1089,datamanagement,6,1.9459101490553132
DM-1099,datamanagement,36,3.6109179126442243
DM-1100,datamanagement,31,3.4657359027997265
DM-1101,datamanagement,51,3.9512437185814275
DM-1103,datamanagement,4,1.6094379124341003
DM-1104,datamanagement,10,2.3978952727983707
DM-1105,datamanagement,6,1.9459101490553132
DM-1106,datamanagement,30,3.4339872044851463
DM-1107,datamanagement,30,3.4339872044851463
DM-1108,datamanagement,100,4.61512051684126
DM-1109,datamanagement,100,4.61512051684126
DM-1110,datamanagement,60,4.110873864173311
DM-1111,datamanagement,65,4.189654742026425
DM-1112,datamanagement,30,3.4339872044851463
DM-1113,datamanagement,20,3.044522437723423
DM-1114,datamanagement,80,4.394449154672439
DM-1115,datamanagement,20,3.044522437723423
DM-1116,datamanagement,11,2.4849066497880004
DM-1117,datamanagement,20,3.044522437723423
DM-1118,datamanagement,6,1.9459101490553132
DM-1120,datamanagement,50,3.9318256327243257
DM-1121,datamanagement,18,2.9444389791664403
DM-1122,datamanagement,18,2.9444389791664403
DM-1123,datamanagement,50,3.9318256327243257
DM-1124,datamanagement,3,1.3862943611198906
DM-1125,datamanagement,3,1.3862943611198906
DM-1126,datamanagement,8,2.1972245773362196
DM-1127,datamanagement,20,3.044522437723423
DM-1128,datamanagement,10,2.3978952727983707
DM-1129,datamanagement,20,3.044522437723423
DM-1130,datamanagement,10,2.3978952727983707
DM-1131,datamanagement,6,1.9459101490553132
DM-1132,datamanagement,30,3.4339872044851463
DM-1133,datamanagement,10,2.3978952727983707
DM-1134,datamanagement,8,2.1972245773362196
DM-1135,datamanagement,20,3.044522437723423
DM-1136,datamanagement,14,2.70805020110221
DM-1137,datamanagement,20,3.044522437723423
DM-1138,datamanagement,5,1.791759469228055
DM-1139,datamanagement,63,4.1588830833596715
DM-1140,datamanagement,4,1.6094379124341003
DM-1141,datamanagement,30,3.4339872044851463
DM-1142,datamanagement,6,1.9459101490553132
DM-1143,datamanagement,40,3.713572066704308
DM-1145,datamanagement,4,1.6094379124341003
DM-1147,datamanagement,2,1.0986122886681098
DM-1148,datamanagement,100,4.61512051684126
DM-1149,datamanagement,45,3.828641396489095
DM-1150,datamanagement,10,2.3978952727983707
DM-1151,datamanagement,2,1.0986122886681098
DM-1152,datamanagement,2,1.0986122886681098
DM-1153,datamanagement,3,1.3862943611198906
DM-1154,datamanagement,100,4.61512051684126
DM-1155,datamanagement,32,3.4965075614664802
DM-1156,datamanagement,6,1.9459101490553132
DM-1157,datamanagement,34,3.5553480614894135
DM-1158,datamanagement,34,3.5553480614894135
DM-1159,datamanagement,38,3.6635616461296463
DM-1160,datamanagement,20,3.044522437723423
DM-1161,datamanagement,8,2.1972245773362196
DM-1162,datamanagement,6,1.9459101490553132
DM-1164,datamanagement,4,1.6094379124341003
DM-1167,datamanagement,2,1.0986122886681098
DM-1168,datamanagement,1,0.6931471805599453
DM-1169,datamanagement,3,1.3862943611198906
DM-1170,datamanagement,53,3.9889840465642745
DM-1176,datamanagement,4,1.6094379124341003
DM-1177,datamanagement,15,2.772588722239781
DM-1185,datamanagement,2,1.0986122886681098
DM-1187,datamanagement,6,1.9459101490553132
DM-1188,datamanagement,2,1.0986122886681098
DM-1192,datamanagement,20,3.044522437723423
DM-1195,datamanagement,1,0.6931471805599453
DM-1196,datamanagement,1,0.6931471805599453
DM-1197,datamanagement,2,1.0986122886681098
DM-1199,datamanagement,20,3.044522437723423
DM-1201,datamanagement,2,1.0986122886681098
DM-1210,datamanagement,10,2.3978952727983707
DM-1211,datamanagement,2,1.0986122886681098
DM-1213,datamanagement,1,0.6931471805599453
DM-1215,datamanagement,1,0.6931471805599453
DM-1216,datamanagement,4,1.6094379124341003
DM-1217,datamanagement,3,1.3862943611198906
DM-1218,datamanagement,2,1.0986122886681098
DM-1226,datamanagement,15,2.772588722239781
DM-1227,datamanagement,56,4.04305126783455
DM-1228,datamanagement,6,1.9459101490553132
DM-1229,datamanagement,16,2.833213344056216
DM-1230,datamanagement,6,1.9459101490553132
DM-1232,datamanagement,3,1.3862943611198906
DM-1233,datamanagement,20,3.044522437723423
DM-1234,datamanagement,10,2.3978952727983707
DM-1235,datamanagement,10,2.3978952727983707
DM-1236,datamanagement,6,1.9459101490553132
DM-1237,datamanagement,8,2.1972245773362196
DM-1238,datamanagement,16,2.833213344056216
DM-1239,datamanagement,12,2.5649493574615367
DM-1240,datamanagement,6,1.9459101490553132
DM-1241,datamanagement,2,1.0986122886681098
DM-1242,datamanagement,3,1.3862943611198906
DM-1244,datamanagement,10,2.3978952727983707
DM-1245,datamanagement,3,1.3862943611198906
DM-1246,datamanagement,3,1.3862943611198906
DM-1249,datamanagement,10,2.3978952727983707
DM-1250,datamanagement,3,1.3862943611198906
DM-1251,datamanagement,3,1.3862943611198906
DM-1252,datamanagement,4,1.6094379124341003
DM-1253,datamanagement,10,2.3978952727983707
DM-1254,datamanagement,5,1.791759469228055
DM-1255,datamanagement,10,2.3978952727983707
DM-1256,datamanagement,5,1.791759469228055
DM-1257,datamanagement,6,1.9459101490553132
DM-1258,datamanagement,4,1.6094379124341003
DM-1259,datamanagement,100,4.61512051684126
DM-1260,datamanagement,54,4.007333185232471
DM-1261,datamanagement,7,2.0794415416798357
DM-1262,datamanagement,11,2.4849066497880004
DM-1263,datamanagement,1,0.6931471805599453
DM-1264,datamanagement,1,0.6931471805599453
DM-1265,datamanagement,6,1.9459101490553132
DM-1266,datamanagement,18,2.9444389791664403
DM-1267,datamanagement,7,2.0794415416798357
DM-1268,datamanagement,9,2.302585092994046
DM-1269,datamanagement,29,3.4011973816621555
DM-1270,datamanagement,6,1.9459101490553132
DM-1271,datamanagement,29,3.4011973816621555
DM-1272,datamanagement,55,4.02535169073515
DM-1273,datamanagement,56,4.04305126783455
DM-1274,datamanagement,45,3.828641396489095
DM-1275,datamanagement,100,4.61512051684126
DM-1276,datamanagement,28,3.367295829986474
DM-1277,datamanagement,100,4.61512051684126
DM-1278,datamanagement,10,2.3978952727983707
DM-1279,datamanagement,2,1.0986122886681098
DM-1280,datamanagement,3,1.3862943611198906
DM-1281,datamanagement,1,0.6931471805599453
DM-1282,datamanagement,2,1.0986122886681098
DM-1283,datamanagement,1,0.6931471805599453
DM-1284,datamanagement,1,0.6931471805599453
DM-1285,datamanagement,2,1.0986122886681098
DM-1286,datamanagement,6,1.9459101490553132
DM-1287,datamanagement,2,1.0986122886681098
DM-1291,datamanagement,4,1.6094379124341003
DM-1293,datamanagement,8,2.1972245773362196
DM-1294,datamanagement,6,1.9459101490553132
DM-1295,datamanagement,8,2.1972245773362196
DM-1296,datamanagement,10,2.3978952727983707
DM-1297,datamanagement,6,1.9459101490553132
DM-1298,datamanagement,8,2.1972245773362196
DM-1299,datamanagement,10,2.3978952727983707
DM-1302,datamanagement,4,1.6094379124341003
DM-1305,datamanagement,1,0.6931471805599453
DM-1306,datamanagement,2,1.0986122886681098
DM-1309,datamanagement,3,1.3862943611198906
DM-1310,datamanagement,1,0.6931471805599453
DM-1311,datamanagement,1,0.6931471805599453
DM-1312,datamanagement,2,1.0986122886681098
DM-1313,datamanagement,2,1.0986122886681098
DM-1314,datamanagement,1,0.6931471805599453
DM-1315,datamanagement,4,1.6094379124341003
DM-1316,datamanagement,1,0.6931471805599453
DM-1317,datamanagement,2,1.0986122886681098
DM-1318,datamanagement,1,0.6931471805599453
DM-1319,datamanagement,2,1.0986122886681098
DM-1320,datamanagement,2,1.0986122886681098
DM-1321,datamanagement,6,1.9459101490553132
DM-1322,datamanagement,4,1.6094379124341003
DM-1323,datamanagement,10,2.3978952727983707
DM-1326,datamanagement,4,1.6094379124341003
DM-1328,datamanagement,6,1.9459101490553132
DM-1329,datamanagement,1,0.6931471805599453
DM-1330,datamanagement,10,2.3978952727983707
DM-1331,datamanagement,1,0.6931471805599453
DM-1332,datamanagement,2,1.0986122886681098
DM-1333,datamanagement,2,1.0986122886681098
DM-1334,datamanagement,1,0.6931471805599453
DM-1335,datamanagement,2,1.0986122886681098
DM-1336,datamanagement,4,1.6094379124341003
DM-1337,datamanagement,18,2.9444389791664403
DM-1338,datamanagement,7,2.0794415416798357
DM-1340,datamanagement,2,1.0986122886681098
DM-1341,datamanagement,4,1.6094379124341003
DM-1342,datamanagement,16,2.833213344056216
DM-1343,datamanagement,2,1.0986122886681098
DM-1344,datamanagement,8,2.1972245773362196
DM-1345,datamanagement,4,1.6094379124341003
DM-1346,datamanagement,4,1.6094379124341003
DM-1347,datamanagement,2,1.0986122886681098
DM-1348,datamanagement,5,1.791759469228055
DM-1349,datamanagement,10,2.3978952727983707
DM-1350,datamanagement,35,3.58351893845611
DM-1352,datamanagement,8,2.1972245773362196
DM-1354,datamanagement,2,1.0986122886681098
DM-1355,datamanagement,3,1.3862943611198906
DM-1358,datamanagement,2,1.0986122886681098
DM-1359,datamanagement,1,0.6931471805599453
DM-1360,datamanagement,1,0.6931471805599453
DM-1362,datamanagement,2,1.0986122886681098
DM-1363,datamanagement,2,1.0986122886681098
DM-1364,datamanagement,3,1.3862943611198906
DM-1372,datamanagement,1,0.6931471805599453
DM-1375,datamanagement,2,1.0986122886681098
DM-1376,datamanagement,2,1.0986122886681098
DM-1377,datamanagement,56,4.04305126783455
DM-1383,datamanagement,40,3.713572066704308
DM-1384,datamanagement,40,3.713572066704308
DM-1386,datamanagement,5,1.791759469228055
DM-1387,datamanagement,5,1.791759469228055
DM-1388,datamanagement,2,1.0986122886681098
DM-1389,datamanagement,2,1.0986122886681098
DM-1390,datamanagement,6,1.9459101490553132
DM-1394,datamanagement,2,1.0986122886681098
DM-1395,datamanagement,10,2.3978952727983707
DM-1396,datamanagement,2,1.0986122886681098
DM-1400,datamanagement,1,0.6931471805599453
DM-1404,datamanagement,2,1.0986122886681098
DM-1405,datamanagement,5,1.791759469228055
DM-1407,datamanagement,1,0.6931471805599453
DM-1411,datamanagement,4,1.6094379124341003
DM-1424,datamanagement,1,0.6931471805599453
DM-1426,datamanagement,2,1.0986122886681098
DM-1428,datamanagement,1,0.6931471805599453
DM-1429,datamanagement,7,2.0794415416798357
DM-1431,datamanagement,2,1.0986122886681098
DM-1432,datamanagement,10,2.3978952727983707
DM-1433,datamanagement,6,1.9459101490553132
DM-1434,datamanagement,13,2.6390573296152584
DM-1439,datamanagement,1,0.6931471805599453
DM-1440,datamanagement,3,1.3862943611198906
DM-1441,datamanagement,4,1.6094379124341003
DM-1442,datamanagement,4,1.6094379124341003
DM-1443,datamanagement,1,0.6931471805599453
DM-1444,datamanagement,2,1.0986122886681098
DM-1445,datamanagement,1,0.6931471805599453
DM-1446,datamanagement,4,1.6094379124341003
DM-1447,datamanagement,100,4.61512051684126
DM-1448,datamanagement,1,0.6931471805599453
DM-1449,datamanagement,1,0.6931471805599453
DM-1452,datamanagement,1,0.6931471805599453
DM-1453,datamanagement,2,1.0986122886681098
DM-1454,datamanagement,8,2.1972245773362196
DM-1455,datamanagement,6,1.9459101490553132
DM-1456,datamanagement,4,1.6094379124341003
DM-1461,datamanagement,3,1.3862943611198906
DM-1462,datamanagement,1,0.6931471805599453
DM-1463,datamanagement,1,0.6931471805599453
DM-1464,datamanagement,1,0.6931471805599453
DM-1469,datamanagement,1,0.6931471805599453
DM-1471,datamanagement,10,2.3978952727983707
DM-1473,datamanagement,4,1.6094379124341003
DM-1475,datamanagement,1,0.6931471805599453
DM-1476,datamanagement,4,1.6094379124341003
DM-1477,datamanagement,5,1.791759469228055
DM-1480,datamanagement,3,1.3862943611198906
DM-1481,datamanagement,20,3.044522437723423
DM-1482,datamanagement,10,2.3978952727983707
DM-1488,datamanagement,6,1.9459101490553132
DM-1489,datamanagement,6,1.9459101490553132
DM-1490,datamanagement,79,4.382026634673881
DM-1493,datamanagement,4,1.6094379124341003
DM-1495,datamanagement,2,1.0986122886681098
DM-1497,datamanagement,5,1.791759469228055
DM-1498,datamanagement,5,1.791759469228055
DM-1505,datamanagement,1,0.6931471805599453
DM-1506,datamanagement,1,0.6931471805599453
DM-1508,datamanagement,1,0.6931471805599453
DM-1509,datamanagement,2,1.0986122886681098
DM-1510,datamanagement,1,0.6931471805599453
DM-1514,datamanagement,1,0.6931471805599453
DM-1515,datamanagement,1,0.6931471805599453
DM-1516,datamanagement,3,1.3862943611198906
DM-1518,datamanagement,2,1.0986122886681098
DM-1519,datamanagement,10,2.3978952727983707
DM-1520,datamanagement,1,0.6931471805599453
DM-1521,datamanagement,2,1.0986122886681098
DM-1524,datamanagement,2,1.0986122886681098
DM-1525,datamanagement,2,1.0986122886681098
DM-1526,datamanagement,4,1.6094379124341003
DM-1527,datamanagement,4,1.6094379124341003
DM-1528,datamanagement,1,0.6931471805599453
DM-1529,datamanagement,2,1.0986122886681098
DM-1530,datamanagement,3,1.3862943611198906
DM-1531,datamanagement,2,1.0986122886681098
DM-1532,datamanagement,1,0.6931471805599453
DM-1533,datamanagement,9,2.302585092994046
DM-1534,datamanagement,1,0.6931471805599453
DM-1538,datamanagement,1,0.6931471805599453
DM-1539,datamanagement,2,1.0986122886681098
DM-1540,datamanagement,4,1.6094379124341003
DM-1541,datamanagement,8,2.1972245773362196
DM-1542,datamanagement,10,2.3978952727983707
DM-1543,datamanagement,2,1.0986122886681098
DM-1544,datamanagement,18,2.9444389791664403
DM-1545,datamanagement,5,1.791759469228055
DM-1547,datamanagement,1,0.6931471805599453
DM-1551,datamanagement,16,2.833213344056216
DM-1552,datamanagement,10,2.3978952727983707
DM-1553,datamanagement,10,2.3978952727983707
DM-1556,datamanagement,53,3.9889840465642745
DM-1557,datamanagement,53,3.9889840465642745
DM-1560,datamanagement,10,2.3978952727983707
DM-1561,datamanagement,12,2.5649493574615367
DM-1562,datamanagement,10,2.3978952727983707
DM-1563,datamanagement,5,1.791759469228055
DM-1564,datamanagement,6,1.9459101490553132
DM-1566,datamanagement,7,2.0794415416798357
DM-1567,datamanagement,6,1.9459101490553132
DM-1568,datamanagement,8,2.1972245773362196
DM-1569,datamanagement,12,2.5649493574615367
DM-1570,datamanagement,6,1.9459101490553132
DM-1571,datamanagement,2,1.0986122886681098
DM-1572,datamanagement,8,2.1972245773362196
DM-1573,datamanagement,8,2.1972245773362196
DM-1574,datamanagement,6,1.9459101490553132
DM-1575,datamanagement,1,0.6931471805599453
DM-1576,datamanagement,10,2.3978952727983707
DM-1577,datamanagement,4,1.6094379124341003
DM-1578,datamanagement,2,1.0986122886681098
DM-1579,datamanagement,5,1.791759469228055
DM-1580,datamanagement,15,2.772588722239781
DM-1582,datamanagement,1,0.6931471805599453
DM-1584,datamanagement,4,1.6094379124341003
DM-1585,datamanagement,6,1.9459101490553132
DM-1587,datamanagement,2,1.0986122886681098
DM-1588,datamanagement,7,2.0794415416798357
DM-1589,datamanagement,4,1.6094379124341003
DM-1590,datamanagement,1,0.6931471805599453
DM-1591,datamanagement,1,0.6931471805599453
DM-1594,datamanagement,2,1.0986122886681098
DM-1595,datamanagement,10,2.3978952727983707
DM-1596,datamanagement,4,1.6094379124341003
DM-1597,datamanagement,1,0.6931471805599453
DM-1598,datamanagement,10,2.3978952727983707
DM-1600,datamanagement,2,1.0986122886681098
DM-1601,datamanagement,1,0.6931471805599453
DM-1602,datamanagement,2,1.0986122886681098
DM-1603,datamanagement,2,1.0986122886681098
DM-1604,datamanagement,2,1.0986122886681098
DM-1607,datamanagement,1,0.6931471805599453
DM-1608,datamanagement,2,1.0986122886681098
DM-1609,datamanagement,4,1.6094379124341003
DM-1610,datamanagement,4,1.6094379124341003
DM-1611,datamanagement,15,2.772588722239781
DM-1614,datamanagement,1,0.6931471805599453
DM-1615,datamanagement,5,1.791759469228055
DM-1616,datamanagement,5,1.791759469228055
DM-1617,datamanagement,8,2.1972245773362196
DM-1618,datamanagement,10,2.3978952727983707
DM-1619,datamanagement,11,2.4849066497880004
DM-1620,datamanagement,2,1.0986122886681098
DM-1621,datamanagement,1,0.6931471805599453
DM-1622,datamanagement,1,0.6931471805599453
DM-1624,datamanagement,1,0.6931471805599453
DM-1625,datamanagement,1,0.6931471805599453
DM-1626,datamanagement,1,0.6931471805599453
DM-1627,datamanagement,22,3.1354942159291497
DM-1629,datamanagement,1,0.6931471805599453
DM-1630,datamanagement,1,0.6931471805599453
DM-1632,datamanagement,1,0.6931471805599453
DM-1633,datamanagement,7,2.0794415416798357
DM-1635,datamanagement,1,0.6931471805599453
DM-1636,datamanagement,6,1.9459101490553132
DM-1641,datamanagement,5,1.791759469228055
DM-1642,datamanagement,8,2.1972245773362196
DM-1645,datamanagement,6,1.9459101490553132
DM-1647,datamanagement,4,1.6094379124341003
DM-1648,datamanagement,38,3.6635616461296463
DM-1652,datamanagement,16,2.833213344056216
DM-1653,datamanagement,8,2.1972245773362196
DM-1655,datamanagement,2,1.0986122886681098
DM-1656,datamanagement,1,0.6931471805599453
DM-1657,datamanagement,8,2.1972245773362196
DM-1658,datamanagement,2,1.0986122886681098
DM-1659,datamanagement,1,0.6931471805599453
DM-1660,datamanagement,2,1.0986122886681098
DM-1661,datamanagement,2,1.0986122886681098
DM-1662,datamanagement,4,1.6094379124341003
DM-1663,datamanagement,2,1.0986122886681098
DM-1664,datamanagement,3,1.3862943611198906
DM-1667,datamanagement,2,1.0986122886681098
DM-1668,datamanagement,2,1.0986122886681098
DM-1669,datamanagement,6,1.9459101490553132
DM-1670,datamanagement,5,1.791759469228055
DM-1673,datamanagement,1,0.6931471805599453
DM-1674,datamanagement,10,2.3978952727983707
DM-1675,datamanagement,1,0.6931471805599453
DM-1676,datamanagement,5,1.791759469228055
DM-1677,datamanagement,10,2.3978952727983707
DM-1685,datamanagement,1,0.6931471805599453
DM-1692,datamanagement,15,2.772588722239781
DM-1694,datamanagement,8,2.1972245773362196
DM-1695,datamanagement,8,2.1972245773362196
DM-1696,datamanagement,5,1.791759469228055
DM-1697,datamanagement,9,2.302585092994046
DM-1698,datamanagement,4,1.6094379124341003
DM-1700,datamanagement,4,1.6094379124341003
DM-1701,datamanagement,2,1.0986122886681098
DM-1702,datamanagement,4,1.6094379124341003
DM-1703,datamanagement,53,3.9889840465642745
DM-1704,datamanagement,48,3.8918202981106265
DM-1705,datamanagement,100,4.61512051684126
DM-1706,datamanagement,5,1.791759469228055
DM-1707,datamanagement,100,4.61512051684126
DM-1708,datamanagement,46,3.8501476017100584
DM-1709,datamanagement,8,2.1972245773362196
DM-1710,datamanagement,1,0.6931471805599453
DM-1711,datamanagement,57,4.060443010546419
DM-1712,datamanagement,35,3.58351893845611
DM-1713,datamanagement,5,1.791759469228055
DM-1714,datamanagement,6,1.9459101490553132
DM-1715,datamanagement,1,0.6931471805599453
DM-1716,datamanagement,16,2.833213344056216
DM-1720,datamanagement,2,1.0986122886681098
DM-1721,datamanagement,40,3.713572066704308
DM-1722,datamanagement,14,2.70805020110221
DM-1725,datamanagement,4,1.6094379124341003
DM-1726,datamanagement,14,2.70805020110221
DM-1727,datamanagement,16,2.833213344056216
DM-1731,datamanagement,1,0.6931471805599453
DM-1732,datamanagement,8,2.1972245773362196
DM-1733,datamanagement,1,0.6931471805599453
DM-1734,datamanagement,10,2.3978952727983707
DM-1735,datamanagement,1,0.6931471805599453
DM-1736,datamanagement,8,2.1972245773362196
DM-1738,datamanagement,1,0.6931471805599453
DM-1739,datamanagement,10,2.3978952727983707
DM-1743,datamanagement,1,0.6931471805599453
DM-1744,datamanagement,1,0.6931471805599453
DM-1753,datamanagement,4,1.6094379124341003
DM-1754,datamanagement,8,2.1972245773362196
DM-1755,datamanagement,4,1.6094379124341003
DM-1761,datamanagement,1,0.6931471805599453
DM-1762,datamanagement,3,1.3862943611198906
DM-1764,datamanagement,6,1.9459101490553132
DM-1765,datamanagement,2,1.0986122886681098
DM-1766,datamanagement,11,2.4849066497880004
DM-1767,datamanagement,23,3.1780538303479458
DM-1769,datamanagement,60,4.110873864173311
DM-1770,datamanagement,2,1.0986122886681098
DM-1771,datamanagement,1,0.6931471805599453
DM-1772,datamanagement,11,2.4849066497880004
DM-1773,datamanagement,5,1.791759469228055
DM-1774,datamanagement,1,0.6931471805599453
DM-1775,datamanagement,3,1.3862943611198906
DM-1776,datamanagement,10,2.3978952727983707
DM-1777,datamanagement,4,1.6094379124341003
DM-1778,datamanagement,2,1.0986122886681098
DM-1782,datamanagement,16,2.833213344056216
DM-1783,datamanagement,5,1.791759469228055
DM-1784,datamanagement,4,1.6094379124341003
DM-1785,datamanagement,1,0.6931471805599453
DM-1786,datamanagement,20,3.044522437723423
DM-1787,datamanagement,4,1.6094379124341003
DM-1788,datamanagement,4,1.6094379124341003
DM-1789,datamanagement,4,1.6094379124341003
DM-1790,datamanagement,4,1.6094379124341003
DM-1791,datamanagement,3,1.3862943611198906
DM-1792,datamanagement,1,0.6931471805599453
DM-1794,datamanagement,6,1.9459101490553132
DM-1795,datamanagement,4,1.6094379124341003
DM-1796,datamanagement,3,1.3862943611198906
DM-1797,datamanagement,1,0.6931471805599453
DM-1798,datamanagement,1,0.6931471805599453
DM-1799,datamanagement,1,0.6931471805599453
DM-1802,datamanagement,1,0.6931471805599453
DM-1803,datamanagement,8,2.1972245773362196
DM-1804,datamanagement,4,1.6094379124341003
DM-1805,datamanagement,4,1.6094379124341003
DM-1806,datamanagement,2,1.0986122886681098
DM-1807,datamanagement,6,1.9459101490553132
DM-1808,datamanagement,2,1.0986122886681098
DM-1809,datamanagement,10,2.3978952727983707
DM-1810,datamanagement,2,1.0986122886681098
DM-1811,datamanagement,4,1.6094379124341003
DM-1812,datamanagement,8,2.1972245773362196
DM-1813,datamanagement,4,1.6094379124341003
DM-1814,datamanagement,2,1.0986122886681098
DM-1815,datamanagement,4,1.6094379124341003
DM-1816,datamanagement,2,1.0986122886681098
DM-1817,datamanagement,4,1.6094379124341003
DM-1818,datamanagement,1,0.6931471805599453
DM-1819,datamanagement,2,1.0986122886681098
DM-1820,datamanagement,1,0.6931471805599453
DM-1822,datamanagement,4,1.6094379124341003
DM-1824,datamanagement,1,0.6931471805599453
DM-1825,datamanagement,1,0.6931471805599453
DM-1826,datamanagement,10,2.3978952727983707
DM-1828,datamanagement,9,2.302585092994046
DM-1829,datamanagement,6,1.9459101490553132
DM-1830,datamanagement,6,1.9459101490553132
DM-1831,datamanagement,6,1.9459101490553132
DM-1832,datamanagement,6,1.9459101490553132
DM-1833,datamanagement,6,1.9459101490553132
DM-1834,datamanagement,6,1.9459101490553132
DM-1835,datamanagement,6,1.9459101490553132
DM-1836,datamanagement,6,1.9459101490553132
DM-1837,datamanagement,4,1.6094379124341003
DM-1839,datamanagement,4,1.6094379124341003
DM-1840,datamanagement,5,1.791759469228055
DM-1841,datamanagement,5,1.791759469228055
DM-1843,datamanagement,2,1.0986122886681098
DM-1844,datamanagement,2,1.0986122886681098
DM-1845,datamanagement,4,1.6094379124341003
DM-1847,datamanagement,12,2.5649493574615367
DM-1848,datamanagement,10,2.3978952727983707
DM-1849,datamanagement,2,1.0986122886681098
DM-1850,datamanagement,2,1.0986122886681098
DM-1851,datamanagement,2,1.0986122886681098
DM-1852,datamanagement,1,0.6931471805599453
DM-1853,datamanagement,1,0.6931471805599453
DM-1854,datamanagement,20,3.044522437723423
DM-1855,datamanagement,3,1.3862943611198906
DM-1856,datamanagement,4,1.6094379124341003
DM-1857,datamanagement,7,2.0794415416798357
DM-1858,datamanagement,24,3.2188758248682006
DM-1859,datamanagement,12,2.5649493574615367
DM-1860,datamanagement,2,1.0986122886681098
DM-1861,datamanagement,12,2.5649493574615367
DM-1862,datamanagement,3,1.3862943611198906
DM-1864,datamanagement,10,2.3978952727983707
DM-1865,datamanagement,4,1.6094379124341003
DM-1866,datamanagement,4,1.6094379124341003
DM-1867,datamanagement,1,0.6931471805599453
DM-1868,datamanagement,3,1.3862943611198906
DM-1871,datamanagement,50,3.9318256327243257
DM-1872,datamanagement,30,3.4339872044851463
DM-1873,datamanagement,40,3.713572066704308
DM-1874,datamanagement,30,3.4339872044851463
DM-1875,datamanagement,40,3.713572066704308
DM-1876,datamanagement,60,4.110873864173311
DM-1877,datamanagement,60,4.110873864173311
DM-1878,datamanagement,20,3.044522437723423
DM-1880,datamanagement,5,1.791759469228055
DM-1881,datamanagement,5,1.791759469228055
DM-1883,datamanagement,10,2.3978952727983707
DM-1884,datamanagement,4,1.6094379124341003
DM-1885,datamanagement,2,1.0986122886681098
DM-1887,datamanagement,1,0.6931471805599453
DM-1889,datamanagement,19,2.995732273553991
DM-1890,datamanagement,11,2.4849066497880004
DM-1891,datamanagement,6,1.9459101490553132
DM-1893,datamanagement,10,2.3978952727983707
DM-1894,datamanagement,100,4.61512051684126
DM-1896,datamanagement,4,1.6094379124341003
DM-1897,datamanagement,2,1.0986122886681098
DM-1898,datamanagement,4,1.6094379124341003
DM-1899,datamanagement,2,1.0986122886681098
DM-1900,datamanagement,5,1.791759469228055
DM-1901,datamanagement,8,2.1972245773362196
DM-1903,datamanagement,2,1.0986122886681098
DM-1904,datamanagement,8,2.1972245773362196
DM-1905,datamanagement,2,1.0986122886681098
DM-1906,datamanagement,12,2.5649493574615367
DM-1907,datamanagement,35,3.58351893845611
DM-1909,datamanagement,45,3.828641396489095
DM-1910,datamanagement,20,3.044522437723423
DM-1912,datamanagement,20,3.044522437723423
DM-1913,datamanagement,10,2.3978952727983707
DM-1914,datamanagement,18,2.9444389791664403
DM-1915,datamanagement,10,2.3978952727983707
DM-1916,datamanagement,9,2.302585092994046
DM-1917,datamanagement,1,0.6931471805599453
DM-1918,datamanagement,8,2.1972245773362196
DM-1919,datamanagement,1,0.6931471805599453
DM-1920,datamanagement,6,1.9459101490553132
DM-1921,datamanagement,4,1.6094379124341003
DM-1923,datamanagement,2,1.0986122886681098
DM-1924,datamanagement,5,1.791759469228055
DM-1925,datamanagement,1,0.6931471805599453
DM-1926,datamanagement,3,1.3862943611198906
DM-1927,datamanagement,15,2.772588722239781
DM-1928,datamanagement,20,3.044522437723423
DM-1929,datamanagement,4,1.6094379124341003
DM-1930,datamanagement,8,2.1972245773362196
DM-1931,datamanagement,4,1.6094379124341003
DM-1932,datamanagement,8,2.1972245773362196
DM-1934,datamanagement,8,2.1972245773362196
DM-1935,datamanagement,8,2.1972245773362196
DM-1936,datamanagement,8,2.1972245773362196
DM-1937,datamanagement,8,2.1972245773362196
DM-1939,datamanagement,10,2.3978952727983707
DM-1940,datamanagement,10,2.3978952727983707
DM-1941,datamanagement,10,2.3978952727983707
DM-1942,datamanagement,45,3.828641396489095
DM-1943,datamanagement,8,2.1972245773362196
DM-1944,datamanagement,4,1.6094379124341003
DM-1945,datamanagement,8,2.1972245773362196
DM-1946,datamanagement,4,1.6094379124341003
DM-1947,datamanagement,12,2.5649493574615367
DM-1948,datamanagement,32,3.4965075614664802
DM-1950,datamanagement,8,2.1972245773362196
DM-1951,datamanagement,8,2.1972245773362196
DM-1952,datamanagement,1,0.6931471805599453
DM-1953,datamanagement,1,0.6931471805599453
DM-1954,datamanagement,20,3.044522437723423
DM-1955,datamanagement,12,2.5649493574615367
DM-1956,datamanagement,14,2.70805020110221
DM-1957,datamanagement,20,3.044522437723423
DM-1959,datamanagement,30,3.4339872044851463
DM-1961,datamanagement,10,2.3978952727983707
DM-1962,datamanagement,6,1.9459101490553132
DM-1964,datamanagement,8,2.1972245773362196
DM-1965,datamanagement,6,1.9459101490553132
DM-1966,datamanagement,6,1.9459101490553132
DM-1968,datamanagement,35,3.58351893845611
DM-1969,datamanagement,4,1.6094379124341003
DM-1973,datamanagement,1,0.6931471805599453
DM-1974,datamanagement,2,1.0986122886681098
DM-1977,datamanagement,39,3.6888794541139363
DM-1978,datamanagement,4,1.6094379124341003
DM-1979,datamanagement,4,1.6094379124341003
DM-1980,datamanagement,6,1.9459101490553132
DM-1981,datamanagement,5,1.791759469228055
DM-1982,datamanagement,1,0.6931471805599453
DM-1987,datamanagement,40,3.713572066704308
DM-1988,datamanagement,43,3.784189633918261
DM-1989,datamanagement,75,4.330733340286331
DM-1990,datamanagement,19,2.995732273553991
DM-1991,datamanagement,34,3.5553480614894135
DM-1992,datamanagement,20,3.044522437723423
DM-1994,datamanagement,1,0.6931471805599453
DM-1996,datamanagement,12,2.5649493574615367
DM-1997,datamanagement,12,2.5649493574615367
DM-1998,datamanagement,16,2.833213344056216
DM-1999,datamanagement,10,2.3978952727983707
DM-2000,datamanagement,10,2.3978952727983707
DM-2001,datamanagement,10,2.3978952727983707
DM-2002,datamanagement,4,1.6094379124341003
DM-2003,datamanagement,38,3.6635616461296463
DM-2005,datamanagement,2,1.0986122886681098
DM-2006,datamanagement,2,1.0986122886681098
DM-2007,datamanagement,1,0.6931471805599453
DM-2008,datamanagement,1,0.6931471805599453
DM-2010,datamanagement,1,0.6931471805599453
DM-2011,datamanagement,2,1.0986122886681098
DM-2012,datamanagement,1,0.6931471805599453
DM-2013,datamanagement,6,1.9459101490553132
DM-2014,datamanagement,2,1.0986122886681098
DM-2015,datamanagement,4,1.6094379124341003
DM-2016,datamanagement,1,0.6931471805599453
DM-2017,datamanagement,1,0.6931471805599453
DM-2018,datamanagement,2,1.0986122886681098
DM-2019,datamanagement,2,1.0986122886681098
DM-2020,datamanagement,12,2.5649493574615367
DM-2021,datamanagement,6,1.9459101490553132
DM-2022,datamanagement,10,2.3978952727983707
DM-2023,datamanagement,4,1.6094379124341003
DM-2024,datamanagement,20,3.044522437723423
DM-2025,datamanagement,16,2.833213344056216
DM-2026,datamanagement,19,2.995732273553991
DM-2027,datamanagement,4,1.6094379124341003
DM-2030,datamanagement,10,2.3978952727983707
DM-2031,datamanagement,5,1.791759469228055
DM-2034,datamanagement,53,3.9889840465642745
DM-2035,datamanagement,39,3.6888794541139363
DM-2036,datamanagement,79,4.382026634673881
DM-2037,datamanagement,19,2.995732273553991
DM-2038,datamanagement,79,4.382026634673881
DM-2039,datamanagement,100,4.61512051684126
DM-2040,datamanagement,100,4.61512051684126
DM-2041,datamanagement,100,4.61512051684126
DM-2042,datamanagement,69,4.248495242049359
DM-2044,datamanagement,10,2.3978952727983707
DM-2045,datamanagement,6,1.9459101490553132
DM-2046,datamanagement,10,2.3978952727983707
DM-2047,datamanagement,30,3.4339872044851463
DM-2048,datamanagement,36,3.6109179126442243
DM-2049,datamanagement,80,4.394449154672439
DM-2050,datamanagement,100,4.61512051684126
DM-2051,datamanagement,45,3.828641396489095
DM-2052,datamanagement,20,3.044522437723423
DM-2053,datamanagement,30,3.4339872044851463
DM-2054,datamanagement,40,3.713572066704308
DM-2055,datamanagement,16,2.833213344056216
DM-2057,datamanagement,2,1.0986122886681098
DM-2058,datamanagement,2,1.0986122886681098
DM-2059,datamanagement,8,2.1972245773362196
DM-2060,datamanagement,1,0.6931471805599453
DM-2061,datamanagement,12,2.5649493574615367
DM-2063,datamanagement,2,1.0986122886681098
DM-2065,datamanagement,90,4.51085950651685
DM-2066,datamanagement,2,1.0986122886681098
DM-2069,datamanagement,54,4.007333185232471
DM-2070,datamanagement,79,4.382026634673881
DM-2071,datamanagement,56,4.04305126783455
DM-2072,datamanagement,26,3.295836866004329
DM-2073,datamanagement,100,4.61512051684126
DM-2075,datamanagement,9,2.302585092994046
DM-2077,datamanagement,100,4.61512051684126
DM-2078,datamanagement,24,3.2188758248682006
DM-2079,datamanagement,26,3.295836866004329
DM-2080,datamanagement,26,3.295836866004329
DM-2081,datamanagement,100,4.61512051684126
DM-2082,datamanagement,100,4.61512051684126
DM-2083,datamanagement,100,4.61512051684126
DM-2084,datamanagement,54,4.007333185232471
DM-2085,datamanagement,79,4.382026634673881
DM-2086,datamanagement,54,4.007333185232471
DM-2087,datamanagement,79,4.382026634673881
DM-2088,datamanagement,28,3.367295829986474
DM-2089,datamanagement,100,4.61512051684126
DM-2090,datamanagement,100,4.61512051684126
DM-2091,datamanagement,53,3.9889840465642745
DM-2092,datamanagement,79,4.382026634673881
DM-2093,datamanagement,79,4.382026634673881
DM-2094,datamanagement,1,0.6931471805599453
DM-2095,datamanagement,1,0.6931471805599453
DM-2096,datamanagement,8,2.1972245773362196
DM-2097,datamanagement,1,0.6931471805599453
DM-2101,datamanagement,53,3.9889840465642745
DM-2103,datamanagement,60,4.110873864173311
DM-2107,datamanagement,80,4.394449154672439
DM-2108,datamanagement,100,4.61512051684126
DM-2110,datamanagement,53,3.9889840465642745
DM-2111,datamanagement,53,3.9889840465642745
DM-2112,datamanagement,79,4.382026634673881
DM-2113,datamanagement,53,3.9889840465642745
DM-2115,datamanagement,100,4.61512051684126
DM-2116,datamanagement,79,4.382026634673881
DM-2117,datamanagement,79,4.382026634673881
DM-2118,datamanagement,80,4.394449154672439
DM-2119,datamanagement,48,3.8918202981106265
DM-2123,datamanagement,79,4.382026634673881
DM-2124,datamanagement,60,4.110873864173311
DM-2125,datamanagement,26,3.295836866004329
DM-2129,datamanagement,90,4.51085950651685
DM-2130,datamanagement,79,4.382026634673881
DM-2131,datamanagement,1,0.6931471805599453
DM-2136,datamanagement,10,2.3978952727983707
DM-2137,datamanagement,1,0.6931471805599453
DM-2138,datamanagement,1,0.6931471805599453
DM-2139,datamanagement,8,2.1972245773362196
DM-2141,datamanagement,1,0.6931471805599453
DM-2148,datamanagement,6,1.9459101490553132
DM-2149,datamanagement,20,3.044522437723423
DM-2150,datamanagement,6,1.9459101490553132
DM-2151,datamanagement,6,1.9459101490553132
DM-2152,datamanagement,6,1.9459101490553132
DM-2153,datamanagement,17,2.8903717578961645
DM-2155,datamanagement,1,0.6931471805599453
DM-2157,datamanagement,1,0.6931471805599453
DM-2158,datamanagement,2,1.0986122886681098
DM-2159,datamanagement,3,1.3862943611198906
DM-2161,datamanagement,2,1.0986122886681098
DM-2163,datamanagement,8,2.1972245773362196
DM-2164,datamanagement,3,1.3862943611198906
DM-2165,datamanagement,3,1.3862943611198906
DM-2166,datamanagement,1,0.6931471805599453
DM-2167,datamanagement,1,0.6931471805599453
DM-2168,datamanagement,6,1.9459101490553132
DM-2171,datamanagement,3,1.3862943611198906
DM-2173,datamanagement,1,0.6931471805599453
DM-2175,datamanagement,10,2.3978952727983707
DM-2176,datamanagement,10,2.3978952727983707
DM-2177,datamanagement,12,2.5649493574615367
DM-2178,datamanagement,4,1.6094379124341003
DM-2181,datamanagement,52,3.970291913552122
DM-2182,datamanagement,79,4.382026634673881
DM-2186,datamanagement,6,1.9459101490553132
DM-2187,datamanagement,60,4.110873864173311
DM-2188,datamanagement,4,1.6094379124341003
DM-2189,datamanagement,10,2.3978952727983707
DM-2190,datamanagement,2,1.0986122886681098
DM-2191,datamanagement,6,1.9459101490553132
DM-2192,datamanagement,10,2.3978952727983707
DM-2193,datamanagement,5,1.791759469228055
DM-2194,datamanagement,6,1.9459101490553132
DM-2195,datamanagement,10,2.3978952727983707
DM-2197,datamanagement,8,2.1972245773362196
DM-2199,datamanagement,1,0.6931471805599453
DM-2201,datamanagement,4,1.6094379124341003
DM-2202,datamanagement,4,1.6094379124341003
DM-2203,datamanagement,6,1.9459101490553132
DM-2205,datamanagement,4,1.6094379124341003
DM-2206,datamanagement,19,2.995732273553991
DM-2207,datamanagement,96,4.574710978503383
DM-2208,datamanagement,31,3.4657359027997265
DM-2209,datamanagement,10,2.3978952727983707
DM-2210,datamanagement,9,2.302585092994046
DM-2211,datamanagement,10,2.3978952727983707
DM-2213,datamanagement,50,3.9318256327243257
DM-2214,datamanagement,100,4.61512051684126
DM-2215,datamanagement,50,3.9318256327243257
DM-2216,datamanagement,6,1.9459101490553132
DM-2217,datamanagement,22,3.1354942159291497
DM-2218,datamanagement,18,2.9444389791664403
DM-2221,datamanagement,4,1.6094379124341003
DM-2224,datamanagement,20,3.044522437723423
DM-2225,datamanagement,80,4.394449154672439
DM-2226,datamanagement,20,3.044522437723423
DM-2227,datamanagement,10,2.3978952727983707
DM-2228,datamanagement,8,2.1972245773362196
DM-2229,datamanagement,8,2.1972245773362196
DM-2230,datamanagement,26,3.295836866004329
DM-2231,datamanagement,21,3.091042453358316
DM-2232,datamanagement,16,2.833213344056216
DM-2233,datamanagement,16,2.833213344056216
DM-2234,datamanagement,17,2.8903717578961645
DM-2235,datamanagement,15,2.772588722239781
DM-2236,datamanagement,5,1.791759469228055
DM-2237,datamanagement,38,3.6635616461296463
DM-2239,datamanagement,20,3.044522437723423
DM-2240,datamanagement,40,3.713572066704308
DM-2243,datamanagement,1,0.6931471805599453
DM-2245,datamanagement,4,1.6094379124341003
DM-2246,datamanagement,10,2.3978952727983707
DM-2247,datamanagement,5,1.791759469228055
DM-2248,datamanagement,22,3.1354942159291497
DM-2250,datamanagement,45,3.828641396489095
DM-2251,datamanagement,2,1.0986122886681098
DM-2252,datamanagement,2,1.0986122886681098
DM-2253,datamanagement,6,1.9459101490553132
DM-2254,datamanagement,10,2.3978952727983707
DM-2256,datamanagement,6,1.9459101490553132
DM-2257,datamanagement,1,0.6931471805599453
DM-2258,datamanagement,2,1.0986122886681098
DM-2259,datamanagement,2,1.0986122886681098
DM-2262,datamanagement,2,1.0986122886681098
DM-2263,datamanagement,21,3.091042453358316
DM-2264,datamanagement,4,1.6094379124341003
DM-2265,datamanagement,25,3.258096538021482
DM-2268,datamanagement,10,2.3978952727983707
DM-2269,datamanagement,4,1.6094379124341003
DM-2270,datamanagement,2,1.0986122886681098
DM-2272,datamanagement,6,1.9459101490553132
DM-2277,datamanagement,2,1.0986122886681098
DM-2279,datamanagement,1,0.6931471805599453
DM-2280,datamanagement,2,1.0986122886681098
DM-2281,datamanagement,1,0.6931471805599453
DM-2282,datamanagement,1,0.6931471805599453
DM-2286,datamanagement,9,2.302585092994046
DM-2287,datamanagement,10,2.3978952727983707
DM-2288,datamanagement,14,2.70805020110221
DM-2289,datamanagement,3,1.3862943611198906
DM-2290,datamanagement,1,0.6931471805599453
DM-2291,datamanagement,1,0.6931471805599453
DM-2292,datamanagement,1,0.6931471805599453
DM-2293,datamanagement,1,0.6931471805599453
DM-2294,datamanagement,2,1.0986122886681098
DM-2295,datamanagement,1,0.6931471805599453
DM-2299,datamanagement,12,2.5649493574615367
DM-2300,datamanagement,35,3.58351893845611
DM-2301,datamanagement,4,1.6094379124341003
DM-2305,datamanagement,3,1.3862943611198906
DM-2306,datamanagement,5,1.791759469228055
DM-2307,datamanagement,2,1.0986122886681098
DM-2309,datamanagement,1,0.6931471805599453
DM-2312,datamanagement,1,0.6931471805599453
DM-2314,datamanagement,6,1.9459101490553132
DM-2316,datamanagement,2,1.0986122886681098
DM-2320,datamanagement,2,1.0986122886681098
DM-2322,datamanagement,5,1.791759469228055
DM-2323,datamanagement,2,1.0986122886681098
DM-2324,datamanagement,2,1.0986122886681098
DM-2327,datamanagement,4,1.6094379124341003
DM-2329,datamanagement,1,0.6931471805599453
DM-2330,datamanagement,1,0.6931471805599453
DM-2331,datamanagement,1,0.6931471805599453
DM-2334,datamanagement,5,1.791759469228055
DM-2335,datamanagement,4,1.6094379124341003
DM-2336,datamanagement,4,1.6094379124341003
DM-2337,datamanagement,6,1.9459101490553132
DM-2338,datamanagement,10,2.3978952727983707
DM-2339,datamanagement,3,1.3862943611198906
DM-2340,datamanagement,2,1.0986122886681098
DM-2341,datamanagement,5,1.791759469228055
DM-2342,datamanagement,6,1.9459101490553132
DM-2343,datamanagement,1,0.6931471805599453
DM-2347,datamanagement,1,0.6931471805599453
DM-2348,datamanagement,1,0.6931471805599453
DM-2349,datamanagement,1,0.6931471805599453
DM-2352,datamanagement,4,1.6094379124341003
DM-2353,datamanagement,9,2.302585092994046
DM-2354,datamanagement,9,2.302585092994046
DM-2355,datamanagement,9,2.302585092994046
DM-2356,datamanagement,1,0.6931471805599453
DM-2357,datamanagement,2,1.0986122886681098
DM-2358,datamanagement,1,0.6931471805599453
DM-2363,datamanagement,1,0.6931471805599453
DM-2364,datamanagement,1,0.6931471805599453
DM-2367,datamanagement,8,2.1972245773362196
DM-2370,datamanagement,4,1.6094379124341003
DM-2371,datamanagement,6,1.9459101490553132
DM-2373,datamanagement,8,2.1972245773362196
DM-2375,datamanagement,1,0.6931471805599453
DM-2376,datamanagement,2,1.0986122886681098
DM-2377,datamanagement,3,1.3862943611198906
DM-2380,datamanagement,2,1.0986122886681098
DM-2382,datamanagement,1,0.6931471805599453
DM-2383,datamanagement,2,1.0986122886681098
DM-2385,datamanagement,6,1.9459101490553132
DM-2387,datamanagement,1,0.6931471805599453
DM-2390,datamanagement,1,0.6931471805599453
DM-2391,datamanagement,10,2.3978952727983707
DM-2392,datamanagement,10,2.3978952727983707
DM-2396,datamanagement,53,3.9889840465642745
DM-2397,datamanagement,53,3.9889840465642745
DM-2400,datamanagement,53,3.9889840465642745
DM-2401,datamanagement,53,3.9889840465642745
DM-2402,datamanagement,53,3.9889840465642745
DM-2403,datamanagement,100,4.61512051684126
DM-2404,datamanagement,100,4.61512051684126
DM-2411,datamanagement,1,0.6931471805599453
DM-2412,datamanagement,2,1.0986122886681098
DM-2414,datamanagement,4,1.6094379124341003
DM-2415,datamanagement,3,1.3862943611198906
DM-2417,datamanagement,1,0.6931471805599453
DM-2419,datamanagement,4,1.6094379124341003
DM-2420,datamanagement,4,1.6094379124341003
DM-2421,datamanagement,1,0.6931471805599453
DM-2423,datamanagement,1,0.6931471805599453
DM-2424,datamanagement,1,0.6931471805599453
DM-2425,datamanagement,6,1.9459101490553132
DM-2426,datamanagement,2,1.0986122886681098
DM-2427,datamanagement,3,1.3862943611198906
DM-2429,datamanagement,1,0.6931471805599453
DM-2430,datamanagement,1,0.6931471805599453
DM-2431,datamanagement,4,1.6094379124341003
DM-2432,datamanagement,2,1.0986122886681098
DM-2433,datamanagement,6,1.9459101490553132
DM-2434,datamanagement,4,1.6094379124341003
DM-2435,datamanagement,1,0.6931471805599453
DM-2436,datamanagement,1,0.6931471805599453
DM-2437,datamanagement,4,1.6094379124341003
DM-2439,datamanagement,2,1.0986122886681098
DM-2440,datamanagement,2,1.0986122886681098
DM-2441,datamanagement,2,1.0986122886681098
DM-2442,datamanagement,3,1.3862943611198906
DM-2444,datamanagement,4,1.6094379124341003
DM-2445,datamanagement,6,1.9459101490553132
DM-2447,datamanagement,1,0.6931471805599453
DM-2448,datamanagement,3,1.3862943611198906
DM-2450,datamanagement,4,1.6094379124341003
DM-2451,datamanagement,1,0.6931471805599453
DM-2452,datamanagement,3,1.3862943611198906
DM-2454,datamanagement,7,2.0794415416798357
DM-2455,datamanagement,1,0.6931471805599453
DM-2456,datamanagement,8,2.1972245773362196
DM-2457,datamanagement,8,2.1972245773362196
DM-2458,datamanagement,3,1.3862943611198906
DM-2459,datamanagement,10,2.3978952727983707
DM-2460,datamanagement,10,2.3978952727983707
DM-2461,datamanagement,14,2.70805020110221
DM-2462,datamanagement,20,3.044522437723423
DM-2463,datamanagement,6,1.9459101490553132
DM-2466,datamanagement,1,0.6931471805599453
DM-2467,datamanagement,8,2.1972245773362196
DM-2468,datamanagement,10,2.3978952727983707
DM-2469,datamanagement,4,1.6094379124341003
DM-2470,datamanagement,7,2.0794415416798357
DM-2475,datamanagement,1,0.6931471805599453
DM-2477,datamanagement,8,2.1972245773362196
DM-2478,datamanagement,10,2.3978952727983707
DM-2479,datamanagement,4,1.6094379124341003
DM-2480,datamanagement,2,1.0986122886681098
DM-2484,datamanagement,1,0.6931471805599453
DM-2485,datamanagement,1,0.6931471805599453
DM-2486,datamanagement,4,1.6094379124341003
DM-2487,datamanagement,1,0.6931471805599453
DM-2489,datamanagement,10,2.3978952727983707
DM-2491,datamanagement,1,0.6931471805599453
DM-2492,datamanagement,1,0.6931471805599453
DM-2493,datamanagement,10,2.3978952727983707
DM-2497,datamanagement,1,0.6931471805599453
DM-2498,datamanagement,28,3.367295829986474
DM-2500,datamanagement,40,3.713572066704308
DM-2502,datamanagement,2,1.0986122886681098
DM-2503,datamanagement,1,0.6931471805599453
DM-2504,datamanagement,1,0.6931471805599453
DM-2505,datamanagement,2,1.0986122886681098
DM-2506,datamanagement,2,1.0986122886681098
DM-2507,datamanagement,4,1.6094379124341003
DM-2508,datamanagement,8,2.1972245773362196
DM-2510,datamanagement,10,2.3978952727983707
DM-2511,datamanagement,2,1.0986122886681098
DM-2512,datamanagement,40,3.713572066704308
DM-2513,datamanagement,31,3.4657359027997265
DM-2514,datamanagement,1,0.6931471805599453
DM-2515,datamanagement,1,0.6931471805599453
DM-2518,datamanagement,1,0.6931471805599453
DM-2519,datamanagement,4,1.6094379124341003
DM-2520,datamanagement,6,1.9459101490553132
DM-2521,datamanagement,1,0.6931471805599453
DM-2522,datamanagement,6,1.9459101490553132
DM-2523,datamanagement,4,1.6094379124341003
DM-2524,datamanagement,13,2.6390573296152584
DM-2526,datamanagement,1,0.6931471805599453
DM-2528,datamanagement,3,1.3862943611198906
DM-2530,datamanagement,3,1.3862943611198906
DM-2532,datamanagement,1,0.6931471805599453
DM-2533,datamanagement,1,0.6931471805599453
DM-2534,datamanagement,4,1.6094379124341003
DM-2535,datamanagement,2,1.0986122886681098
DM-2536,datamanagement,2,1.0986122886681098
DM-2537,datamanagement,4,1.6094379124341003
DM-2538,datamanagement,3,1.3862943611198906
DM-2541,datamanagement,6,1.9459101490553132
DM-2543,datamanagement,8,2.1972245773362196
DM-2544,datamanagement,1,0.6931471805599453
DM-2545,datamanagement,1,0.6931471805599453
DM-2546,datamanagement,1,0.6931471805599453
DM-2547,datamanagement,8,2.1972245773362196
DM-2549,datamanagement,2,1.0986122886681098
DM-2551,datamanagement,1,0.6931471805599453
DM-2552,datamanagement,5,1.791759469228055
DM-2554,datamanagement,2,1.0986122886681098
DM-2555,datamanagement,1,0.6931471805599453
DM-2556,datamanagement,5,1.791759469228055
DM-2557,datamanagement,2,1.0986122886681098
DM-2558,datamanagement,11,2.4849066497880004
DM-2563,datamanagement,40,3.713572066704308
DM-2572,datamanagement,16,2.833213344056216
DM-2573,datamanagement,1,0.6931471805599453
DM-2574,datamanagement,5,1.791759469228055
DM-2578,datamanagement,5,1.791759469228055
DM-2579,datamanagement,1,0.6931471805599453
DM-2580,datamanagement,5,1.791759469228055
DM-2581,datamanagement,1,0.6931471805599453
DM-2582,datamanagement,5,1.791759469228055
DM-2585,datamanagement,40,3.713572066704308
DM-2586,datamanagement,20,3.044522437723423
DM-2587,datamanagement,40,3.713572066704308
DM-2589,datamanagement,20,3.044522437723423
DM-2590,datamanagement,4,1.6094379124341003
DM-2591,datamanagement,2,1.0986122886681098
DM-2592,datamanagement,1,0.6931471805599453
DM-2593,datamanagement,8,2.1972245773362196
DM-2594,datamanagement,1,0.6931471805599453
DM-2595,datamanagement,5,1.791759469228055
DM-2597,datamanagement,20,3.044522437723423
DM-2599,datamanagement,3,1.3862943611198906
DM-2600,datamanagement,54,4.007333185232471
DM-2601,datamanagement,5,1.791759469228055
DM-2602,datamanagement,26,3.295836866004329
DM-2603,datamanagement,80,4.394449154672439
DM-2605,datamanagement,3,1.3862943611198906
DM-2606,datamanagement,2,1.0986122886681098
DM-2607,datamanagement,60,4.110873864173311
DM-2608,datamanagement,100,4.61512051684126
DM-2609,datamanagement,100,4.61512051684126
DM-2611,datamanagement,1,0.6931471805599453
DM-2612,datamanagement,31,3.4657359027997265
DM-2613,datamanagement,1,0.6931471805599453
DM-2614,datamanagement,5,1.791759469228055
DM-2615,datamanagement,12,2.5649493574615367
DM-2618,datamanagement,2,1.0986122886681098
DM-2619,datamanagement,8,2.1972245773362196
DM-2621,datamanagement,3,1.3862943611198906
DM-2622,datamanagement,6,1.9459101490553132
DM-2623,datamanagement,2,1.0986122886681098
DM-2624,datamanagement,1,0.6931471805599453
DM-2625,datamanagement,1,0.6931471805599453
DM-2627,datamanagement,5,1.791759469228055
DM-2628,datamanagement,1,0.6931471805599453
DM-2629,datamanagement,1,0.6931471805599453
DM-2630,datamanagement,3,1.3862943611198906
DM-2631,datamanagement,10,2.3978952727983707
DM-2632,datamanagement,10,2.3978952727983707
DM-2633,datamanagement,8,2.1972245773362196
DM-2634,datamanagement,8,2.1972245773362196
DM-2635,datamanagement,2,1.0986122886681098
DM-2636,datamanagement,3,1.3862943611198906
DM-2638,datamanagement,6,1.9459101490553132
DM-2642,datamanagement,1,0.6931471805599453
DM-2643,datamanagement,6,1.9459101490553132
DM-2646,datamanagement,1,0.6931471805599453
DM-2647,datamanagement,1,0.6931471805599453
DM-2648,datamanagement,3,1.3862943611198906
DM-2649,datamanagement,12,2.5649493574615367
DM-2652,datamanagement,18,2.9444389791664403
DM-2653,datamanagement,6,1.9459101490553132
DM-2655,datamanagement,8,2.1972245773362196
DM-2656,datamanagement,10,2.3978952727983707
DM-2657,datamanagement,2,1.0986122886681098
DM-2658,datamanagement,4,1.6094379124341003
DM-2659,datamanagement,2,1.0986122886681098
DM-2660,datamanagement,4,1.6094379124341003
DM-2661,datamanagement,6,1.9459101490553132
DM-2662,datamanagement,4,1.6094379124341003
DM-2663,datamanagement,5,1.791759469228055
DM-2664,datamanagement,4,1.6094379124341003
DM-2665,datamanagement,20,3.044522437723423
DM-2666,datamanagement,8,2.1972245773362196
DM-2667,datamanagement,20,3.044522437723423
DM-2668,datamanagement,10,2.3978952727983707
DM-2669,datamanagement,10,2.3978952727983707
DM-2671,datamanagement,1,0.6931471805599453
DM-2672,datamanagement,1,0.6931471805599453
DM-2674,datamanagement,10,2.3978952727983707
DM-2675,datamanagement,4,1.6094379124341003
DM-2678,datamanagement,5,1.791759469228055
DM-2679,datamanagement,1,0.6931471805599453
DM-2680,datamanagement,20,3.044522437723423
DM-2681,datamanagement,4,1.6094379124341003
DM-2682,datamanagement,1,0.6931471805599453
DM-2683,datamanagement,1,0.6931471805599453
DM-2684,datamanagement,20,3.044522437723423
DM-2687,datamanagement,4,1.6094379124341003
DM-2689,datamanagement,2,1.0986122886681098
DM-2691,datamanagement,1,0.6931471805599453
DM-2692,datamanagement,2,1.0986122886681098
DM-2693,datamanagement,4,1.6094379124341003
DM-2694,datamanagement,8,2.1972245773362196
DM-2695,datamanagement,20,3.044522437723423
DM-2696,datamanagement,1,0.6931471805599453
DM-2698,datamanagement,6,1.9459101490553132
DM-2699,datamanagement,4,1.6094379124341003
DM-2703,datamanagement,6,1.9459101490553132
DM-2705,datamanagement,4,1.6094379124341003
DM-2707,datamanagement,26,3.295836866004329
DM-2708,datamanagement,2,1.0986122886681098
DM-2709,datamanagement,6,1.9459101490553132
DM-2710,datamanagement,1,0.6931471805599453
DM-2711,datamanagement,5,1.791759469228055
DM-2712,datamanagement,2,1.0986122886681098
DM-2715,datamanagement,1,0.6931471805599453
DM-2716,datamanagement,2,1.0986122886681098
DM-2717,datamanagement,5,1.791759469228055
DM-2718,datamanagement,1,0.6931471805599453
DM-2720,datamanagement,1,0.6931471805599453
DM-2722,datamanagement,1,0.6931471805599453
DM-2723,datamanagement,12,2.5649493574615367
DM-2724,datamanagement,3,1.3862943611198906
DM-2725,datamanagement,3,1.3862943611198906
DM-2726,datamanagement,12,2.5649493574615367
DM-2727,datamanagement,1,0.6931471805599453
DM-2728,datamanagement,2,1.0986122886681098
DM-2729,datamanagement,1,0.6931471805599453
DM-2733,datamanagement,14,2.70805020110221
DM-2734,datamanagement,1,0.6931471805599453
DM-2735,datamanagement,4,1.6094379124341003
DM-2736,datamanagement,4,1.6094379124341003
DM-2737,datamanagement,1,0.6931471805599453
DM-2738,datamanagement,1,0.6931471805599453
DM-2740,datamanagement,2,1.0986122886681098
DM-2743,datamanagement,1,0.6931471805599453
DM-2744,datamanagement,4,1.6094379124341003
DM-2745,datamanagement,40,3.713572066704308
DM-2748,datamanagement,2,1.0986122886681098
DM-2750,datamanagement,6,1.9459101490553132
DM-2751,datamanagement,3,1.3862943611198906
DM-2752,datamanagement,1,0.6931471805599453
DM-2754,datamanagement,6,1.9459101490553132
DM-2755,datamanagement,4,1.6094379124341003
DM-2756,datamanagement,3,1.3862943611198906
DM-2757,datamanagement,2,1.0986122886681098
DM-2758,datamanagement,3,1.3862943611198906
DM-2759,datamanagement,1,0.6931471805599453
DM-2762,datamanagement,3,1.3862943611198906
DM-2763,datamanagement,40,3.713572066704308
DM-2764,datamanagement,10,2.3978952727983707
DM-2765,datamanagement,30,3.4339872044851463
DM-2766,datamanagement,4,1.6094379124341003
DM-2768,datamanagement,10,2.3978952727983707
DM-2769,datamanagement,6,1.9459101490553132
DM-2770,datamanagement,1,0.6931471805599453
DM-2775,datamanagement,6,1.9459101490553132
DM-2777,datamanagement,2,1.0986122886681098
DM-2778,datamanagement,6,1.9459101490553132
DM-2779,datamanagement,2,1.0986122886681098
DM-2780,datamanagement,2,1.0986122886681098
DM-2781,datamanagement,2,1.0986122886681098
DM-2782,datamanagement,2,1.0986122886681098
DM-2783,datamanagement,6,1.9459101490553132
DM-2784,datamanagement,2,1.0986122886681098
DM-2785,datamanagement,4,1.6094379124341003
DM-2786,datamanagement,1,0.6931471805599453
DM-2787,datamanagement,5,1.791759469228055
DM-2789,datamanagement,3,1.3862943611198906
DM-2790,datamanagement,1,0.6931471805599453
DM-2792,datamanagement,1,0.6931471805599453
DM-2793,datamanagement,8,2.1972245773362196
DM-2794,datamanagement,5,1.791759469228055
DM-2795,datamanagement,4,1.6094379124341003
DM-2797,datamanagement,6,1.9459101490553132
DM-2799,datamanagement,2,1.0986122886681098
DM-2800,datamanagement,2,1.0986122886681098
DM-2801,datamanagement,2,1.0986122886681098
DM-2802,datamanagement,29,3.4011973816621555
DM-2803,datamanagement,8,2.1972245773362196
DM-2804,datamanagement,8,2.1972245773362196
DM-2805,datamanagement,10,2.3978952727983707
DM-2806,datamanagement,6,1.9459101490553132
DM-2807,datamanagement,60,4.110873864173311
DM-2808,datamanagement,15,2.772588722239781
DM-2809,datamanagement,20,3.044522437723423
DM-2810,datamanagement,10,2.3978952727983707
DM-2813,datamanagement,80,4.394449154672439
DM-2814,datamanagement,40,3.713572066704308
DM-2815,datamanagement,20,3.044522437723423
DM-2816,datamanagement,10,2.3978952727983707
DM-2817,datamanagement,3,1.3862943611198906
DM-2818,datamanagement,2,1.0986122886681098
DM-2819,datamanagement,20,3.044522437723423
DM-2820,datamanagement,30,3.4339872044851463
DM-2821,datamanagement,20,3.044522437723423
DM-2822,datamanagement,30,3.4339872044851463
DM-2823,datamanagement,10,2.3978952727983707
DM-2824,datamanagement,10,2.3978952727983707
DM-2825,datamanagement,20,3.044522437723423
DM-2826,datamanagement,30,3.4339872044851463
DM-2827,datamanagement,8,2.1972245773362196
DM-2830,datamanagement,17,2.8903717578961645
DM-2833,datamanagement,5,1.791759469228055
DM-2834,datamanagement,3,1.3862943611198906
DM-2835,datamanagement,3,1.3862943611198906
DM-2836,datamanagement,1,0.6931471805599453
DM-2837,datamanagement,4,1.6094379124341003
DM-2838,datamanagement,10,2.3978952727983707
DM-2839,datamanagement,2,1.0986122886681098
DM-2840,datamanagement,4,1.6094379124341003
DM-2841,datamanagement,8,2.1972245773362196
DM-2843,datamanagement,20,3.044522437723423
DM-2844,datamanagement,10,2.3978952727983707
DM-2845,datamanagement,15,2.772588722239781
DM-2847,datamanagement,40,3.713572066704308
DM-2849,datamanagement,2,1.0986122886681098
DM-2850,datamanagement,2,1.0986122886681098
DM-2851,datamanagement,4,1.6094379124341003
DM-2852,datamanagement,2,1.0986122886681098
DM-2853,datamanagement,1,0.6931471805599453
DM-2854,datamanagement,2,1.0986122886681098
DM-2855,datamanagement,22,3.1354942159291497
DM-2856,datamanagement,6,1.9459101490553132
DM-2858,datamanagement,4,1.6094379124341003
DM-2859,datamanagement,4,1.6094379124341003
DM-2861,datamanagement,2,1.0986122886681098
DM-2862,datamanagement,8,2.1972245773362196
DM-2863,datamanagement,4,1.6094379124341003
DM-2864,datamanagement,8,2.1972245773362196
DM-2865,datamanagement,2,1.0986122886681098
DM-2866,datamanagement,2,1.0986122886681098
DM-2867,datamanagement,2,1.0986122886681098
DM-2868,datamanagement,2,1.0986122886681098
DM-2869,datamanagement,2,1.0986122886681098
DM-2870,datamanagement,2,1.0986122886681098
DM-2871,datamanagement,9,2.302585092994046
DM-2872,datamanagement,1,0.6931471805599453
DM-2873,datamanagement,6,1.9459101490553132
DM-2877,datamanagement,2,1.0986122886681098
DM-2879,datamanagement,2,1.0986122886681098
DM-2881,datamanagement,94,4.553876891600541
DM-2882,datamanagement,36,3.6109179126442243
DM-2883,datamanagement,1,0.6931471805599453
DM-2884,datamanagement,2,1.0986122886681098
DM-2885,datamanagement,5,1.791759469228055
DM-2887,datamanagement,8,2.1972245773362196
DM-2890,datamanagement,1,0.6931471805599453
DM-2892,datamanagement,1,0.6931471805599453
DM-2893,datamanagement,5,1.791759469228055
DM-2895,datamanagement,1,0.6931471805599453
DM-2897,datamanagement,10,2.3978952727983707
DM-2898,datamanagement,10,2.3978952727983707
DM-2899,datamanagement,7,2.0794415416798357
DM-2900,datamanagement,2,1.0986122886681098
DM-2903,datamanagement,4,1.6094379124341003
DM-2905,datamanagement,1,0.6931471805599453
DM-2908,datamanagement,1,0.6931471805599453
DM-2909,datamanagement,1,0.6931471805599453
DM-2910,datamanagement,1,0.6931471805599453
DM-2911,datamanagement,1,0.6931471805599453
DM-2913,datamanagement,6,1.9459101490553132
DM-2914,datamanagement,10,2.3978952727983707
DM-2915,datamanagement,18,2.9444389791664403
DM-2917,datamanagement,1,0.6931471805599453
DM-2919,datamanagement,1,0.6931471805599453
DM-2920,datamanagement,3,1.3862943611198906
DM-2921,datamanagement,1,0.6931471805599453
DM-2922,datamanagement,6,1.9459101490553132
DM-2923,datamanagement,4,1.6094379124341003
DM-2927,datamanagement,1,0.6931471805599453
DM-2928,datamanagement,1,0.6931471805599453
DM-2929,datamanagement,2,1.0986122886681098
DM-2930,datamanagement,5,1.791759469228055
DM-2931,datamanagement,1,0.6931471805599453
DM-2932,datamanagement,24,3.2188758248682006
DM-2934,datamanagement,1,0.6931471805599453
DM-2935,datamanagement,1,0.6931471805599453
DM-2936,datamanagement,3,1.3862943611198906
DM-2938,datamanagement,1,0.6931471805599453
DM-2939,datamanagement,4,1.6094379124341003
DM-2940,datamanagement,1,0.6931471805599453
DM-2945,datamanagement,1,0.6931471805599453
DM-2948,datamanagement,3,1.3862943611198906
DM-2949,datamanagement,1,0.6931471805599453
DM-2951,datamanagement,4,1.6094379124341003
DM-2952,datamanagement,3,1.3862943611198906
DM-2953,datamanagement,4,1.6094379124341003
DM-2954,datamanagement,6,1.9459101490553132
DM-2955,datamanagement,4,1.6094379124341003
DM-2956,datamanagement,3,1.3862943611198906
DM-2958,datamanagement,3,1.3862943611198906
DM-2959,datamanagement,4,1.6094379124341003
DM-2960,datamanagement,4,1.6094379124341003
DM-2961,datamanagement,14,2.70805020110221
DM-2962,datamanagement,4,1.6094379124341003
DM-2964,datamanagement,1,0.6931471805599453
DM-2966,datamanagement,2,1.0986122886681098
DM-2967,datamanagement,1,0.6931471805599453
DM-2972,datamanagement,3,1.3862943611198906
DM-2975,datamanagement,2,1.0986122886681098
DM-2976,datamanagement,2,1.0986122886681098
DM-2977,datamanagement,2,1.0986122886681098
DM-2978,datamanagement,1,0.6931471805599453
DM-2980,datamanagement,5,1.791759469228055
DM-2981,datamanagement,8,2.1972245773362196
DM-2982,datamanagement,1,0.6931471805599453
DM-2983,datamanagement,4,1.6094379124341003
DM-2984,datamanagement,10,2.3978952727983707
DM-2985,datamanagement,2,1.0986122886681098
DM-2986,datamanagement,6,1.9459101490553132
DM-2987,datamanagement,2,1.0986122886681098
DM-2989,datamanagement,2,1.0986122886681098
DM-2990,datamanagement,6,1.9459101490553132
DM-2991,datamanagement,10,2.3978952727983707
DM-2992,datamanagement,8,2.1972245773362196
DM-2993,datamanagement,1,0.6931471805599453
DM-2996,datamanagement,8,2.1972245773362196
DM-2997,datamanagement,1,0.6931471805599453
DM-2998,datamanagement,4,1.6094379124341003
DM-2999,datamanagement,3,1.3862943611198906
DM-3001,datamanagement,1,0.6931471805599453
DM-3002,datamanagement,1,0.6931471805599453
DM-3003,datamanagement,22,3.1354942159291497
DM-3004,datamanagement,4,1.6094379124341003
DM-3005,datamanagement,15,2.772588722239781
DM-3012,datamanagement,20,3.044522437723423
DM-3016,datamanagement,1,0.6931471805599453
DM-3019,datamanagement,16,2.833213344056216
DM-3020,datamanagement,2,1.0986122886681098
DM-3021,datamanagement,4,1.6094379124341003
DM-3022,datamanagement,4,1.6094379124341003
DM-3023,datamanagement,2,1.0986122886681098
DM-3024,datamanagement,1,0.6931471805599453
DM-3025,datamanagement,1,0.6931471805599453
DM-3026,datamanagement,6,1.9459101490553132
DM-3027,datamanagement,2,1.0986122886681098
DM-3028,datamanagement,1,0.6931471805599453
DM-3029,datamanagement,1,0.6931471805599453
DM-3030,datamanagement,1,0.6931471805599453
DM-3031,datamanagement,2,1.0986122886681098
DM-3032,datamanagement,4,1.6094379124341003
DM-3033,datamanagement,5,1.791759469228055
DM-3034,datamanagement,14,2.70805020110221
DM-3035,datamanagement,4,1.6094379124341003
DM-3036,datamanagement,6,1.9459101490553132
DM-3037,datamanagement,1,0.6931471805599453
DM-3038,datamanagement,20,3.044522437723423
DM-3090,datamanagement,1,0.6931471805599453
DM-3091,datamanagement,1,0.6931471805599453
DM-3093,datamanagement,1,0.6931471805599453
DM-3094,datamanagement,1,0.6931471805599453
DM-3095,datamanagement,2,1.0986122886681098
DM-3096,datamanagement,2,1.0986122886681098
DM-3097,datamanagement,2,1.0986122886681098
DM-3098,datamanagement,1,0.6931471805599453
DM-3099,datamanagement,2,1.0986122886681098
DM-3101,datamanagement,4,1.6094379124341003
DM-3102,datamanagement,5,1.791759469228055
DM-3103,datamanagement,12,2.5649493574615367
DM-3104,datamanagement,8,2.1972245773362196
DM-3105,datamanagement,4,1.6094379124341003
DM-3106,datamanagement,2,1.0986122886681098
DM-3108,datamanagement,1,0.6931471805599453
DM-3109,datamanagement,3,1.3862943611198906
DM-3110,datamanagement,1,0.6931471805599453
DM-3111,datamanagement,100,4.61512051684126
DM-3114,datamanagement,4,1.6094379124341003
DM-3118,datamanagement,6,1.9459101490553132
DM-3119,datamanagement,2,1.0986122886681098
DM-3120,datamanagement,8,2.1972245773362196
DM-3121,datamanagement,2,1.0986122886681098
DM-3125,datamanagement,6,1.9459101490553132
DM-3126,datamanagement,2,1.0986122886681098
DM-3133,datamanagement,1,0.6931471805599453
DM-3134,datamanagement,60,4.110873864173311
DM-3135,datamanagement,53,3.9889840465642745
DM-3136,datamanagement,2,1.0986122886681098
DM-3137,datamanagement,1,0.6931471805599453
DM-3138,datamanagement,8,2.1972245773362196
DM-3139,datamanagement,1,0.6931471805599453
DM-3140,datamanagement,1,0.6931471805599453
DM-3141,datamanagement,1,0.6931471805599453
DM-3142,datamanagement,3,1.3862943611198906
DM-3144,datamanagement,8,2.1972245773362196
DM-3146,datamanagement,5,1.791759469228055
DM-3147,datamanagement,8,2.1972245773362196
DM-3148,datamanagement,8,2.1972245773362196
DM-3151,datamanagement,1,0.6931471805599453
DM-3153,datamanagement,1,0.6931471805599453
DM-3154,datamanagement,2,1.0986122886681098
DM-3155,datamanagement,23,3.1780538303479458
DM-3158,datamanagement,75,4.330733340286331
DM-3160,datamanagement,1,0.6931471805599453
DM-3161,datamanagement,12,2.5649493574615367
DM-3162,datamanagement,4,1.6094379124341003
DM-3163,datamanagement,10,2.3978952727983707
DM-3164,datamanagement,15,2.772588722239781
DM-3167,datamanagement,5,1.791759469228055
DM-3170,datamanagement,9,2.302585092994046
DM-3171,datamanagement,29,3.4011973816621555
DM-3172,datamanagement,14,2.70805020110221
DM-3173,datamanagement,1,0.6931471805599453
DM-3174,datamanagement,1,0.6931471805599453
DM-3175,datamanagement,1,0.6931471805599453
DM-3176,datamanagement,3,1.3862943611198906
DM-3177,datamanagement,3,1.3862943611198906
DM-3178,datamanagement,3,1.3862943611198906
DM-3179,datamanagement,3,1.3862943611198906
DM-3180,datamanagement,3,1.3862943611198906
DM-3181,datamanagement,1,0.6931471805599453
DM-3182,datamanagement,5,1.791759469228055
DM-3183,datamanagement,1,0.6931471805599453
DM-3185,datamanagement,12,2.5649493574615367
DM-3186,datamanagement,4,1.6094379124341003
DM-3188,datamanagement,6,1.9459101490553132
DM-3189,datamanagement,4,1.6094379124341003
DM-3190,datamanagement,1,0.6931471805599453
DM-3192,datamanagement,8,2.1972245773362196
DM-3193,datamanagement,3,1.3862943611198906
DM-3194,datamanagement,1,0.6931471805599453
DM-3196,datamanagement,2,1.0986122886681098
DM-3199,datamanagement,8,2.1972245773362196
DM-3202,datamanagement,3,1.3862943611198906
DM-3204,datamanagement,5,1.791759469228055
DM-3205,datamanagement,4,1.6094379124341003
DM-3206,datamanagement,6,1.9459101490553132
DM-3207,datamanagement,10,2.3978952727983707
DM-3209,datamanagement,1,0.6931471805599453
DM-3212,datamanagement,28,3.367295829986474
DM-3213,datamanagement,10,2.3978952727983707
DM-3214,datamanagement,1,0.6931471805599453
DM-3215,datamanagement,50,3.9318256327243257
DM-3216,datamanagement,80,4.394449154672439
DM-3217,datamanagement,8,2.1972245773362196
DM-3218,datamanagement,1,0.6931471805599453
DM-3223,datamanagement,2,1.0986122886681098
DM-3224,datamanagement,4,1.6094379124341003
DM-3227,datamanagement,1,0.6931471805599453
DM-3228,datamanagement,2,1.0986122886681098
DM-3230,datamanagement,10,2.3978952727983707
DM-3232,datamanagement,1,0.6931471805599453
DM-3233,datamanagement,1,0.6931471805599453
DM-3234,datamanagement,2,1.0986122886681098
DM-3237,datamanagement,1,0.6931471805599453
DM-3239,datamanagement,10,2.3978952727983707
DM-3240,datamanagement,10,2.3978952727983707
DM-3241,datamanagement,20,3.044522437723423
DM-3242,datamanagement,10,2.3978952727983707
DM-3243,datamanagement,1,0.6931471805599453
DM-3245,datamanagement,8,2.1972245773362196
DM-3246,datamanagement,10,2.3978952727983707
DM-3247,datamanagement,5,1.791759469228055
DM-3249,datamanagement,8,2.1972245773362196
DM-3253,datamanagement,8,2.1972245773362196
DM-3254,datamanagement,79,4.382026634673881
DM-3255,datamanagement,10,2.3978952727983707
DM-3256,datamanagement,5,1.791759469228055
DM-3257,datamanagement,2,1.0986122886681098
DM-3258,datamanagement,1,0.6931471805599453
DM-3259,datamanagement,1,0.6931471805599453
DM-3261,datamanagement,15,2.772588722239781
DM-3262,datamanagement,4,1.6094379124341003
DM-3263,datamanagement,49,3.912023005428146
DM-3264,datamanagement,2,1.0986122886681098
DM-3265,datamanagement,2,1.0986122886681098
DM-3266,datamanagement,22,3.1354942159291497
DM-3345,datamanagement,2,1.0986122886681098
DM-3346,datamanagement,2,1.0986122886681098
DM-3347,datamanagement,1,0.6931471805599453
DM-3348,datamanagement,3,1.3862943611198906
DM-3349,datamanagement,2,1.0986122886681098
DM-3351,datamanagement,2,1.0986122886681098
DM-3352,datamanagement,6,1.9459101490553132
DM-3353,datamanagement,10,2.3978952727983707
DM-3354,datamanagement,2,1.0986122886681098
DM-3355,datamanagement,1,0.6931471805599453
DM-3356,datamanagement,1,0.6931471805599453
DM-3357,datamanagement,30,3.4339872044851463
DM-3358,datamanagement,5,1.791759469228055
DM-3359,datamanagement,2,1.0986122886681098
DM-3362,datamanagement,8,2.1972245773362196
DM-3363,datamanagement,4,1.6094379124341003
DM-3364,datamanagement,5,1.791759469228055
DM-3365,datamanagement,8,2.1972245773362196
DM-3366,datamanagement,4,1.6094379124341003
DM-3367,datamanagement,2,1.0986122886681098
DM-3368,datamanagement,6,1.9459101490553132
DM-3369,datamanagement,4,1.6094379124341003
DM-3370,datamanagement,4,1.6094379124341003
DM-3371,datamanagement,4,1.6094379124341003
DM-3372,datamanagement,6,1.9459101490553132
DM-3373,datamanagement,6,1.9459101490553132
DM-3374,datamanagement,4,1.6094379124341003
DM-3375,datamanagement,4,1.6094379124341003
DM-3376,datamanagement,4,1.6094379124341003
DM-3377,datamanagement,20,3.044522437723423
DM-3378,datamanagement,7,2.0794415416798357
DM-3380,datamanagement,4,1.6094379124341003
DM-3381,datamanagement,2,1.0986122886681098
DM-3382,datamanagement,1,0.6931471805599453
DM-3383,datamanagement,1,0.6931471805599453
DM-3384,datamanagement,4,1.6094379124341003
DM-3385,datamanagement,1,0.6931471805599453
DM-3386,datamanagement,2,1.0986122886681098
DM-3387,datamanagement,1,0.6931471805599453
DM-3388,datamanagement,2,1.0986122886681098
DM-3390,datamanagement,3,1.3862943611198906
DM-3391,datamanagement,2,1.0986122886681098
DM-3392,datamanagement,4,1.6094379124341003
DM-3393,datamanagement,4,1.6094379124341003
DM-3394,datamanagement,9,2.302585092994046
DM-3396,datamanagement,7,2.0794415416798357
DM-3397,datamanagement,1,0.6931471805599453
DM-3398,datamanagement,1,0.6931471805599453
DM-3399,datamanagement,4,1.6094379124341003
DM-3400,datamanagement,1,0.6931471805599453
DM-3401,datamanagement,6,1.9459101490553132
DM-3404,datamanagement,2,1.0986122886681098
DM-3409,datamanagement,4,1.6094379124341003
DM-3410,datamanagement,4,1.6094379124341003
DM-3411,datamanagement,20,3.044522437723423
DM-3412,datamanagement,2,1.0986122886681098
DM-3414,datamanagement,1,0.6931471805599453
DM-3415,datamanagement,4,1.6094379124341003
DM-3416,datamanagement,2,1.0986122886681098
DM-3417,datamanagement,8,2.1972245773362196
DM-3418,datamanagement,4,1.6094379124341003
DM-3419,datamanagement,2,1.0986122886681098
DM-3421,datamanagement,2,1.0986122886681098
DM-3422,datamanagement,10,2.3978952727983707
DM-3425,datamanagement,49,3.912023005428146
DM-3426,datamanagement,2,1.0986122886681098
DM-3427,datamanagement,12,2.5649493574615367
DM-3428,datamanagement,2,1.0986122886681098
DM-3429,datamanagement,4,1.6094379124341003
DM-3432,datamanagement,4,1.6094379124341003
DM-3433,datamanagement,4,1.6094379124341003
DM-3435,datamanagement,22,3.1354942159291497
DM-3436,datamanagement,2,1.0986122886681098
DM-3437,datamanagement,2,1.0986122886681098
DM-3438,datamanagement,2,1.0986122886681098
DM-3439,datamanagement,2,1.0986122886681098
DM-3440,datamanagement,1,0.6931471805599453
DM-3442,datamanagement,2,1.0986122886681098
DM-3444,datamanagement,6,1.9459101490553132
DM-3447,datamanagement,12,2.5649493574615367
DM-3448,datamanagement,26,3.295836866004329
DM-3449,datamanagement,3,1.3862943611198906
DM-3450,datamanagement,1,0.6931471805599453
DM-3451,datamanagement,2,1.0986122886681098
DM-3452,datamanagement,5,1.791759469228055
DM-3453,datamanagement,1,0.6931471805599453
DM-3455,datamanagement,1,0.6931471805599453
DM-3456,datamanagement,2,1.0986122886681098
DM-3457,datamanagement,5,1.791759469228055
DM-3458,datamanagement,2,1.0986122886681098
DM-3459,datamanagement,1,0.6931471805599453
DM-3460,datamanagement,1,0.6931471805599453
DM-3462,datamanagement,13,2.6390573296152584
DM-3463,datamanagement,2,1.0986122886681098
DM-3464,datamanagement,1,0.6931471805599453
DM-3467,datamanagement,8,2.1972245773362196
DM-3468,datamanagement,1,0.6931471805599453
DM-3469,datamanagement,15,2.772588722239781
DM-3470,datamanagement,5,1.791759469228055
DM-3471,datamanagement,10,2.3978952727983707
DM-3472,datamanagement,10,2.3978952727983707
DM-3474,datamanagement,4,1.6094379124341003
DM-3477,datamanagement,2,1.0986122886681098
DM-3478,datamanagement,3,1.3862943611198906
DM-3479,datamanagement,2,1.0986122886681098
DM-3480,datamanagement,5,1.791759469228055
DM-3481,datamanagement,2,1.0986122886681098
DM-3482,datamanagement,3,1.3862943611198906
DM-3483,datamanagement,1,0.6931471805599453
DM-3484,datamanagement,2,1.0986122886681098
DM-3488,datamanagement,1,0.6931471805599453
DM-3489,datamanagement,2,1.0986122886681098
DM-3490,datamanagement,2,1.0986122886681098
DM-3491,datamanagement,1,0.6931471805599453
DM-3492,datamanagement,5,1.791759469228055
DM-3493,datamanagement,1,0.6931471805599453
DM-3494,datamanagement,1,0.6931471805599453
DM-3495,datamanagement,19,2.995732273553991
DM-3496,datamanagement,6,1.9459101490553132
DM-3499,datamanagement,14,2.70805020110221
DM-3500,datamanagement,12,2.5649493574615367
DM-3501,datamanagement,10,2.3978952727983707
DM-3502,datamanagement,9,2.302585092994046
DM-3504,datamanagement,11,2.4849066497880004
DM-3505,datamanagement,6,1.9459101490553132
DM-3506,datamanagement,40,3.713572066704308
DM-3508,datamanagement,6,1.9459101490553132
DM-3511,datamanagement,4,1.6094379124341003
DM-3512,datamanagement,6,1.9459101490553132
DM-3513,datamanagement,4,1.6094379124341003
DM-3514,datamanagement,3,1.3862943611198906
DM-3515,datamanagement,6,1.9459101490553132
DM-3516,datamanagement,20,3.044522437723423
DM-3518,datamanagement,4,1.6094379124341003
DM-3519,datamanagement,20,3.044522437723423
DM-3520,datamanagement,10,2.3978952727983707
DM-3522,datamanagement,3,1.3862943611198906
DM-3523,datamanagement,2,1.0986122886681098
DM-3524,datamanagement,10,2.3978952727983707
DM-3525,datamanagement,2,1.0986122886681098
DM-3526,datamanagement,2,1.0986122886681098
DM-3527,datamanagement,79,4.382026634673881
DM-3530,datamanagement,3,1.3862943611198906
DM-3531,datamanagement,4,1.6094379124341003
DM-3533,datamanagement,3,1.3862943611198906
DM-3534,datamanagement,1,0.6931471805599453
DM-3535,datamanagement,2,1.0986122886681098
DM-3536,datamanagement,20,3.044522437723423
DM-3538,datamanagement,2,1.0986122886681098
DM-3539,datamanagement,4,1.6094379124341003
DM-3540,datamanagement,4,1.6094379124341003
DM-3543,datamanagement,30,3.4339872044851463
DM-3544,datamanagement,20,3.044522437723423
DM-3545,datamanagement,15,2.772588722239781
DM-3546,datamanagement,1,0.6931471805599453
DM-3547,datamanagement,1,0.6931471805599453
DM-3548,datamanagement,14,2.70805020110221
DM-3549,datamanagement,12,2.5649493574615367
DM-3550,datamanagement,40,3.713572066704308
DM-3551,datamanagement,4,1.6094379124341003
DM-3552,datamanagement,18,2.9444389791664403
DM-3553,datamanagement,10,2.3978952727983707
DM-3554,datamanagement,4,1.6094379124341003
DM-3555,datamanagement,1,0.6931471805599453
DM-3556,datamanagement,6,1.9459101490553132
DM-3557,datamanagement,4,1.6094379124341003
DM-3558,datamanagement,8,2.1972245773362196
DM-3559,datamanagement,60,4.110873864173311
DM-3560,datamanagement,100,4.61512051684126
DM-3561,datamanagement,60,4.110873864173311
DM-3562,datamanagement,18,2.9444389791664403
DM-3563,datamanagement,10,2.3978952727983707
DM-3564,datamanagement,6,1.9459101490553132
DM-3566,datamanagement,6,1.9459101490553132
DM-3568,datamanagement,60,4.110873864173311
DM-3569,datamanagement,6,1.9459101490553132
DM-3571,datamanagement,4,1.6094379124341003
DM-3572,datamanagement,4,1.6094379124341003
DM-3573,datamanagement,10,2.3978952727983707
DM-3574,datamanagement,8,2.1972245773362196
DM-3578,datamanagement,30,3.4339872044851463
DM-3579,datamanagement,10,2.3978952727983707
DM-3580,datamanagement,50,3.9318256327243257
DM-3581,datamanagement,25,3.258096538021482
DM-3582,datamanagement,30,3.4339872044851463
DM-3583,datamanagement,50,3.9318256327243257
DM-3585,datamanagement,20,3.044522437723423
DM-3586,datamanagement,30,3.4339872044851463
DM-3587,datamanagement,40,3.713572066704308
DM-3588,datamanagement,30,3.4339872044851463
DM-3590,datamanagement,3,1.3862943611198906
DM-3591,datamanagement,12,2.5649493574615367
DM-3592,datamanagement,10,2.3978952727983707
DM-3593,datamanagement,40,3.713572066704308
DM-3595,datamanagement,50,3.9318256327243257
DM-3596,datamanagement,30,3.4339872044851463
DM-3597,datamanagement,2,1.0986122886681098
DM-3599,datamanagement,30,3.4339872044851463
DM-3600,datamanagement,18,2.9444389791664403
DM-3601,datamanagement,10,2.3978952727983707
DM-3602,datamanagement,10,2.3978952727983707
DM-3603,datamanagement,10,2.3978952727983707
DM-3604,datamanagement,22,3.1354942159291497
DM-3605,datamanagement,10,2.3978952727983707
DM-3606,datamanagement,4,1.6094379124341003
DM-3607,datamanagement,6,1.9459101490553132
DM-3608,datamanagement,1,0.6931471805599453
DM-3609,datamanagement,8,2.1972245773362196
DM-3610,datamanagement,2,1.0986122886681098
DM-3611,datamanagement,3,1.3862943611198906
DM-3612,datamanagement,6,1.9459101490553132
DM-3613,datamanagement,10,2.3978952727983707
DM-3614,datamanagement,10,2.3978952727983707
DM-3615,datamanagement,5,1.791759469228055
DM-3616,datamanagement,2,1.0986122886681098
DM-3617,datamanagement,3,1.3862943611198906
DM-3618,datamanagement,1,0.6931471805599453
DM-3619,datamanagement,1,0.6931471805599453
DM-3620,datamanagement,6,1.9459101490553132
DM-3621,datamanagement,6,1.9459101490553132
DM-3622,datamanagement,60,4.110873864173311
DM-3623,datamanagement,6,1.9459101490553132
DM-3624,datamanagement,2,1.0986122886681098
DM-3625,datamanagement,10,2.3978952727983707
DM-3626,datamanagement,10,2.3978952727983707
DM-3627,datamanagement,7,2.0794415416798357
DM-3628,datamanagement,50,3.9318256327243257
DM-3630,datamanagement,2,1.0986122886681098
DM-3631,datamanagement,3,1.3862943611198906
DM-3632,datamanagement,10,2.3978952727983707
DM-3633,datamanagement,4,1.6094379124341003
DM-3634,datamanagement,12,2.5649493574615367
DM-3635,datamanagement,2,1.0986122886681098
DM-3636,datamanagement,4,1.6094379124341003
DM-3637,datamanagement,6,1.9459101490553132
DM-3638,datamanagement,1,0.6931471805599453
DM-3639,datamanagement,2,1.0986122886681098
DM-3640,datamanagement,6,1.9459101490553132
DM-3641,datamanagement,40,3.713572066704308
DM-3642,datamanagement,20,3.044522437723423
DM-3643,datamanagement,6,1.9459101490553132
DM-3644,datamanagement,4,1.6094379124341003
DM-3645,datamanagement,4,1.6094379124341003
DM-3646,datamanagement,2,1.0986122886681098
DM-3647,datamanagement,54,4.007333185232471
DM-3648,datamanagement,2,1.0986122886681098
DM-3650,datamanagement,2,1.0986122886681098
DM-3651,datamanagement,2,1.0986122886681098
DM-3652,datamanagement,1,0.6931471805599453
DM-3653,datamanagement,1,0.6931471805599453
DM-3654,datamanagement,4,1.6094379124341003
DM-3656,datamanagement,1,0.6931471805599453
DM-3657,datamanagement,2,1.0986122886681098
DM-3658,datamanagement,3,1.3862943611198906
DM-3659,datamanagement,1,0.6931471805599453
DM-3660,datamanagement,2,1.0986122886681098
DM-3661,datamanagement,3,1.3862943611198906
DM-3662,datamanagement,2,1.0986122886681098
DM-3663,datamanagement,4,1.6094379124341003
DM-3664,datamanagement,2,1.0986122886681098
DM-3665,datamanagement,6,1.9459101490553132
DM-3666,datamanagement,4,1.6094379124341003
DM-3667,datamanagement,1,0.6931471805599453
DM-3670,datamanagement,1,0.6931471805599453
DM-3672,datamanagement,10,2.3978952727983707
DM-3673,datamanagement,10,2.3978952727983707
DM-3674,datamanagement,10,2.3978952727983707
DM-3675,datamanagement,2,1.0986122886681098
DM-3677,datamanagement,4,1.6094379124341003
DM-3678,datamanagement,1,0.6931471805599453
DM-3679,datamanagement,2,1.0986122886681098
DM-3681,datamanagement,100,4.61512051684126
DM-3682,datamanagement,100,4.61512051684126
DM-3683,datamanagement,100,4.61512051684126
DM-3684,datamanagement,40,3.713572066704308
DM-3685,datamanagement,17,2.8903717578961645
DM-3686,datamanagement,1,0.6931471805599453
DM-3687,datamanagement,4,1.6094379124341003
DM-3688,datamanagement,2,1.0986122886681098
DM-3690,datamanagement,7,2.0794415416798357
DM-3691,datamanagement,1,0.6931471805599453
DM-3692,datamanagement,1,0.6931471805599453
DM-3693,datamanagement,2,1.0986122886681098
DM-3694,datamanagement,1,0.6931471805599453
DM-3695,datamanagement,8,2.1972245773362196
DM-3697,datamanagement,4,1.6094379124341003
DM-3698,datamanagement,1,0.6931471805599453
DM-3700,datamanagement,15,2.772588722239781
DM-3701,datamanagement,4,1.6094379124341003
DM-3702,datamanagement,40,3.713572066704308
DM-3703,datamanagement,4,1.6094379124341003
DM-3704,datamanagement,10,2.3978952727983707
DM-3706,datamanagement,4,1.6094379124341003
DM-3707,datamanagement,2,1.0986122886681098
DM-3749,datamanagement,2,1.0986122886681098
DM-3750,datamanagement,100,4.61512051684126
DM-3751,datamanagement,75,4.330733340286331
DM-3753,datamanagement,28,3.367295829986474
DM-3755,datamanagement,10,2.3978952727983707
DM-3756,datamanagement,38,3.6635616461296463
DM-3757,datamanagement,58,4.07753744390572
DM-3758,datamanagement,6,1.9459101490553132
DM-3759,datamanagement,24,3.2188758248682006
DM-3760,datamanagement,49,3.912023005428146
DM-3761,datamanagement,6,1.9459101490553132
DM-3762,datamanagement,13,2.6390573296152584
DM-3764,datamanagement,6,1.9459101490553132
DM-3765,datamanagement,12,2.5649493574615367
DM-3766,datamanagement,21,3.091042453358316
DM-3768,datamanagement,8,2.1972245773362196
DM-3769,datamanagement,2,1.0986122886681098
DM-3770,datamanagement,1,0.6931471805599453
DM-3771,datamanagement,5,1.791759469228055
DM-3772,datamanagement,1,0.6931471805599453
DM-3773,datamanagement,3,1.3862943611198906
DM-3774,datamanagement,1,0.6931471805599453
DM-3775,datamanagement,1,0.6931471805599453
DM-3776,datamanagement,3,1.3862943611198906
DM-3777,datamanagement,12,2.5649493574615367
DM-3778,datamanagement,1,0.6931471805599453
DM-3779,datamanagement,1,0.6931471805599453
DM-3780,datamanagement,1,0.6931471805599453
DM-3782,datamanagement,3,1.3862943611198906
DM-3783,datamanagement,2,1.0986122886681098
DM-3784,datamanagement,56,4.04305126783455
DM-3785,datamanagement,30,3.4339872044851463
DM-3786,datamanagement,38,3.6635616461296463
DM-3787,datamanagement,47,3.871201010907891
DM-3788,datamanagement,11,2.4849066497880004
DM-3791,datamanagement,6,1.9459101490553132
DM-3792,datamanagement,2,1.0986122886681098
DM-3794,datamanagement,2,1.0986122886681098
DM-3796,datamanagement,1,0.6931471805599453
DM-3797,datamanagement,1,0.6931471805599453
DM-3798,datamanagement,1,0.6931471805599453
DM-3800,datamanagement,2,1.0986122886681098
DM-3801,datamanagement,4,1.6094379124341003
DM-3802,datamanagement,1,0.6931471805599453
DM-3803,datamanagement,1,0.6931471805599453
DM-3804,datamanagement,2,1.0986122886681098
DM-3806,datamanagement,1,0.6931471805599453
DM-3808,datamanagement,1,0.6931471805599453
DM-3811,datamanagement,4,1.6094379124341003
DM-3814,datamanagement,1,0.6931471805599453
DM-3815,datamanagement,6,1.9459101490553132
DM-3816,datamanagement,1,0.6931471805599453
DM-3817,datamanagement,6,1.9459101490553132
DM-3818,datamanagement,1,0.6931471805599453
DM-3819,datamanagement,2,1.0986122886681098
DM-3820,datamanagement,2,1.0986122886681098
DM-3821,datamanagement,1,0.6931471805599453
DM-3822,datamanagement,27,3.332204510175204
DM-3823,datamanagement,100,4.61512051684126
DM-3824,datamanagement,6,1.9459101490553132
DM-3825,datamanagement,1,0.6931471805599453
DM-3826,datamanagement,10,2.3978952727983707
DM-3827,datamanagement,2,1.0986122886681098
DM-3828,datamanagement,2,1.0986122886681098
DM-3830,datamanagement,20,3.044522437723423
DM-3831,datamanagement,7,2.0794415416798357
DM-3832,datamanagement,18,2.9444389791664403
DM-3833,datamanagement,19,2.995732273553991
DM-3834,datamanagement,2,1.0986122886681098
DM-3835,datamanagement,5,1.791759469228055
DM-3836,datamanagement,2,1.0986122886681098
DM-3837,datamanagement,11,2.4849066497880004
DM-3838,datamanagement,88,4.48863636973214
DM-3839,datamanagement,2,1.0986122886681098
DM-3840,datamanagement,8,2.1972245773362196
DM-3841,datamanagement,8,2.1972245773362196
DM-3842,datamanagement,6,1.9459101490553132
DM-3843,datamanagement,6,1.9459101490553132
DM-3844,datamanagement,4,1.6094379124341003
DM-3845,datamanagement,8,2.1972245773362196
DM-3846,datamanagement,2,1.0986122886681098
DM-3847,datamanagement,4,1.6094379124341003
DM-3849,datamanagement,1,0.6931471805599453
DM-3850,datamanagement,2,1.0986122886681098
DM-3851,datamanagement,4,1.6094379124341003
DM-3852,datamanagement,100,4.61512051684126
DM-3853,datamanagement,11,2.4849066497880004
DM-3855,datamanagement,22,3.1354942159291497
DM-3857,datamanagement,30,3.4339872044851463
DM-3858,datamanagement,70,4.2626798770413155
DM-3859,datamanagement,42,3.7612001156935624
DM-3860,datamanagement,20,3.044522437723423
DM-3861,datamanagement,10,2.3978952727983707
DM-3862,datamanagement,60,4.110873864173311
DM-3863,datamanagement,2,1.0986122886681098
DM-3864,datamanagement,50,3.9318256327243257
DM-3865,datamanagement,100,4.61512051684126
DM-3866,datamanagement,4,1.6094379124341003
DM-3869,datamanagement,9,2.302585092994046
DM-3870,datamanagement,36,3.6109179126442243
DM-3871,datamanagement,56,4.04305126783455
DM-3872,datamanagement,38,3.6635616461296463
DM-3873,datamanagement,19,2.995732273553991
DM-3874,datamanagement,50,3.9318256327243257
DM-3875,datamanagement,39,3.6888794541139363
DM-3876,datamanagement,56,4.04305126783455
DM-3877,datamanagement,9,2.302585092994046
DM-3878,datamanagement,19,2.995732273553991
DM-3879,datamanagement,9,2.302585092994046
DM-3880,datamanagement,38,3.6635616461296463
DM-3881,datamanagement,2,1.0986122886681098
DM-3882,datamanagement,28,3.367295829986474
DM-3883,datamanagement,2,1.0986122886681098
DM-3884,datamanagement,3,1.3862943611198906
DM-3885,datamanagement,6,1.9459101490553132
DM-3886,datamanagement,6,1.9459101490553132
DM-3887,datamanagement,8,2.1972245773362196
DM-3888,datamanagement,1,0.6931471805599453
DM-3891,datamanagement,4,1.6094379124341003
DM-3892,datamanagement,3,1.3862943611198906
DM-3893,datamanagement,6,1.9459101490553132
DM-3894,datamanagement,2,1.0986122886681098
DM-3895,datamanagement,1,0.6931471805599453
DM-3896,datamanagement,4,1.6094379124341003
DM-3897,datamanagement,3,1.3862943611198906
DM-3898,datamanagement,1,0.6931471805599453
DM-3899,datamanagement,2,1.0986122886681098
DM-3900,datamanagement,4,1.6094379124341003
DM-3901,datamanagement,4,1.6094379124341003
DM-3902,datamanagement,1,0.6931471805599453
DM-3903,datamanagement,1,0.6931471805599453
DM-3905,datamanagement,3,1.3862943611198906
DM-3906,datamanagement,13,2.6390573296152584
DM-3907,datamanagement,9,2.302585092994046
DM-3908,datamanagement,71,4.276666119016055
DM-3909,datamanagement,38,3.6635616461296463
DM-3910,datamanagement,3,1.3862943611198906
DM-3911,datamanagement,1,0.6931471805599453
DM-3912,datamanagement,1,0.6931471805599453
DM-3913,datamanagement,2,1.0986122886681098
DM-3916,datamanagement,2,1.0986122886681098
DM-3917,datamanagement,4,1.6094379124341003
DM-3918,datamanagement,1,0.6931471805599453
DM-3919,datamanagement,4,1.6094379124341003
DM-3920,datamanagement,1,0.6931471805599453
DM-3921,datamanagement,64,4.174387269895637
DM-3922,datamanagement,1,0.6931471805599453
DM-3923,datamanagement,39,3.6888794541139363
DM-3924,datamanagement,2,1.0986122886681098
DM-3926,datamanagement,1,0.6931471805599453
DM-3928,datamanagement,3,1.3862943611198906
DM-3929,datamanagement,4,1.6094379124341003
DM-3930,datamanagement,2,1.0986122886681098
DM-3931,datamanagement,4,1.6094379124341003
DM-3932,datamanagement,4,1.6094379124341003
DM-3935,datamanagement,6,1.9459101490553132
DM-3936,datamanagement,1,0.6931471805599453
DM-3937,datamanagement,1,0.6931471805599453
DM-3938,datamanagement,22,3.1354942159291497
DM-3939,datamanagement,5,1.791759469228055
DM-3940,datamanagement,1,0.6931471805599453
DM-3941,datamanagement,2,1.0986122886681098
DM-3942,datamanagement,14,2.70805020110221
DM-3943,datamanagement,1,0.6931471805599453
DM-3944,datamanagement,5,1.791759469228055
DM-3945,datamanagement,8,2.1972245773362196
DM-3946,datamanagement,7,2.0794415416798357
DM-3947,datamanagement,1,0.6931471805599453
DM-3949,datamanagement,2,1.0986122886681098
DM-3951,datamanagement,3,1.3862943611198906
DM-3952,datamanagement,1,0.6931471805599453
DM-3954,datamanagement,1,0.6931471805599453
DM-3955,datamanagement,4,1.6094379124341003
DM-3956,datamanagement,1,0.6931471805599453
DM-3957,datamanagement,1,0.6931471805599453
DM-3958,datamanagement,16,2.833213344056216
DM-3959,datamanagement,6,1.9459101490553132
DM-3960,datamanagement,14,2.70805020110221
DM-3961,datamanagement,8,2.1972245773362196
DM-3962,datamanagement,12,2.5649493574615367
DM-3965,datamanagement,1,0.6931471805599453
DM-3966,datamanagement,6,1.9459101490553132
DM-3967,datamanagement,5,1.791759469228055
DM-3968,datamanagement,2,1.0986122886681098
DM-3969,datamanagement,13,2.6390573296152584
DM-3971,datamanagement,1,0.6931471805599453
DM-3973,datamanagement,1,0.6931471805599453
DM-3974,datamanagement,2,1.0986122886681098
DM-3975,datamanagement,1,0.6931471805599453
DM-3976,datamanagement,4,1.6094379124341003
DM-3977,datamanagement,4,1.6094379124341003
DM-3978,datamanagement,1,0.6931471805599453
DM-3979,datamanagement,1,0.6931471805599453
DM-3980,datamanagement,1,0.6931471805599453
DM-3981,datamanagement,1,0.6931471805599453
DM-3983,datamanagement,6,1.9459101490553132
DM-3984,datamanagement,6,1.9459101490553132
DM-3985,datamanagement,6,1.9459101490553132
DM-3986,datamanagement,6,1.9459101490553132
DM-3987,datamanagement,1,0.6931471805599453
DM-3988,datamanagement,3,1.3862943611198906
DM-3989,datamanagement,5,1.791759469228055
DM-3990,datamanagement,1,0.6931471805599453
DM-3992,datamanagement,5,1.791759469228055
DM-3993,datamanagement,1,0.6931471805599453
DM-3994,datamanagement,1,0.6931471805599453
DM-3996,datamanagement,1,0.6931471805599453
DM-3997,datamanagement,5,1.791759469228055
DM-3998,datamanagement,1,0.6931471805599453
DM-3999,datamanagement,5,1.791759469228055
DM-4000,datamanagement,12,2.5649493574615367
DM-4001,datamanagement,7,2.0794415416798357
DM-4003,datamanagement,2,1.0986122886681098
DM-4004,datamanagement,13,2.6390573296152584
DM-4007,datamanagement,1,0.6931471805599453
DM-4009,datamanagement,3,1.3862943611198906
DM-4011,datamanagement,1,0.6931471805599453
DM-4013,datamanagement,1,0.6931471805599453
DM-4014,datamanagement,1,0.6931471805599453
DM-4015,datamanagement,1,0.6931471805599453
DM-4016,datamanagement,6,1.9459101490553132
DM-4019,datamanagement,2,1.0986122886681098
DM-4021,datamanagement,2,1.0986122886681098
DM-4022,datamanagement,1,0.6931471805599453
DM-4023,datamanagement,1,0.6931471805599453
DM-4024,datamanagement,1,0.6931471805599453
DM-4025,datamanagement,2,1.0986122886681098
DM-4026,datamanagement,2,1.0986122886681098
DM-4027,datamanagement,1,0.6931471805599453
DM-4028,datamanagement,2,1.0986122886681098
DM-4029,datamanagement,2,1.0986122886681098
DM-4030,datamanagement,5,1.791759469228055
DM-4031,datamanagement,4,1.6094379124341003
DM-4032,datamanagement,4,1.6094379124341003
DM-4034,datamanagement,2,1.0986122886681098
DM-4035,datamanagement,4,1.6094379124341003
DM-4036,datamanagement,5,1.791759469228055
DM-4039,datamanagement,1,0.6931471805599453
DM-4040,datamanagement,1,0.6931471805599453
DM-4042,datamanagement,1,0.6931471805599453
DM-4043,datamanagement,8,2.1972245773362196
DM-4044,datamanagement,8,2.1972245773362196
DM-4045,datamanagement,8,2.1972245773362196
DM-4046,datamanagement,1,0.6931471805599453
DM-4047,datamanagement,8,2.1972245773362196
DM-4048,datamanagement,5,1.791759469228055
DM-4049,datamanagement,3,1.3862943611198906
DM-4050,datamanagement,2,1.0986122886681098
DM-4052,datamanagement,1,0.6931471805599453
DM-4054,datamanagement,1,0.6931471805599453
DM-4055,datamanagement,3,1.3862943611198906
DM-4056,datamanagement,1,0.6931471805599453
DM-4057,datamanagement,1,0.6931471805599453
DM-4058,datamanagement,1,0.6931471805599453
DM-4059,datamanagement,1,0.6931471805599453
DM-4061,datamanagement,1,0.6931471805599453
DM-4062,datamanagement,1,0.6931471805599453
DM-4063,datamanagement,1,0.6931471805599453
DM-4064,datamanagement,5,1.791759469228055
DM-4065,datamanagement,2,1.0986122886681098
DM-4067,datamanagement,7,2.0794415416798357
DM-4068,datamanagement,4,1.6094379124341003
DM-4069,datamanagement,3,1.3862943611198906
DM-4070,datamanagement,7,2.0794415416798357
DM-4071,datamanagement,1,0.6931471805599453
DM-4074,datamanagement,79,4.382026634673881
DM-4075,datamanagement,8,2.1972245773362196
DM-4076,datamanagement,2,1.0986122886681098
DM-4078,datamanagement,2,1.0986122886681098
DM-4079,datamanagement,6,1.9459101490553132
DM-4080,datamanagement,8,2.1972245773362196
DM-4081,datamanagement,6,1.9459101490553132
DM-4082,datamanagement,10,2.3978952727983707
DM-4083,datamanagement,6,1.9459101490553132
DM-4084,datamanagement,4,1.6094379124341003
DM-4085,datamanagement,2,1.0986122886681098
DM-4086,datamanagement,3,1.3862943611198906
DM-4087,datamanagement,3,1.3862943611198906
DM-4089,datamanagement,3,1.3862943611198906
DM-4090,datamanagement,1,0.6931471805599453
DM-4092,datamanagement,1,0.6931471805599453
DM-4093,datamanagement,7,2.0794415416798357
DM-4094,datamanagement,10,2.3978952727983707
DM-4095,datamanagement,1,0.6931471805599453
DM-4098,datamanagement,1,0.6931471805599453
DM-4099,datamanagement,1,0.6931471805599453
DM-4100,datamanagement,2,1.0986122886681098
DM-4102,datamanagement,3,1.3862943611198906
DM-4105,datamanagement,1,0.6931471805599453
DM-4112,datamanagement,3,1.3862943611198906
DM-4113,datamanagement,4,1.6094379124341003
DM-4115,datamanagement,2,1.0986122886681098
DM-4116,datamanagement,3,1.3862943611198906
DM-4117,datamanagement,1,0.6931471805599453
DM-4118,datamanagement,2,1.0986122886681098
DM-4119,datamanagement,1,0.6931471805599453
DM-4120,datamanagement,12,2.5649493574615367
DM-4121,datamanagement,23,3.1780538303479458
DM-4122,datamanagement,1,0.6931471805599453
DM-4123,datamanagement,8,2.1972245773362196
DM-4124,datamanagement,8,2.1972245773362196
DM-4125,datamanagement,1,0.6931471805599453
DM-4127,datamanagement,2,1.0986122886681098
DM-4129,datamanagement,1,0.6931471805599453
DM-4131,datamanagement,4,1.6094379124341003
DM-4133,datamanagement,1,0.6931471805599453
DM-4135,datamanagement,6,1.9459101490553132
DM-4136,datamanagement,6,1.9459101490553132
DM-4137,datamanagement,1,0.6931471805599453
DM-4138,datamanagement,4,1.6094379124341003
DM-4142,datamanagement,2,1.0986122886681098
DM-4143,datamanagement,3,1.3862943611198906
DM-4145,datamanagement,1,0.6931471805599453
DM-4146,datamanagement,1,0.6931471805599453
DM-4147,datamanagement,1,0.6931471805599453
DM-4148,datamanagement,1,0.6931471805599453
DM-4150,datamanagement,1,0.6931471805599453
DM-4151,datamanagement,2,1.0986122886681098
DM-4152,datamanagement,4,1.6094379124341003
DM-4153,datamanagement,4,1.6094379124341003
DM-4154,datamanagement,6,1.9459101490553132
DM-4155,datamanagement,10,2.3978952727983707
DM-4156,datamanagement,30,3.4339872044851463
DM-4157,datamanagement,4,1.6094379124341003
DM-4160,datamanagement,1,0.6931471805599453
DM-4162,datamanagement,6,1.9459101490553132
DM-4164,datamanagement,10,2.3978952727983707
DM-4165,datamanagement,1,0.6931471805599453
DM-4166,datamanagement,1,0.6931471805599453
DM-4168,datamanagement,6,1.9459101490553132
DM-4170,datamanagement,12,2.5649493574615367
DM-4171,datamanagement,12,2.5649493574615367
DM-4172,datamanagement,2,1.0986122886681098
DM-4174,datamanagement,2,1.0986122886681098
DM-4175,datamanagement,3,1.3862943611198906
DM-4176,datamanagement,1,0.6931471805599453
DM-4177,datamanagement,1,0.6931471805599453
DM-4178,datamanagement,1,0.6931471805599453
DM-4179,datamanagement,2,1.0986122886681098
DM-4180,datamanagement,20,3.044522437723423
DM-4181,datamanagement,15,2.772588722239781
DM-4183,datamanagement,6,1.9459101490553132
DM-4184,datamanagement,6,1.9459101490553132
DM-4185,datamanagement,5,1.791759469228055
DM-4188,datamanagement,1,0.6931471805599453
DM-4189,datamanagement,3,1.3862943611198906
DM-4190,datamanagement,35,3.58351893845611
DM-4191,datamanagement,14,2.70805020110221
DM-4192,datamanagement,2,1.0986122886681098
DM-4193,datamanagement,7,2.0794415416798357
DM-4194,datamanagement,1,0.6931471805599453
DM-4195,datamanagement,2,1.0986122886681098
DM-4196,datamanagement,17,2.8903717578961645
DM-4197,datamanagement,1,0.6931471805599453
DM-4201,datamanagement,3,1.3862943611198906
DM-4202,datamanagement,1,0.6931471805599453
DM-4206,datamanagement,2,1.0986122886681098
DM-4208,datamanagement,6,1.9459101490553132
DM-4209,datamanagement,3,1.3862943611198906
DM-4210,datamanagement,4,1.6094379124341003
DM-4212,datamanagement,6,1.9459101490553132
DM-4213,datamanagement,6,1.9459101490553132
DM-4214,datamanagement,6,1.9459101490553132
DM-4215,datamanagement,4,1.6094379124341003
DM-4219,datamanagement,2,1.0986122886681098
DM-4220,datamanagement,8,2.1972245773362196
DM-4222,datamanagement,27,3.332204510175204
DM-4223,datamanagement,1,0.6931471805599453
DM-4224,datamanagement,1,0.6931471805599453
DM-4225,datamanagement,3,1.3862943611198906
DM-4226,datamanagement,5,1.791759469228055
DM-4227,datamanagement,7,2.0794415416798357
DM-4228,datamanagement,5,1.791759469228055
DM-4229,datamanagement,3,1.3862943611198906
DM-4230,datamanagement,2,1.0986122886681098
DM-4231,datamanagement,20,3.044522437723423
DM-4232,datamanagement,5,1.791759469228055
DM-4234,datamanagement,4,1.6094379124341003
DM-4235,datamanagement,6,1.9459101490553132
DM-4236,datamanagement,2,1.0986122886681098
DM-4237,datamanagement,2,1.0986122886681098
DM-4238,datamanagement,1,0.6931471805599453
DM-4239,datamanagement,5,1.791759469228055
DM-4240,datamanagement,10,2.3978952727983707
DM-4241,datamanagement,4,1.6094379124341003
DM-4242,datamanagement,4,1.6094379124341003
DM-4243,datamanagement,1,0.6931471805599453
DM-4245,datamanagement,2,1.0986122886681098
DM-4246,datamanagement,2,1.0986122886681098
DM-4247,datamanagement,4,1.6094379124341003
DM-4248,datamanagement,1,0.6931471805599453
DM-4251,datamanagement,1,0.6931471805599453
DM-4252,datamanagement,2,1.0986122886681098
DM-4253,datamanagement,15,2.772588722239781
DM-4254,datamanagement,5,1.791759469228055
DM-4255,datamanagement,10,2.3978952727983707
DM-4256,datamanagement,1,0.6931471805599453
DM-4258,datamanagement,4,1.6094379124341003
DM-4259,datamanagement,5,1.791759469228055
DM-4261,datamanagement,79,4.382026634673881
DM-4262,datamanagement,2,1.0986122886681098
DM-4263,datamanagement,4,1.6094379124341003
DM-4264,datamanagement,1,0.6931471805599453
DM-4265,datamanagement,16,2.833213344056216
DM-4266,datamanagement,8,2.1972245773362196
DM-4267,datamanagement,8,2.1972245773362196
DM-4268,datamanagement,79,4.382026634673881
DM-4269,datamanagement,1,0.6931471805599453
DM-4270,datamanagement,4,1.6094379124341003
DM-4271,datamanagement,3,1.3862943611198906
DM-4272,datamanagement,7,2.0794415416798357
DM-4273,datamanagement,3,1.3862943611198906
DM-4274,datamanagement,5,1.791759469228055
DM-4275,datamanagement,6,1.9459101490553132
DM-4276,datamanagement,12,2.5649493574615367
DM-4277,datamanagement,6,1.9459101490553132
DM-4278,datamanagement,5,1.791759469228055
DM-4279,datamanagement,1,0.6931471805599453
DM-4280,datamanagement,4,1.6094379124341003
DM-4281,datamanagement,1,0.6931471805599453
DM-4282,datamanagement,1,0.6931471805599453
DM-4283,datamanagement,2,1.0986122886681098
DM-4284,datamanagement,12,2.5649493574615367
DM-4286,datamanagement,20,3.044522437723423
DM-4287,datamanagement,1,0.6931471805599453
DM-4288,datamanagement,4,1.6094379124341003
DM-4289,datamanagement,1,0.6931471805599453
DM-4290,datamanagement,1,0.6931471805599453
DM-4291,datamanagement,2,1.0986122886681098
DM-4294,datamanagement,15,2.772588722239781
DM-4295,datamanagement,8,2.1972245773362196
DM-4296,datamanagement,4,1.6094379124341003
DM-4298,datamanagement,2,1.0986122886681098
DM-4299,datamanagement,4,1.6094379124341003
DM-4301,datamanagement,8,2.1972245773362196
DM-4302,datamanagement,4,1.6094379124341003
DM-4303,datamanagement,3,1.3862943611198906
DM-4304,datamanagement,1,0.6931471805599453
DM-4306,datamanagement,60,4.110873864173311
DM-4307,datamanagement,1,0.6931471805599453
DM-4309,datamanagement,2,1.0986122886681098
DM-4310,datamanagement,1,0.6931471805599453
DM-4311,datamanagement,2,1.0986122886681098
DM-4312,datamanagement,2,1.0986122886681098
DM-4313,datamanagement,4,1.6094379124341003
DM-4314,datamanagement,17,2.8903717578961645
DM-4315,datamanagement,2,1.0986122886681098
DM-4316,datamanagement,5,1.791759469228055
DM-4317,datamanagement,4,1.6094379124341003
DM-4323,datamanagement,1,0.6931471805599453
DM-4324,datamanagement,2,1.0986122886681098
DM-4325,datamanagement,38,3.6635616461296463
DM-4329,datamanagement,1,0.6931471805599453
DM-4331,datamanagement,1,0.6931471805599453
DM-4332,datamanagement,10,2.3978952727983707
DM-4335,datamanagement,1,0.6931471805599453
DM-4336,datamanagement,60,4.110873864173311
DM-4337,datamanagement,90,4.51085950651685
DM-4338,datamanagement,60,4.110873864173311
DM-4339,datamanagement,79,4.382026634673881
DM-4340,datamanagement,100,4.61512051684126
DM-4342,datamanagement,12,2.5649493574615367
DM-4343,datamanagement,2,1.0986122886681098
DM-4346,datamanagement,1,0.6931471805599453
DM-4347,datamanagement,1,0.6931471805599453
DM-4348,datamanagement,10,2.3978952727983707
DM-4349,datamanagement,2,1.0986122886681098
DM-4351,datamanagement,6,1.9459101490553132
DM-4352,datamanagement,3,1.3862943611198906
DM-4353,datamanagement,3,1.3862943611198906
DM-4354,datamanagement,1,0.6931471805599453
DM-4355,datamanagement,26,3.295836866004329
DM-4356,datamanagement,53,3.9889840465642745
DM-4357,datamanagement,79,4.382026634673881
DM-4360,datamanagement,1,0.6931471805599453
DM-4362,datamanagement,8,2.1972245773362196
DM-4363,datamanagement,2,1.0986122886681098
DM-4364,datamanagement,4,1.6094379124341003
DM-4365,datamanagement,1,0.6931471805599453
DM-4366,datamanagement,5,1.791759469228055
DM-4367,datamanagement,3,1.3862943611198906
DM-4368,datamanagement,2,1.0986122886681098
DM-4369,datamanagement,4,1.6094379124341003
DM-4370,datamanagement,1,0.6931471805599453
DM-4373,datamanagement,1,0.6931471805599453
DM-4375,datamanagement,2,1.0986122886681098
DM-4376,datamanagement,2,1.0986122886681098
DM-4377,datamanagement,1,0.6931471805599453
DM-4379,datamanagement,11,2.4849066497880004
DM-4381,datamanagement,2,1.0986122886681098
DM-4382,datamanagement,8,2.1972245773362196
DM-4383,datamanagement,2,1.0986122886681098
DM-4386,datamanagement,1,0.6931471805599453
DM-4387,datamanagement,1,0.6931471805599453
DM-4391,datamanagement,1,0.6931471805599453
DM-4393,datamanagement,6,1.9459101490553132
DM-4395,datamanagement,1,0.6931471805599453
DM-4396,datamanagement,1,0.6931471805599453
DM-4397,datamanagement,2,1.0986122886681098
DM-4398,datamanagement,1,0.6931471805599453
DM-4399,datamanagement,1,0.6931471805599453
DM-4400,datamanagement,4,1.6094379124341003
DM-4401,datamanagement,70,4.2626798770413155
DM-4402,datamanagement,8,2.1972245773362196
DM-4406,datamanagement,2,1.0986122886681098
DM-4407,datamanagement,5,1.791759469228055
DM-4408,datamanagement,1,0.6931471805599453
DM-4410,datamanagement,5,1.791759469228055
DM-4412,datamanagement,11,2.4849066497880004
DM-4414,datamanagement,2,1.0986122886681098
DM-4415,datamanagement,2,1.0986122886681098
DM-4416,datamanagement,5,1.791759469228055
DM-4417,datamanagement,1,0.6931471805599453
DM-4418,datamanagement,3,1.3862943611198906
DM-4419,datamanagement,3,1.3862943611198906
DM-4420,datamanagement,1,0.6931471805599453
DM-4421,datamanagement,1,0.6931471805599453
DM-4422,datamanagement,20,3.044522437723423
DM-4423,datamanagement,20,3.044522437723423
DM-4424,datamanagement,20,3.044522437723423
DM-4425,datamanagement,30,3.4339872044851463
DM-4426,datamanagement,30,3.4339872044851463
DM-4427,datamanagement,30,3.4339872044851463
DM-4428,datamanagement,3,1.3862943611198906
DM-4429,datamanagement,12,2.5649493574615367
DM-4431,datamanagement,30,3.4339872044851463
DM-4432,datamanagement,30,3.4339872044851463
DM-4433,datamanagement,30,3.4339872044851463
DM-4434,datamanagement,50,3.9318256327243257
DM-4435,datamanagement,50,3.9318256327243257
DM-4436,datamanagement,50,3.9318256327243257
DM-4437,datamanagement,4,1.6094379124341003
DM-4438,datamanagement,2,1.0986122886681098
DM-4439,datamanagement,1,0.6931471805599453
DM-4440,datamanagement,2,1.0986122886681098
DM-4442,datamanagement,1,0.6931471805599453
DM-4443,datamanagement,1,0.6931471805599453
DM-4444,datamanagement,6,1.9459101490553132
DM-4445,datamanagement,1,0.6931471805599453
DM-4446,datamanagement,6,1.9459101490553132
DM-4447,datamanagement,8,2.1972245773362196
DM-4448,datamanagement,5,1.791759469228055
DM-4449,datamanagement,11,2.4849066497880004
DM-4450,datamanagement,15,2.772588722239781
DM-4451,datamanagement,50,3.9318256327243257
DM-4452,datamanagement,2,1.0986122886681098
DM-4453,datamanagement,4,1.6094379124341003
DM-4454,datamanagement,2,1.0986122886681098
DM-4455,datamanagement,3,1.3862943611198906
DM-4456,datamanagement,2,1.0986122886681098
DM-4457,datamanagement,8,2.1972245773362196
DM-4458,datamanagement,2,1.0986122886681098
DM-4459,datamanagement,4,1.6094379124341003
DM-4460,datamanagement,2,1.0986122886681098
DM-4462,datamanagement,5,1.791759469228055
DM-4463,datamanagement,6,1.9459101490553132
DM-4464,datamanagement,2,1.0986122886681098
DM-4465,datamanagement,1,0.6931471805599453
DM-4466,datamanagement,1,0.6931471805599453
DM-4467,datamanagement,2,1.0986122886681098
DM-4469,datamanagement,1,0.6931471805599453
DM-4471,datamanagement,4,1.6094379124341003
DM-4472,datamanagement,10,2.3978952727983707
DM-4473,datamanagement,6,1.9459101490553132
DM-4474,datamanagement,16,2.833213344056216
DM-4475,datamanagement,6,1.9459101490553132
DM-4476,datamanagement,6,1.9459101490553132
DM-4477,datamanagement,2,1.0986122886681098
DM-4478,datamanagement,6,1.9459101490553132
DM-4479,datamanagement,10,2.3978952727983707
DM-4480,datamanagement,4,1.6094379124341003
DM-4481,datamanagement,3,1.3862943611198906
DM-4482,datamanagement,10,2.3978952727983707
DM-4483,datamanagement,10,2.3978952727983707
DM-4484,datamanagement,6,1.9459101490553132
DM-4485,datamanagement,10,2.3978952727983707
DM-4486,datamanagement,15,2.772588722239781
DM-4487,datamanagement,10,2.3978952727983707
DM-4488,datamanagement,2,1.0986122886681098
DM-4489,datamanagement,10,2.3978952727983707
DM-4490,datamanagement,6,1.9459101490553132
DM-4491,datamanagement,1,0.6931471805599453
DM-4492,datamanagement,1,0.6931471805599453
DM-4493,datamanagement,1,0.6931471805599453
DM-4494,datamanagement,6,1.9459101490553132
DM-4495,datamanagement,1,0.6931471805599453
DM-4496,datamanagement,4,1.6094379124341003
DM-4497,datamanagement,4,1.6094379124341003
DM-4498,datamanagement,6,1.9459101490553132
DM-4499,datamanagement,6,1.9459101490553132
DM-4500,datamanagement,4,1.6094379124341003
DM-4501,datamanagement,4,1.6094379124341003
DM-4502,datamanagement,4,1.6094379124341003
DM-4503,datamanagement,5,1.791759469228055
DM-4504,datamanagement,1,0.6931471805599453
DM-4506,datamanagement,3,1.3862943611198906
DM-4507,datamanagement,2,1.0986122886681098
DM-4508,datamanagement,6,1.9459101490553132
DM-4509,datamanagement,6,1.9459101490553132
DM-4510,datamanagement,1,0.6931471805599453
DM-4511,datamanagement,2,1.0986122886681098
DM-4513,datamanagement,4,1.6094379124341003
DM-4514,datamanagement,3,1.3862943611198906
DM-4515,datamanagement,5,1.791759469228055
DM-4523,datamanagement,1,0.6931471805599453
DM-4524,datamanagement,18,2.9444389791664403
DM-4525,datamanagement,2,1.0986122886681098
DM-4526,datamanagement,10,2.3978952727983707
DM-4527,datamanagement,4,1.6094379124341003
DM-4529,datamanagement,1,0.6931471805599453
DM-4534,datamanagement,1,0.6931471805599453
DM-4536,datamanagement,2,1.0986122886681098
DM-4538,datamanagement,4,1.6094379124341003
DM-4540,datamanagement,4,1.6094379124341003
DM-4544,datamanagement,5,1.791759469228055
DM-4545,datamanagement,2,1.0986122886681098
DM-4546,datamanagement,2,1.0986122886681098
DM-4547,datamanagement,2,1.0986122886681098
DM-4553,datamanagement,6,1.9459101490553132
DM-4555,datamanagement,10,2.3978952727983707
DM-4556,datamanagement,2,1.0986122886681098
DM-4557,datamanagement,70,4.2626798770413155
DM-4558,datamanagement,38,3.6635616461296463
DM-4559,datamanagement,6,1.9459101490553132
DM-4560,datamanagement,1,0.6931471805599453
DM-4561,datamanagement,1,0.6931471805599453
DM-4562,datamanagement,2,1.0986122886681098
DM-4563,datamanagement,3,1.3862943611198906
DM-4564,datamanagement,20,3.044522437723423
DM-4565,datamanagement,6,1.9459101490553132
DM-4566,datamanagement,6,1.9459101490553132
DM-4567,datamanagement,14,2.70805020110221
DM-4568,datamanagement,4,1.6094379124341003
DM-4569,datamanagement,10,2.3978952727983707
DM-4570,datamanagement,6,1.9459101490553132
DM-4571,datamanagement,6,1.9459101490553132
DM-4572,datamanagement,5,1.791759469228055
DM-4573,datamanagement,6,1.9459101490553132
DM-4574,datamanagement,2,1.0986122886681098
DM-4575,datamanagement,4,1.6094379124341003
DM-4576,datamanagement,8,2.1972245773362196
DM-4577,datamanagement,10,2.3978952727983707
DM-4578,datamanagement,10,2.3978952727983707
DM-4579,datamanagement,10,2.3978952727983707
DM-4580,datamanagement,8,2.1972245773362196
DM-4581,datamanagement,12,2.5649493574615367
DM-4582,datamanagement,8,2.1972245773362196
DM-4583,datamanagement,2,1.0986122886681098
DM-4584,datamanagement,6,1.9459101490553132
DM-4585,datamanagement,6,1.9459101490553132
DM-4586,datamanagement,4,1.6094379124341003
DM-4587,datamanagement,12,2.5649493574615367
DM-4588,datamanagement,18,2.9444389791664403
DM-4589,datamanagement,4,1.6094379124341003
DM-4590,datamanagement,6,1.9459101490553132
DM-4591,datamanagement,3,1.3862943611198906
DM-4595,datamanagement,4,1.6094379124341003
DM-4596,datamanagement,1,0.6931471805599453
DM-4601,datamanagement,2,1.0986122886681098
DM-4603,datamanagement,1,0.6931471805599453
DM-4604,datamanagement,1,0.6931471805599453
DM-4609,datamanagement,1,0.6931471805599453
DM-4610,datamanagement,1,0.6931471805599453
DM-4611,datamanagement,4,1.6094379124341003
DM-4612,datamanagement,4,1.6094379124341003
DM-4613,datamanagement,4,1.6094379124341003
DM-4614,datamanagement,2,1.0986122886681098
DM-4615,datamanagement,8,2.1972245773362196
DM-4616,datamanagement,10,2.3978952727983707
DM-4617,datamanagement,5,1.791759469228055
DM-4625,datamanagement,6,1.9459101490553132
DM-4628,datamanagement,6,1.9459101490553132
DM-4630,datamanagement,10,2.3978952727983707
DM-4631,datamanagement,5,1.791759469228055
DM-4632,datamanagement,4,1.6094379124341003
DM-4637,datamanagement,5,1.791759469228055
DM-4639,datamanagement,6,1.9459101490553132
DM-4641,datamanagement,8,2.1972245773362196
DM-4642,datamanagement,4,1.6094379124341003
DM-4643,datamanagement,1,0.6931471805599453
DM-4644,datamanagement,2,1.0986122886681098
DM-4645,datamanagement,10,2.3978952727983707
DM-4647,datamanagement,4,1.6094379124341003
DM-4648,datamanagement,3,1.3862943611198906
DM-4649,datamanagement,2,1.0986122886681098
DM-4650,datamanagement,1,0.6931471805599453
DM-4651,datamanagement,100,4.61512051684126
DM-4652,datamanagement,1,0.6931471805599453
DM-4653,datamanagement,60,4.110873864173311
DM-4656,datamanagement,5,1.791759469228055
DM-4657,datamanagement,3,1.3862943611198906
DM-4665,datamanagement,3,1.3862943611198906
DM-4666,datamanagement,6,1.9459101490553132
DM-4667,datamanagement,2,1.0986122886681098
DM-4668,datamanagement,2,1.0986122886681098
DM-4671,datamanagement,6,1.9459101490553132
DM-4672,datamanagement,1,0.6931471805599453
DM-4673,datamanagement,1,0.6931471805599453
DM-4677,datamanagement,8,2.1972245773362196
DM-4678,datamanagement,2,1.0986122886681098
DM-4679,datamanagement,40,3.713572066704308
DM-4680,datamanagement,10,2.3978952727983707
DM-4681,datamanagement,60,4.110873864173311
DM-4682,datamanagement,25,3.258096538021482
DM-4683,datamanagement,15,2.772588722239781
DM-4688,datamanagement,2,1.0986122886681098
DM-4689,datamanagement,80,4.394449154672439
DM-4690,datamanagement,8,2.1972245773362196
DM-4691,datamanagement,25,3.258096538021482
DM-4692,datamanagement,16,2.833213344056216
DM-4694,datamanagement,12,2.5649493574615367
DM-4696,datamanagement,12,2.5649493574615367
DM-4697,datamanagement,20,3.044522437723423
DM-4698,datamanagement,10,2.3978952727983707
DM-4699,datamanagement,10,2.3978952727983707
DM-4700,datamanagement,15,2.772588722239781
DM-4701,datamanagement,4,1.6094379124341003
DM-4702,datamanagement,4,1.6094379124341003
DM-4703,datamanagement,4,1.6094379124341003
DM-4704,datamanagement,2,1.0986122886681098
DM-4705,datamanagement,1,0.6931471805599453
DM-4706,datamanagement,1,0.6931471805599453
DM-4707,datamanagement,1,0.6931471805599453
DM-4708,datamanagement,1,0.6931471805599453
DM-4709,datamanagement,1,0.6931471805599453
DM-4710,datamanagement,3,1.3862943611198906
DM-4711,datamanagement,1,0.6931471805599453
DM-4712,datamanagement,2,1.0986122886681098
DM-4713,datamanagement,2,1.0986122886681098
DM-4714,datamanagement,4,1.6094379124341003
DM-4716,datamanagement,2,1.0986122886681098
DM-4717,datamanagement,6,1.9459101490553132
DM-4718,datamanagement,6,1.9459101490553132
DM-4719,datamanagement,2,1.0986122886681098
DM-4720,datamanagement,4,1.6094379124341003
DM-4721,datamanagement,2,1.0986122886681098
DM-4722,datamanagement,3,1.3862943611198906
DM-4723,datamanagement,3,1.3862943611198906
DM-4724,datamanagement,3,1.3862943611198906
DM-4728,datamanagement,1,0.6931471805599453
DM-4729,datamanagement,3,1.3862943611198906
DM-4730,datamanagement,10,2.3978952727983707
DM-4731,datamanagement,2,1.0986122886681098
DM-4733,datamanagement,1,0.6931471805599453
DM-4734,datamanagement,1,0.6931471805599453
DM-4735,datamanagement,3,1.3862943611198906
DM-4736,datamanagement,4,1.6094379124341003
DM-4737,datamanagement,5,1.791759469228055
DM-4738,datamanagement,4,1.6094379124341003
DM-4739,datamanagement,5,1.791759469228055
DM-4740,datamanagement,5,1.791759469228055
DM-4741,datamanagement,1,0.6931471805599453
DM-4742,datamanagement,1,0.6931471805599453
DM-4743,datamanagement,2,1.0986122886681098
DM-4744,datamanagement,4,1.6094379124341003
DM-4745,datamanagement,10,2.3978952727983707
DM-4746,datamanagement,5,1.791759469228055
DM-4747,datamanagement,2,1.0986122886681098
DM-4748,datamanagement,3,1.3862943611198906
DM-4749,datamanagement,9,2.302585092994046
DM-4751,datamanagement,6,1.9459101490553132
DM-4753,datamanagement,1,0.6931471805599453
DM-4754,datamanagement,3,1.3862943611198906
DM-4755,datamanagement,7,2.0794415416798357
DM-4756,datamanagement,4,1.6094379124341003
DM-4758,datamanagement,12,2.5649493574615367
DM-4759,datamanagement,8,2.1972245773362196
DM-4760,datamanagement,10,2.3978952727983707
DM-4761,datamanagement,7,2.0794415416798357
DM-4762,datamanagement,13,2.6390573296152584
DM-4763,datamanagement,12,2.5649493574615367
DM-4764,datamanagement,2,1.0986122886681098
DM-4765,datamanagement,2,1.0986122886681098
DM-4766,datamanagement,4,1.6094379124341003
DM-4767,datamanagement,2,1.0986122886681098
DM-4768,datamanagement,4,1.6094379124341003
DM-4771,datamanagement,2,1.0986122886681098
DM-4772,datamanagement,2,1.0986122886681098
DM-4773,datamanagement,3,1.3862943611198906
DM-4774,datamanagement,2,1.0986122886681098
DM-4775,datamanagement,2,1.0986122886681098
DM-4777,datamanagement,3,1.3862943611198906
DM-4778,datamanagement,2,1.0986122886681098
DM-4780,datamanagement,1,0.6931471805599453
DM-4781,datamanagement,2,1.0986122886681098
DM-4782,datamanagement,2,1.0986122886681098
DM-4783,datamanagement,1,0.6931471805599453
DM-4784,datamanagement,3,1.3862943611198906
DM-4785,datamanagement,2,1.0986122886681098
DM-4786,datamanagement,2,1.0986122886681098
DM-4788,datamanagement,4,1.6094379124341003
DM-4789,datamanagement,8,2.1972245773362196
DM-4790,datamanagement,38,3.6635616461296463
DM-4791,datamanagement,24,3.2188758248682006
DM-4793,datamanagement,3,1.3862943611198906
DM-4794,datamanagement,2,1.0986122886681098
DM-4798,datamanagement,1,0.6931471805599453
DM-4799,datamanagement,4,1.6094379124341003
DM-4801,datamanagement,1,0.6931471805599453
DM-4805,datamanagement,7,2.0794415416798357
DM-4806,datamanagement,2,1.0986122886681098
DM-4807,datamanagement,4,1.6094379124341003
DM-4808,datamanagement,1,0.6931471805599453
DM-4809,datamanagement,29,3.4011973816621555
DM-4810,datamanagement,50,3.9318256327243257
DM-4814,datamanagement,2,1.0986122886681098
DM-4815,datamanagement,4,1.6094379124341003
DM-4817,datamanagement,2,1.0986122886681098
DM-4820,datamanagement,1,0.6931471805599453
DM-4821,datamanagement,1,0.6931471805599453
DM-4822,datamanagement,4,1.6094379124341003
DM-4823,datamanagement,2,1.0986122886681098
DM-4824,datamanagement,1,0.6931471805599453
DM-4825,datamanagement,1,0.6931471805599453
DM-4826,datamanagement,10,2.3978952727983707
DM-4827,datamanagement,1,0.6931471805599453
DM-4829,datamanagement,5,1.791759469228055
DM-4830,datamanagement,6,1.9459101490553132
DM-4831,datamanagement,3,1.3862943611198906
DM-4833,datamanagement,1,0.6931471805599453
DM-4834,datamanagement,1,0.6931471805599453
DM-4835,datamanagement,2,1.0986122886681098
DM-4836,datamanagement,6,1.9459101490553132
DM-4837,datamanagement,4,1.6094379124341003
DM-4839,datamanagement,6,1.9459101490553132
DM-4840,datamanagement,4,1.6094379124341003
DM-4841,datamanagement,1,0.6931471805599453
DM-4842,datamanagement,1,0.6931471805599453
DM-4847,datamanagement,3,1.3862943611198906
DM-4848,datamanagement,5,1.791759469228055
DM-4849,datamanagement,1,0.6931471805599453
DM-4850,datamanagement,2,1.0986122886681098
DM-4851,datamanagement,6,1.9459101490553132
DM-4852,datamanagement,2,1.0986122886681098
DM-4856,datamanagement,2,1.0986122886681098
DM-4857,datamanagement,1,0.6931471805599453
DM-4858,datamanagement,1,0.6931471805599453
DM-4861,datamanagement,4,1.6094379124341003
DM-4862,datamanagement,2,1.0986122886681098
DM-4864,datamanagement,10,2.3978952727983707
DM-4865,datamanagement,4,1.6094379124341003
DM-4866,datamanagement,2,1.0986122886681098
DM-4867,datamanagement,2,1.0986122886681098
DM-4868,datamanagement,10,2.3978952727983707
DM-4869,datamanagement,5,1.791759469228055
DM-4870,datamanagement,10,2.3978952727983707
DM-4871,datamanagement,10,2.3978952727983707
DM-4872,datamanagement,10,2.3978952727983707
DM-4873,datamanagement,3,1.3862943611198906
DM-4874,datamanagement,5,1.791759469228055
DM-4875,datamanagement,1,0.6931471805599453
DM-4876,datamanagement,3,1.3862943611198906
DM-4877,datamanagement,5,1.791759469228055
DM-4878,datamanagement,2,1.0986122886681098
DM-4879,datamanagement,1,0.6931471805599453
DM-4880,datamanagement,20,3.044522437723423
DM-4882,datamanagement,2,1.0986122886681098
DM-4884,datamanagement,15,2.772588722239781
DM-4885,datamanagement,10,2.3978952727983707
DM-4886,datamanagement,24,3.2188758248682006
DM-4887,datamanagement,8,2.1972245773362196
DM-4888,datamanagement,3,1.3862943611198906
DM-4889,datamanagement,1,0.6931471805599453
DM-4892,datamanagement,30,3.4339872044851463
DM-4893,datamanagement,2,1.0986122886681098
DM-4894,datamanagement,3,1.3862943611198906
DM-4895,datamanagement,3,1.3862943611198906
DM-4897,datamanagement,8,2.1972245773362196
DM-4898,datamanagement,50,3.9318256327243257
DM-4899,datamanagement,15,2.772588722239781
DM-4901,datamanagement,1,0.6931471805599453
DM-4903,datamanagement,4,1.6094379124341003
DM-4904,datamanagement,2,1.0986122886681098
DM-4906,datamanagement,12,2.5649493574615367
DM-4907,datamanagement,2,1.0986122886681098
DM-4908,datamanagement,1,0.6931471805599453
DM-4909,datamanagement,1,0.6931471805599453
DM-4911,datamanagement,1,0.6931471805599453
DM-4912,datamanagement,1,0.6931471805599453
DM-4915,datamanagement,6,1.9459101490553132
DM-4916,datamanagement,3,1.3862943611198906
DM-4917,datamanagement,2,1.0986122886681098
DM-4919,datamanagement,4,1.6094379124341003
DM-4920,datamanagement,4,1.6094379124341003
DM-4921,datamanagement,1,0.6931471805599453
DM-4923,datamanagement,1,0.6931471805599453
DM-4925,datamanagement,2,1.0986122886681098
DM-4926,datamanagement,8,2.1972245773362196
DM-4928,datamanagement,1,0.6931471805599453
DM-4929,datamanagement,1,0.6931471805599453
DM-4930,datamanagement,4,1.6094379124341003
DM-4931,datamanagement,2,1.0986122886681098
DM-4932,datamanagement,3,1.3862943611198906
DM-4933,datamanagement,1,0.6931471805599453
DM-4934,datamanagement,2,1.0986122886681098
DM-4936,datamanagement,2,1.0986122886681098
DM-4937,datamanagement,1,0.6931471805599453
DM-4938,datamanagement,1,0.6931471805599453
DM-4939,datamanagement,2,1.0986122886681098
DM-4940,datamanagement,2,1.0986122886681098
DM-4942,datamanagement,1,0.6931471805599453
DM-4943,datamanagement,15,2.772588722239781
DM-4944,datamanagement,6,1.9459101490553132
DM-4945,datamanagement,10,2.3978952727983707
DM-4946,datamanagement,6,1.9459101490553132
DM-4948,datamanagement,2,1.0986122886681098
DM-4949,datamanagement,4,1.6094379124341003
DM-4950,datamanagement,14,2.70805020110221
DM-4951,datamanagement,3,1.3862943611198906
DM-4952,datamanagement,2,1.0986122886681098
DM-4955,datamanagement,1,0.6931471805599453
DM-4956,datamanagement,4,1.6094379124341003
DM-4957,datamanagement,2,1.0986122886681098
DM-4958,datamanagement,10,2.3978952727983707
DM-4959,datamanagement,1,0.6931471805599453
DM-4960,datamanagement,5,1.791759469228055
DM-4961,datamanagement,1,0.6931471805599453
DM-4962,datamanagement,3,1.3862943611198906
DM-4963,datamanagement,2,1.0986122886681098
DM-4964,datamanagement,1,0.6931471805599453
DM-4965,datamanagement,4,1.6094379124341003
DM-4966,datamanagement,15,2.772588722239781
DM-4967,datamanagement,1,0.6931471805599453
DM-4968,datamanagement,4,1.6094379124341003
DM-4969,datamanagement,2,1.0986122886681098
DM-4970,datamanagement,24,3.2188758248682006
DM-4971,datamanagement,2,1.0986122886681098
DM-4972,datamanagement,2,1.0986122886681098
DM-4973,datamanagement,8,2.1972245773362196
DM-4983,datamanagement,3,1.3862943611198906
DM-4985,datamanagement,3,1.3862943611198906
DM-4990,datamanagement,5,1.791759469228055
DM-4991,datamanagement,3,1.3862943611198906
DM-4992,datamanagement,4,1.6094379124341003
DM-4993,datamanagement,2,1.0986122886681098
DM-4994,datamanagement,6,1.9459101490553132
DM-4995,datamanagement,8,2.1972245773362196
DM-4996,datamanagement,1,0.6931471805599453
DM-4997,datamanagement,8,2.1972245773362196
DM-4998,datamanagement,2,1.0986122886681098
DM-4999,datamanagement,14,2.70805020110221
DM-5002,datamanagement,2,1.0986122886681098
DM-5005,datamanagement,1,0.6931471805599453
DM-5006,datamanagement,1,0.6931471805599453
DM-5008,datamanagement,33,3.5263605246161616
DM-5011,datamanagement,5,1.791759469228055
DM-5012,datamanagement,10,2.3978952727983707
DM-5013,datamanagement,5,1.791759469228055
DM-5014,datamanagement,1,0.6931471805599453
DM-5015,datamanagement,4,1.6094379124341003
DM-5018,datamanagement,1,0.6931471805599453
DM-5019,datamanagement,4,1.6094379124341003
DM-5022,datamanagement,1,0.6931471805599453
DM-5023,datamanagement,6,1.9459101490553132
DM-5024,datamanagement,3,1.3862943611198906
DM-5025,datamanagement,10,2.3978952727983707
DM-5026,datamanagement,1,0.6931471805599453
DM-5027,datamanagement,1,0.6931471805599453
DM-5028,datamanagement,4,1.6094379124341003
DM-5029,datamanagement,6,1.9459101490553132
DM-5030,datamanagement,2,1.0986122886681098
DM-5033,datamanagement,73,4.30406509320417
DM-5035,datamanagement,3,1.3862943611198906
DM-5036,datamanagement,10,2.3978952727983707
DM-5037,datamanagement,5,1.791759469228055
DM-5038,datamanagement,8,2.1972245773362196
DM-5039,datamanagement,10,2.3978952727983707
DM-5040,datamanagement,5,1.791759469228055
DM-5041,datamanagement,6,1.9459101490553132
DM-5042,datamanagement,19,2.995732273553991
DM-5043,datamanagement,5,1.791759469228055
DM-5049,datamanagement,6,1.9459101490553132
DM-5050,datamanagement,1,0.6931471805599453
DM-5052,datamanagement,2,1.0986122886681098
DM-5053,datamanagement,30,3.4339872044851463
DM-5054,datamanagement,30,3.4339872044851463
DM-5055,datamanagement,4,1.6094379124341003
DM-5056,datamanagement,9,2.302585092994046
DM-5057,datamanagement,4,1.6094379124341003
DM-5058,datamanagement,10,2.3978952727983707
DM-5059,datamanagement,12,2.5649493574615367
DM-5068,datamanagement,1,0.6931471805599453
DM-5069,datamanagement,2,1.0986122886681098
DM-5070,datamanagement,2,1.0986122886681098
DM-5071,datamanagement,2,1.0986122886681098
DM-5072,datamanagement,2,1.0986122886681098
DM-5073,datamanagement,3,1.3862943611198906
DM-5074,datamanagement,2,1.0986122886681098
DM-5075,datamanagement,1,0.6931471805599453
DM-5077,datamanagement,3,1.3862943611198906
DM-5078,datamanagement,1,0.6931471805599453
DM-5079,datamanagement,15,2.772588722239781
DM-5080,datamanagement,15,2.772588722239781
DM-5084,datamanagement,1,0.6931471805599453
DM-5085,datamanagement,1,0.6931471805599453
DM-5086,datamanagement,1,0.6931471805599453
DM-5088,datamanagement,4,1.6094379124341003
DM-5089,datamanagement,4,1.6094379124341003
DM-5090,datamanagement,4,1.6094379124341003
DM-5091,datamanagement,2,1.0986122886681098
DM-5092,datamanagement,3,1.3862943611198906
DM-5094,datamanagement,3,1.3862943611198906
DM-5095,datamanagement,1,0.6931471805599453
DM-5096,datamanagement,2,1.0986122886681098
DM-5097,datamanagement,2,1.0986122886681098
DM-5098,datamanagement,4,1.6094379124341003
DM-5099,datamanagement,4,1.6094379124341003
DM-5100,datamanagement,1,0.6931471805599453
DM-5101,datamanagement,1,0.6931471805599453
DM-5102,datamanagement,5,1.791759469228055
DM-5103,datamanagement,6,1.9459101490553132
DM-5104,datamanagement,6,1.9459101490553132
DM-5105,datamanagement,4,1.6094379124341003
DM-5106,datamanagement,2,1.0986122886681098
DM-5107,datamanagement,2,1.0986122886681098
DM-5109,datamanagement,2,1.0986122886681098
DM-5110,datamanagement,65,4.189654742026425
DM-5111,datamanagement,65,4.189654742026425
DM-5112,datamanagement,26,3.295836866004329
DM-5113,datamanagement,65,4.189654742026425
DM-5114,datamanagement,65,4.189654742026425
DM-5115,datamanagement,100,4.61512051684126
DM-5116,datamanagement,26,3.295836866004329
DM-5117,datamanagement,26,3.295836866004329
DM-5118,datamanagement,26,3.295836866004329
DM-5119,datamanagement,100,4.61512051684126
DM-5120,datamanagement,5,1.791759469228055
DM-5121,datamanagement,1,0.6931471805599453
DM-5122,datamanagement,1,0.6931471805599453
DM-5124,datamanagement,4,1.6094379124341003
DM-5125,datamanagement,1,0.6931471805599453
DM-5127,datamanagement,60,4.110873864173311
DM-5128,datamanagement,2,1.0986122886681098
DM-5129,datamanagement,2,1.0986122886681098
DM-5130,datamanagement,1,0.6931471805599453
DM-5131,datamanagement,1,0.6931471805599453
DM-5132,datamanagement,1,0.6931471805599453
DM-5133,datamanagement,10,2.3978952727983707
DM-5135,datamanagement,2,1.0986122886681098
DM-5136,datamanagement,1,0.6931471805599453
DM-5137,datamanagement,4,1.6094379124341003
DM-5138,datamanagement,1,0.6931471805599453
DM-5139,datamanagement,1,0.6931471805599453
DM-5140,datamanagement,1,0.6931471805599453
DM-5142,datamanagement,6,1.9459101490553132
DM-5143,datamanagement,6,1.9459101490553132
DM-5144,datamanagement,2,1.0986122886681098
DM-5145,datamanagement,10,2.3978952727983707
DM-5147,datamanagement,3,1.3862943611198906
DM-5148,datamanagement,4,1.6094379124341003
DM-5150,datamanagement,1,0.6931471805599453
DM-5151,datamanagement,2,1.0986122886681098
DM-5152,datamanagement,1,0.6931471805599453
DM-5153,datamanagement,8,2.1972245773362196
DM-5154,datamanagement,16,2.833213344056216
DM-5155,datamanagement,10,2.3978952727983707
DM-5156,datamanagement,1,0.6931471805599453
DM-5160,datamanagement,1,0.6931471805599453
DM-5161,datamanagement,1,0.6931471805599453
DM-5162,datamanagement,4,1.6094379124341003
DM-5163,datamanagement,4,1.6094379124341003
DM-5164,datamanagement,2,1.0986122886681098
DM-5165,datamanagement,1,0.6931471805599453
DM-5166,datamanagement,6,1.9459101490553132
DM-5167,datamanagement,3,1.3862943611198906
DM-5169,datamanagement,8,2.1972245773362196
DM-5171,datamanagement,45,3.828641396489095
DM-5174,datamanagement,4,1.6094379124341003
DM-5175,datamanagement,1,0.6931471805599453
DM-5178,datamanagement,1,0.6931471805599453
DM-5179,datamanagement,1,0.6931471805599453
DM-5181,datamanagement,1,0.6931471805599453
DM-5182,datamanagement,8,2.1972245773362196
DM-5185,datamanagement,6,1.9459101490553132
DM-5186,datamanagement,6,1.9459101490553132
DM-5187,datamanagement,3,1.3862943611198906
DM-5188,datamanagement,10,2.3978952727983707
DM-5189,datamanagement,6,1.9459101490553132
DM-5190,datamanagement,8,2.1972245773362196
DM-5191,datamanagement,8,2.1972245773362196
DM-5192,datamanagement,16,2.833213344056216
DM-5193,datamanagement,4,1.6094379124341003
DM-5194,datamanagement,12,2.5649493574615367
DM-5196,datamanagement,1,0.6931471805599453
DM-5197,datamanagement,8,2.1972245773362196
DM-5198,datamanagement,8,2.1972245773362196
DM-5200,datamanagement,1,0.6931471805599453
DM-5201,datamanagement,15,2.772588722239781
DM-5202,datamanagement,1,0.6931471805599453
DM-5203,datamanagement,4,1.6094379124341003
DM-5204,datamanagement,1,0.6931471805599453
DM-5205,datamanagement,10,2.3978952727983707
DM-5206,datamanagement,1,0.6931471805599453
DM-5208,datamanagement,2,1.0986122886681098
DM-5209,datamanagement,10,2.3978952727983707
DM-5218,datamanagement,4,1.6094379124341003
DM-5219,datamanagement,4,1.6094379124341003
DM-5222,datamanagement,5,1.791759469228055
DM-5233,datamanagement,1,0.6931471805599453
DM-5246,datamanagement,20,3.044522437723423
DM-5247,datamanagement,2,1.0986122886681098
DM-5248,datamanagement,2,1.0986122886681098
DM-5249,datamanagement,10,2.3978952727983707
DM-5250,datamanagement,2,1.0986122886681098
DM-5251,datamanagement,1,0.6931471805599453
DM-5252,datamanagement,2,1.0986122886681098
DM-5262,datamanagement,49,3.912023005428146
DM-5264,datamanagement,1,0.6931471805599453
DM-5265,datamanagement,1,0.6931471805599453
DM-5267,datamanagement,10,2.3978952727983707
DM-5270,datamanagement,3,1.3862943611198906
DM-5271,datamanagement,1,0.6931471805599453
DM-5273,datamanagement,1,0.6931471805599453
DM-5274,datamanagement,4,1.6094379124341003
DM-5275,datamanagement,2,1.0986122886681098
DM-5276,datamanagement,2,1.0986122886681098
DM-5277,datamanagement,3,1.3862943611198906
DM-5278,datamanagement,6,1.9459101490553132
DM-5279,datamanagement,1,0.6931471805599453
DM-5280,datamanagement,4,1.6094379124341003
DM-5281,datamanagement,1,0.6931471805599453
DM-5282,datamanagement,4,1.6094379124341003
DM-5283,datamanagement,2,1.0986122886681098
DM-5284,datamanagement,3,1.3862943611198906
DM-5285,datamanagement,1,0.6931471805599453
DM-5286,datamanagement,1,0.6931471805599453
DM-5287,datamanagement,1,0.6931471805599453
DM-5288,datamanagement,3,1.3862943611198906
DM-5289,datamanagement,5,1.791759469228055
DM-5290,datamanagement,2,1.0986122886681098
DM-5291,datamanagement,1,0.6931471805599453
DM-5292,datamanagement,12,2.5649493574615367
DM-5294,datamanagement,8,2.1972245773362196
DM-5296,datamanagement,8,2.1972245773362196
DM-5297,datamanagement,8,2.1972245773362196
DM-5298,datamanagement,8,2.1972245773362196
DM-5300,datamanagement,64,4.174387269895637
DM-5301,datamanagement,10,2.3978952727983707
DM-5302,datamanagement,5,1.791759469228055
DM-5307,datamanagement,10,2.3978952727983707
DM-5308,datamanagement,3,1.3862943611198906
DM-5311,datamanagement,4,1.6094379124341003
DM-5312,datamanagement,5,1.791759469228055
DM-5313,datamanagement,10,2.3978952727983707
DM-5314,datamanagement,4,1.6094379124341003
DM-5315,datamanagement,28,3.367295829986474
DM-5316,datamanagement,4,1.6094379124341003
DM-5317,datamanagement,6,1.9459101490553132
DM-5318,datamanagement,4,1.6094379124341003
DM-5319,datamanagement,1,0.6931471805599453
DM-5320,datamanagement,2,1.0986122886681098
DM-5321,datamanagement,1,0.6931471805599453
DM-5322,datamanagement,1,0.6931471805599453
DM-5323,datamanagement,4,1.6094379124341003
DM-5324,datamanagement,100,4.61512051684126
DM-5327,datamanagement,4,1.6094379124341003
DM-5328,datamanagement,10,2.3978952727983707
DM-5329,datamanagement,2,1.0986122886681098
DM-5330,datamanagement,4,1.6094379124341003
DM-5331,datamanagement,4,1.6094379124341003
DM-5333,datamanagement,10,2.3978952727983707
DM-5334,datamanagement,6,1.9459101490553132
DM-5336,datamanagement,1,0.6931471805599453
DM-5337,datamanagement,2,1.0986122886681098
DM-5338,datamanagement,5,1.791759469228055
DM-5339,datamanagement,6,1.9459101490553132
DM-5340,datamanagement,2,1.0986122886681098
DM-5341,datamanagement,4,1.6094379124341003
DM-5342,datamanagement,6,1.9459101490553132
DM-5343,datamanagement,3,1.3862943611198906
DM-5344,datamanagement,6,1.9459101490553132
DM-5345,datamanagement,1,0.6931471805599453
DM-5346,datamanagement,50,3.9318256327243257
DM-5347,datamanagement,3,1.3862943611198906
DM-5348,datamanagement,2,1.0986122886681098
DM-5349,datamanagement,5,1.791759469228055
DM-5350,datamanagement,2,1.0986122886681098
DM-5351,datamanagement,1,0.6931471805599453
DM-5352,datamanagement,1,0.6931471805599453
DM-5353,datamanagement,1,0.6931471805599453
DM-5355,datamanagement,1,0.6931471805599453
DM-5356,datamanagement,8,2.1972245773362196
DM-5357,datamanagement,6,1.9459101490553132
DM-5358,datamanagement,3,1.3862943611198906
DM-5359,datamanagement,1,0.6931471805599453
DM-5360,datamanagement,1,0.6931471805599453
DM-5361,datamanagement,10,2.3978952727983707
DM-5362,datamanagement,10,2.3978952727983707
DM-5363,datamanagement,10,2.3978952727983707
DM-5364,datamanagement,8,2.1972245773362196
DM-5365,datamanagement,8,2.1972245773362196
DM-5367,datamanagement,1,0.6931471805599453
DM-5368,datamanagement,1,0.6931471805599453
DM-5370,datamanagement,1,0.6931471805599453
DM-5371,datamanagement,4,1.6094379124341003
DM-5372,datamanagement,1,0.6931471805599453
DM-5374,datamanagement,4,1.6094379124341003
DM-5379,datamanagement,6,1.9459101490553132
DM-5380,datamanagement,12,2.5649493574615367
DM-5381,datamanagement,4,1.6094379124341003
DM-5384,datamanagement,3,1.3862943611198906
DM-5385,datamanagement,1,0.6931471805599453
DM-5387,datamanagement,8,2.1972245773362196
DM-5388,datamanagement,10,2.3978952727983707
DM-5389,datamanagement,4,1.6094379124341003
DM-5390,datamanagement,2,1.0986122886681098
DM-5392,datamanagement,1,0.6931471805599453
DM-5394,datamanagement,2,1.0986122886681098
DM-5395,datamanagement,25,3.258096538021482
DM-5396,datamanagement,20,3.044522437723423
DM-5397,datamanagement,20,3.044522437723423
DM-5398,datamanagement,25,3.258096538021482
DM-5399,datamanagement,50,3.9318256327243257
DM-5400,datamanagement,2,1.0986122886681098
DM-5401,datamanagement,25,3.258096538021482
DM-5402,datamanagement,3,1.3862943611198906
DM-5403,datamanagement,7,2.0794415416798357
DM-5404,datamanagement,16,2.833213344056216
DM-5405,datamanagement,2,1.0986122886681098
DM-5406,datamanagement,1,0.6931471805599453
DM-5407,datamanagement,4,1.6094379124341003
DM-5408,datamanagement,8,2.1972245773362196
DM-5410,datamanagement,1,0.6931471805599453
DM-5412,datamanagement,6,1.9459101490553132
DM-5413,datamanagement,6,1.9459101490553132
DM-5414,datamanagement,2,1.0986122886681098
DM-5415,datamanagement,32,3.4965075614664802
DM-5416,datamanagement,8,2.1972245773362196
DM-5418,datamanagement,23,3.1780538303479458
DM-5419,datamanagement,1,0.6931471805599453
DM-5420,datamanagement,52,3.970291913552122
DM-5422,datamanagement,43,3.784189633918261
DM-5423,datamanagement,38,3.6635616461296463
DM-5424,datamanagement,2,1.0986122886681098
DM-5425,datamanagement,2,1.0986122886681098
DM-5426,datamanagement,45,3.828641396489095
DM-5427,datamanagement,2,1.0986122886681098
DM-5428,datamanagement,2,1.0986122886681098
DM-5430,datamanagement,10,2.3978952727983707
DM-5431,datamanagement,5,1.791759469228055
DM-5432,datamanagement,10,2.3978952727983707
DM-5434,datamanagement,10,2.3978952727983707
DM-5435,datamanagement,3,1.3862943611198906
DM-5436,datamanagement,2,1.0986122886681098
DM-5437,datamanagement,2,1.0986122886681098
DM-5438,datamanagement,3,1.3862943611198906
DM-5441,datamanagement,30,3.4339872044851463
DM-5443,datamanagement,10,2.3978952727983707
DM-5444,datamanagement,20,3.044522437723423
DM-5445,datamanagement,100,4.61512051684126
DM-5446,datamanagement,2,1.0986122886681098
DM-5447,datamanagement,8,2.1972245773362196
DM-5448,datamanagement,3,1.3862943611198906
DM-5449,datamanagement,100,4.61512051684126
DM-5450,datamanagement,40,3.713572066704308
DM-5451,datamanagement,6,1.9459101490553132
DM-5452,datamanagement,12,2.5649493574615367
DM-5455,datamanagement,54,4.007333185232471
DM-5457,datamanagement,4,1.6094379124341003
DM-5458,datamanagement,4,1.6094379124341003
DM-5462,datamanagement,6,1.9459101490553132
DM-5463,datamanagement,1,0.6931471805599453
DM-5465,datamanagement,10,2.3978952727983707
DM-5468,datamanagement,23,3.1780538303479458
DM-5470,datamanagement,3,1.3862943611198906
DM-5471,datamanagement,10,2.3978952727983707
DM-5472,datamanagement,3,1.3862943611198906
DM-5473,datamanagement,1,0.6931471805599453
DM-5474,datamanagement,1,0.6931471805599453
DM-5475,datamanagement,4,1.6094379124341003
DM-5476,datamanagement,4,1.6094379124341003
DM-5477,datamanagement,4,1.6094379124341003
DM-5478,datamanagement,20,3.044522437723423
DM-5479,datamanagement,5,1.791759469228055
DM-5480,datamanagement,20,3.044522437723423
DM-5481,datamanagement,10,2.3978952727983707
DM-5482,datamanagement,5,1.791759469228055
DM-5483,datamanagement,5,1.791759469228055
DM-5484,datamanagement,1,0.6931471805599453
DM-5485,datamanagement,2,1.0986122886681098
DM-5486,datamanagement,2,1.0986122886681098
DM-5487,datamanagement,2,1.0986122886681098
DM-5488,datamanagement,8,2.1972245773362196
DM-5489,datamanagement,1,0.6931471805599453
DM-5490,datamanagement,3,1.3862943611198906
DM-5491,datamanagement,3,1.3862943611198906
DM-5492,datamanagement,3,1.3862943611198906
DM-5493,datamanagement,3,1.3862943611198906
DM-5494,datamanagement,2,1.0986122886681098
DM-5495,datamanagement,2,1.0986122886681098
DM-5496,datamanagement,2,1.0986122886681098
DM-5497,datamanagement,24,3.2188758248682006
DM-5498,datamanagement,2,1.0986122886681098
DM-5499,datamanagement,2,1.0986122886681098
DM-5501,datamanagement,100,4.61512051684126
DM-5502,datamanagement,5,1.791759469228055
DM-5503,datamanagement,10,2.3978952727983707
DM-5505,datamanagement,26,3.295836866004329
DM-5506,datamanagement,6,1.9459101490553132
DM-5507,datamanagement,3,1.3862943611198906
DM-5508,datamanagement,22,3.1354942159291497
DM-5509,datamanagement,7,2.0794415416798357
DM-5510,datamanagement,22,3.1354942159291497
DM-5511,datamanagement,1,0.6931471805599453
DM-5512,datamanagement,3,1.3862943611198906
DM-5514,datamanagement,9,2.302585092994046
DM-5515,datamanagement,1,0.6931471805599453
DM-5516,datamanagement,3,1.3862943611198906
DM-5517,datamanagement,3,1.3862943611198906
DM-5518,datamanagement,11,2.4849066497880004
DM-5519,datamanagement,25,3.258096538021482
DM-5520,datamanagement,10,2.3978952727983707
DM-5521,datamanagement,15,2.772588722239781
DM-5523,datamanagement,6,1.9459101490553132
DM-5526,datamanagement,1,0.6931471805599453
DM-5530,datamanagement,40,3.713572066704308
DM-5532,datamanagement,4,1.6094379124341003
DM-5533,datamanagement,10,2.3978952727983707
DM-5534,datamanagement,6,1.9459101490553132
DM-5535,datamanagement,6,1.9459101490553132
DM-5536,datamanagement,8,2.1972245773362196
DM-5537,datamanagement,8,2.1972245773362196
DM-5538,datamanagement,6,1.9459101490553132
DM-5539,datamanagement,6,1.9459101490553132
DM-5540,datamanagement,6,1.9459101490553132
DM-5541,datamanagement,6,1.9459101490553132
DM-5542,datamanagement,1,0.6931471805599453
DM-5543,datamanagement,6,1.9459101490553132
DM-5544,datamanagement,6,1.9459101490553132
DM-5545,datamanagement,7,2.0794415416798357
DM-5546,datamanagement,2,1.0986122886681098
DM-5547,datamanagement,2,1.0986122886681098
DM-5548,datamanagement,10,2.3978952727983707
DM-5550,datamanagement,6,1.9459101490553132
DM-5551,datamanagement,6,1.9459101490553132
DM-5552,datamanagement,2,1.0986122886681098
DM-5553,datamanagement,8,2.1972245773362196
DM-5554,datamanagement,2,1.0986122886681098
DM-5555,datamanagement,100,4.61512051684126
DM-5556,datamanagement,27,3.332204510175204
DM-5559,datamanagement,6,1.9459101490553132
DM-5560,datamanagement,2,1.0986122886681098
DM-5561,datamanagement,10,2.3978952727983707
DM-5562,datamanagement,4,1.6094379124341003
DM-5563,datamanagement,1,0.6931471805599453
DM-5564,datamanagement,2,1.0986122886681098
DM-5565,datamanagement,1,0.6931471805599453
DM-5566,datamanagement,3,1.3862943611198906
DM-5567,datamanagement,2,1.0986122886681098
DM-5568,datamanagement,2,1.0986122886681098
DM-5569,datamanagement,4,1.6094379124341003
DM-5578,datamanagement,2,1.0986122886681098
DM-5579,datamanagement,6,1.9459101490553132
DM-5580,datamanagement,2,1.0986122886681098
DM-5581,datamanagement,4,1.6094379124341003
DM-5582,datamanagement,3,1.3862943611198906
DM-5584,datamanagement,4,1.6094379124341003
DM-5585,datamanagement,5,1.791759469228055
DM-5586,datamanagement,3,1.3862943611198906
DM-5588,datamanagement,4,1.6094379124341003
DM-5590,datamanagement,1,0.6931471805599453
DM-5591,datamanagement,40,3.713572066704308
DM-5593,datamanagement,1,0.6931471805599453
DM-5594,datamanagement,5,1.791759469228055
DM-5595,datamanagement,1,0.6931471805599453
DM-5604,datamanagement,1,0.6931471805599453
DM-5605,datamanagement,4,1.6094379124341003
DM-5607,datamanagement,1,0.6931471805599453
DM-5608,datamanagement,12,2.5649493574615367
DM-5609,datamanagement,3,1.3862943611198906
DM-5610,datamanagement,54,4.007333185232471
DM-5611,datamanagement,7,2.0794415416798357
DM-5612,datamanagement,68,4.23410650459726
DM-5613,datamanagement,23,3.1780538303479458
DM-5614,datamanagement,100,4.61512051684126
DM-5616,datamanagement,8,2.1972245773362196
DM-5617,datamanagement,20,3.044522437723423
DM-5618,datamanagement,21,3.091042453358316
DM-5620,datamanagement,95,4.564348191467836
DM-5622,datamanagement,36,3.6109179126442243
DM-5623,datamanagement,42,3.7612001156935624
DM-5624,datamanagement,28,3.367295829986474
DM-5625,datamanagement,20,3.044522437723423
DM-5626,datamanagement,36,3.6109179126442243
DM-5627,datamanagement,40,3.713572066704308
DM-5628,datamanagement,20,3.044522437723423
DM-5632,datamanagement,12,2.5649493574615367
DM-5633,datamanagement,3,1.3862943611198906
DM-5636,datamanagement,1,0.6931471805599453
DM-5638,datamanagement,2,1.0986122886681098
DM-5640,datamanagement,1,0.6931471805599453
DM-5641,datamanagement,1,0.6931471805599453
DM-5642,datamanagement,4,1.6094379124341003
DM-5643,datamanagement,2,1.0986122886681098
DM-5645,datamanagement,2,1.0986122886681098
DM-5647,datamanagement,9,2.302585092994046
DM-5648,datamanagement,8,2.1972245773362196
DM-5649,datamanagement,8,2.1972245773362196
DM-5650,datamanagement,4,1.6094379124341003
DM-5651,datamanagement,1,0.6931471805599453
DM-5652,datamanagement,2,1.0986122886681098
DM-5655,datamanagement,2,1.0986122886681098
DM-5657,datamanagement,8,2.1972245773362196
DM-5658,datamanagement,2,1.0986122886681098
DM-5659,datamanagement,3,1.3862943611198906
DM-5660,datamanagement,5,1.791759469228055
DM-5663,datamanagement,2,1.0986122886681098
DM-5665,datamanagement,1,0.6931471805599453
DM-5666,datamanagement,2,1.0986122886681098
DM-5667,datamanagement,2,1.0986122886681098
DM-5668,datamanagement,2,1.0986122886681098
DM-5669,datamanagement,2,1.0986122886681098
DM-5670,datamanagement,2,1.0986122886681098
DM-5671,datamanagement,2,1.0986122886681098
DM-5672,datamanagement,2,1.0986122886681098
DM-5673,datamanagement,2,1.0986122886681098
DM-5674,datamanagement,10,2.3978952727983707
DM-5675,datamanagement,1,0.6931471805599453
DM-5676,datamanagement,10,2.3978952727983707
DM-5677,datamanagement,10,2.3978952727983707
DM-5681,datamanagement,2,1.0986122886681098
DM-5685,datamanagement,8,2.1972245773362196
DM-5686,datamanagement,2,1.0986122886681098
DM-5688,datamanagement,6,1.9459101490553132
DM-5689,datamanagement,2,1.0986122886681098
DM-5691,datamanagement,19,2.995732273553991
DM-5692,datamanagement,4,1.6094379124341003
DM-5693,datamanagement,6,1.9459101490553132
DM-5694,datamanagement,2,1.0986122886681098
DM-5695,datamanagement,8,2.1972245773362196
DM-5696,datamanagement,2,1.0986122886681098
DM-5697,datamanagement,6,1.9459101490553132
DM-5698,datamanagement,4,1.6094379124341003
DM-5699,datamanagement,4,1.6094379124341003
DM-5700,datamanagement,4,1.6094379124341003
DM-5701,datamanagement,4,1.6094379124341003
DM-5702,datamanagement,8,2.1972245773362196
DM-5703,datamanagement,8,2.1972245773362196
DM-5704,datamanagement,6,1.9459101490553132
DM-5715,datamanagement,6,1.9459101490553132
DM-5716,datamanagement,4,1.6094379124341003
DM-5717,datamanagement,10,2.3978952727983707
DM-5719,datamanagement,12,2.5649493574615367
DM-5720,datamanagement,2,1.0986122886681098
DM-5722,datamanagement,4,1.6094379124341003
DM-5723,datamanagement,2,1.0986122886681098
DM-5725,datamanagement,2,1.0986122886681098
DM-5726,datamanagement,2,1.0986122886681098
DM-5728,datamanagement,5,1.791759469228055
DM-5729,datamanagement,1,0.6931471805599453
DM-5734,datamanagement,1,0.6931471805599453
DM-5738,datamanagement,2,1.0986122886681098
DM-5739,datamanagement,1,0.6931471805599453
DM-5740,datamanagement,3,1.3862943611198906
DM-5741,datamanagement,3,1.3862943611198906
DM-5742,datamanagement,36,3.6109179126442243
DM-5743,datamanagement,3,1.3862943611198906
DM-5744,datamanagement,6,1.9459101490553132
DM-5745,datamanagement,4,1.6094379124341003
DM-5746,datamanagement,6,1.9459101490553132
DM-5747,datamanagement,8,2.1972245773362196
DM-5748,datamanagement,1,0.6931471805599453
DM-5750,datamanagement,5,1.791759469228055
DM-5753,datamanagement,4,1.6094379124341003
DM-5756,datamanagement,2,1.0986122886681098
DM-5757,datamanagement,1,0.6931471805599453
DM-5759,datamanagement,4,1.6094379124341003
DM-5760,datamanagement,2,1.0986122886681098
DM-5761,datamanagement,10,2.3978952727983707
DM-5762,datamanagement,6,1.9459101490553132
DM-5763,datamanagement,3,1.3862943611198906
DM-5764,datamanagement,5,1.791759469228055
DM-5765,datamanagement,1,0.6931471805599453
DM-5766,datamanagement,6,1.9459101490553132
DM-5767,datamanagement,1,0.6931471805599453
DM-5768,datamanagement,1,0.6931471805599453
DM-5769,datamanagement,2,1.0986122886681098
DM-5770,datamanagement,2,1.0986122886681098
DM-5771,datamanagement,2,1.0986122886681098
DM-5773,datamanagement,2,1.0986122886681098
DM-5775,datamanagement,1,0.6931471805599453
DM-5778,datamanagement,1,0.6931471805599453
DM-5780,datamanagement,1,0.6931471805599453
DM-5781,datamanagement,10,2.3978952727983707
DM-5782,datamanagement,1,0.6931471805599453
DM-5784,datamanagement,8,2.1972245773362196
DM-5787,datamanagement,1,0.6931471805599453
DM-5791,datamanagement,1,0.6931471805599453
DM-5792,datamanagement,8,2.1972245773362196
DM-5793,datamanagement,6,1.9459101490553132
DM-5794,datamanagement,8,2.1972245773362196
DM-5795,datamanagement,1,0.6931471805599453
DM-5797,datamanagement,2,1.0986122886681098
DM-5798,datamanagement,4,1.6094379124341003
DM-5799,datamanagement,8,2.1972245773362196
DM-5800,datamanagement,4,1.6094379124341003
DM-5802,datamanagement,1,0.6931471805599453
DM-5803,datamanagement,2,1.0986122886681098
DM-5804,datamanagement,1,0.6931471805599453
DM-5805,datamanagement,1,0.6931471805599453
DM-5806,datamanagement,4,1.6094379124341003
DM-5808,datamanagement,1,0.6931471805599453
DM-5810,datamanagement,1,0.6931471805599453
DM-5819,datamanagement,2,1.0986122886681098
DM-5820,datamanagement,6,1.9459101490553132
DM-5821,datamanagement,3,1.3862943611198906
DM-5822,datamanagement,2,1.0986122886681098
DM-5823,datamanagement,1,0.6931471805599453
DM-5825,datamanagement,2,1.0986122886681098
DM-5827,datamanagement,15,2.772588722239781
DM-5829,datamanagement,2,1.0986122886681098
DM-5830,datamanagement,3,1.3862943611198906
DM-5831,datamanagement,6,1.9459101490553132
DM-5832,datamanagement,2,1.0986122886681098
DM-5833,datamanagement,4,1.6094379124341003
DM-5834,datamanagement,10,2.3978952727983707
DM-5835,datamanagement,2,1.0986122886681098
DM-5836,datamanagement,4,1.6094379124341003
DM-5837,datamanagement,2,1.0986122886681098
DM-5839,datamanagement,1,0.6931471805599453
DM-5840,datamanagement,1,0.6931471805599453
DM-5841,datamanagement,1,0.6931471805599453
DM-5844,datamanagement,20,3.044522437723423
DM-5845,datamanagement,2,1.0986122886681098
DM-5847,datamanagement,2,1.0986122886681098
DM-5848,datamanagement,2,1.0986122886681098
DM-5849,datamanagement,2,1.0986122886681098
DM-5854,datamanagement,1,0.6931471805599453
DM-5857,datamanagement,6,1.9459101490553132
DM-5858,datamanagement,42,3.7612001156935624
DM-5859,datamanagement,2,1.0986122886681098
DM-5860,datamanagement,10,2.3978952727983707
DM-5863,datamanagement,1,0.6931471805599453
DM-5864,datamanagement,10,2.3978952727983707
DM-5866,datamanagement,10,2.3978952727983707
DM-5868,datamanagement,8,2.1972245773362196
DURACLOUD-4,duracloud,1,0.6931471805599453
DURACLOUD-10,duracloud,3,1.3862943611198906
DURACLOUD-19,duracloud,16,2.833213344056216
DURACLOUD-21,duracloud,8,2.1972245773362196
DURACLOUD-22,duracloud,5,1.791759469228055
DURACLOUD-23,duracloud,3,1.3862943611198906
DURACLOUD-25,duracloud,3,1.3862943611198906
DURACLOUD-28,duracloud,3,1.3862943611198906
DURACLOUD-29,duracloud,7,2.0794415416798357
DURACLOUD-38,duracloud,13,2.6390573296152584
DURACLOUD-39,duracloud,8,2.1972245773362196
DURACLOUD-41,duracloud,13,2.6390573296152584
DURACLOUD-60,duracloud,2,1.0986122886681098
DURACLOUD-61,duracloud,3,1.3862943611198906
DURACLOUD-62,duracloud,2,1.0986122886681098
DURACLOUD-63,duracloud,5,1.791759469228055
DURACLOUD-64,duracloud,1,0.6931471805599453
DURACLOUD-65,duracloud,1,0.6931471805599453
DURACLOUD-66,duracloud,1,0.6931471805599453
DURACLOUD-68,duracloud,3,1.3862943611198906
DURACLOUD-69,duracloud,1,0.6931471805599453
DURACLOUD-70,duracloud,1,0.6931471805599453
DURACLOUD-71,duracloud,1,0.6931471805599453
DURACLOUD-72,duracloud,1,0.6931471805599453
DURACLOUD-74,duracloud,1,0.6931471805599453
DURACLOUD-75,duracloud,3,1.3862943611198906
DURACLOUD-76,duracloud,3,1.3862943611198906
DURACLOUD-80,duracloud,1,0.6931471805599453
DURACLOUD-81,duracloud,1,0.6931471805599453
DURACLOUD-82,duracloud,3,1.3862943611198906
DURACLOUD-86,duracloud,1,0.6931471805599453
DURACLOUD-91,duracloud,2,1.0986122886681098
DURACLOUD-93,duracloud,3,1.3862943611198906
DURACLOUD-94,duracloud,1,0.6931471805599453
DURACLOUD-95,duracloud,1,0.6931471805599453
DURACLOUD-96,duracloud,2,1.0986122886681098
DURACLOUD-97,duracloud,1,0.6931471805599453
DURACLOUD-98,duracloud,1,0.6931471805599453
DURACLOUD-101,duracloud,16,2.833213344056216
DURACLOUD-102,duracloud,2,1.0986122886681098
DURACLOUD-103,duracloud,1,0.6931471805599453
DURACLOUD-104,duracloud,2,1.0986122886681098
DURACLOUD-106,duracloud,8,2.1972245773362196
DURACLOUD-107,duracloud,3,1.3862943611198906
DURACLOUD-111,duracloud,8,2.1972245773362196
DURACLOUD-114,duracloud,2,1.0986122886681098
DURACLOUD-115,duracloud,2,1.0986122886681098
DURACLOUD-118,duracloud,1,0.6931471805599453
DURACLOUD-121,duracloud,1,0.6931471805599453
DURACLOUD-122,duracloud,2,1.0986122886681098
DURACLOUD-123,duracloud,3,1.3862943611198906
DURACLOUD-126,duracloud,4,1.6094379124341003
DURACLOUD-127,duracloud,1,0.6931471805599453
DURACLOUD-128,duracloud,1,0.6931471805599453
DURACLOUD-129,duracloud,1,0.6931471805599453
DURACLOUD-130,duracloud,1,0.6931471805599453
DURACLOUD-131,duracloud,2,1.0986122886681098
DURACLOUD-132,duracloud,3,1.3862943611198906
DURACLOUD-133,duracloud,1,0.6931471805599453
DURACLOUD-134,duracloud,1,0.6931471805599453
DURACLOUD-135,duracloud,5,1.791759469228055
DURACLOUD-140,duracloud,2,1.0986122886681098
DURACLOUD-143,duracloud,1,0.6931471805599453
DURACLOUD-144,duracloud,5,1.791759469228055
DURACLOUD-145,duracloud,4,1.6094379124341003
DURACLOUD-149,duracloud,3,1.3862943611198906
DURACLOUD-150,duracloud,1,0.6931471805599453
DURACLOUD-152,duracloud,1,0.6931471805599453
DURACLOUD-153,duracloud,5,1.791759469228055
DURACLOUD-154,duracloud,3,1.3862943611198906
DURACLOUD-155,duracloud,1,0.6931471805599453
DURACLOUD-156,duracloud,1,0.6931471805599453
DURACLOUD-157,duracloud,1,0.6931471805599453
DURACLOUD-158,duracloud,1,0.6931471805599453
DURACLOUD-159,duracloud,2,1.0986122886681098
DURACLOUD-160,duracloud,3,1.3862943611198906
DURACLOUD-161,duracloud,3,1.3862943611198906
DURACLOUD-163,duracloud,1,0.6931471805599453
DURACLOUD-164,duracloud,3,1.3862943611198906
DURACLOUD-167,duracloud,1,0.6931471805599453
DURACLOUD-168,duracloud,1,0.6931471805599453
DURACLOUD-169,duracloud,1,0.6931471805599453
DURACLOUD-174,duracloud,1,0.6931471805599453
DURACLOUD-175,duracloud,2,1.0986122886681098
DURACLOUD-177,duracloud,2,1.0986122886681098
DURACLOUD-178,duracloud,4,1.6094379124341003
DURACLOUD-179,duracloud,1,0.6931471805599453
DURACLOUD-180,duracloud,1,0.6931471805599453
DURACLOUD-181,duracloud,2,1.0986122886681098
DURACLOUD-182,duracloud,1,0.6931471805599453
DURACLOUD-185,duracloud,1,0.6931471805599453
DURACLOUD-187,duracloud,1,0.6931471805599453
DURACLOUD-188,duracloud,1,0.6931471805599453
DURACLOUD-190,duracloud,1,0.6931471805599453
DURACLOUD-191,duracloud,16,2.833213344056216
DURACLOUD-192,duracloud,1,0.6931471805599453
DURACLOUD-193,duracloud,1,0.6931471805599453
DURACLOUD-195,duracloud,1,0.6931471805599453
DURACLOUD-196,duracloud,1,0.6931471805599453
DURACLOUD-197,duracloud,1,0.6931471805599453
DURACLOUD-198,duracloud,1,0.6931471805599453
DURACLOUD-200,duracloud,13,2.6390573296152584
DURACLOUD-202,duracloud,13,2.6390573296152584
DURACLOUD-204,duracloud,1,0.6931471805599453
DURACLOUD-207,duracloud,2,1.0986122886681098
DURACLOUD-208,duracloud,1,0.6931471805599453
DURACLOUD-209,duracloud,1,0.6931471805599453
DURACLOUD-214,duracloud,1,0.6931471805599453
DURACLOUD-215,duracloud,1,0.6931471805599453
DURACLOUD-217,duracloud,1,0.6931471805599453
DURACLOUD-218,duracloud,1,0.6931471805599453
DURACLOUD-219,duracloud,1,0.6931471805599453
DURACLOUD-220,duracloud,5,1.791759469228055
DURACLOUD-221,duracloud,1,0.6931471805599453
DURACLOUD-222,duracloud,1,0.6931471805599453
DURACLOUD-223,duracloud,5,1.791759469228055
DURACLOUD-224,duracloud,1,0.6931471805599453
DURACLOUD-225,duracloud,1,0.6931471805599453
DURACLOUD-226,duracloud,1,0.6931471805599453
DURACLOUD-228,duracloud,1,0.6931471805599453
DURACLOUD-229,duracloud,1,0.6931471805599453
DURACLOUD-230,duracloud,1,0.6931471805599453
DURACLOUD-231,duracloud,3,1.3862943611198906
DURACLOUD-232,duracloud,1,0.6931471805599453
DURACLOUD-233,duracloud,1,0.6931471805599453
DURACLOUD-235,duracloud,3,1.3862943611198906
DURACLOUD-237,duracloud,8,2.1972245773362196
DURACLOUD-238,duracloud,1,0.6931471805599453
DURACLOUD-239,duracloud,1,0.6931471805599453
DURACLOUD-240,duracloud,1,0.6931471805599453
DURACLOUD-249,duracloud,1,0.6931471805599453
DURACLOUD-252,duracloud,8,2.1972245773362196
DURACLOUD-254,duracloud,4,1.6094379124341003
DURACLOUD-255,duracloud,2,1.0986122886681098
DURACLOUD-256,duracloud,1,0.6931471805599453
DURACLOUD-257,duracloud,1,0.6931471805599453
DURACLOUD-259,duracloud,2,1.0986122886681098
DURACLOUD-260,duracloud,1,0.6931471805599453
DURACLOUD-261,duracloud,2,1.0986122886681098
DURACLOUD-265,duracloud,3,1.3862943611198906
DURACLOUD-266,duracloud,5,1.791759469228055
DURACLOUD-267,duracloud,5,1.791759469228055
DURACLOUD-270,duracloud,1,0.6931471805599453
DURACLOUD-271,duracloud,1,0.6931471805599453
DURACLOUD-272,duracloud,1,0.6931471805599453
DURACLOUD-274,duracloud,3,1.3862943611198906
DURACLOUD-275,duracloud,1,0.6931471805599453
DURACLOUD-276,duracloud,1,0.6931471805599453
DURACLOUD-277,duracloud,1,0.6931471805599453
DURACLOUD-278,duracloud,1,0.6931471805599453
DURACLOUD-279,duracloud,5,1.791759469228055
DURACLOUD-281,duracloud,1,0.6931471805599453
DURACLOUD-282,duracloud,3,1.3862943611198906
DURACLOUD-283,duracloud,1,0.6931471805599453
DURACLOUD-284,duracloud,2,1.0986122886681098
DURACLOUD-285,duracloud,3,1.3862943611198906
DURACLOUD-286,duracloud,2,1.0986122886681098
DURACLOUD-287,duracloud,1,0.6931471805599453
DURACLOUD-288,duracloud,1,0.6931471805599453
DURACLOUD-289,duracloud,2,1.0986122886681098
DURACLOUD-291,duracloud,2,1.0986122886681098
DURACLOUD-293,duracloud,1,0.6931471805599453
DURACLOUD-294,duracloud,1,0.6931471805599453
DURACLOUD-295,duracloud,1,0.6931471805599453
DURACLOUD-298,duracloud,1,0.6931471805599453
DURACLOUD-299,duracloud,1,0.6931471805599453
DURACLOUD-301,duracloud,4,1.6094379124341003
DURACLOUD-302,duracloud,1,0.6931471805599453
DURACLOUD-303,duracloud,3,1.3862943611198906
DURACLOUD-304,duracloud,1,0.6931471805599453
DURACLOUD-305,duracloud,3,1.3862943611198906
DURACLOUD-306,duracloud,3,1.3862943611198906
DURACLOUD-307,duracloud,2,1.0986122886681098
DURACLOUD-309,duracloud,3,1.3862943611198906
DURACLOUD-310,duracloud,5,1.791759469228055
DURACLOUD-311,duracloud,2,1.0986122886681098
DURACLOUD-312,duracloud,1,0.6931471805599453
DURACLOUD-313,duracloud,2,1.0986122886681098
DURACLOUD-314,duracloud,3,1.3862943611198906
DURACLOUD-315,duracloud,13,2.6390573296152584
DURACLOUD-318,duracloud,1,0.6931471805599453
DURACLOUD-319,duracloud,2,1.0986122886681098
DURACLOUD-320,duracloud,1,0.6931471805599453
DURACLOUD-323,duracloud,3,1.3862943611198906
DURACLOUD-324,duracloud,1,0.6931471805599453
DURACLOUD-325,duracloud,1,0.6931471805599453
DURACLOUD-326,duracloud,1,0.6931471805599453
DURACLOUD-327,duracloud,1,0.6931471805599453
DURACLOUD-329,duracloud,1,0.6931471805599453
DURACLOUD-331,duracloud,3,1.3862943611198906
DURACLOUD-332,duracloud,1,0.6931471805599453
DURACLOUD-333,duracloud,1,0.6931471805599453
DURACLOUD-335,duracloud,1,0.6931471805599453
DURACLOUD-338,duracloud,1,0.6931471805599453
DURACLOUD-339,duracloud,1,0.6931471805599453
DURACLOUD-341,duracloud,1,0.6931471805599453
DURACLOUD-342,duracloud,2,1.0986122886681098
DURACLOUD-344,duracloud,4,1.6094379124341003
DURACLOUD-346,duracloud,5,1.791759469228055
DURACLOUD-347,duracloud,5,1.791759469228055
DURACLOUD-348,duracloud,2,1.0986122886681098
DURACLOUD-349,duracloud,1,0.6931471805599453
DURACLOUD-351,duracloud,1,0.6931471805599453
DURACLOUD-352,duracloud,2,1.0986122886681098
DURACLOUD-353,duracloud,2,1.0986122886681098
DURACLOUD-354,duracloud,1,0.6931471805599453
DURACLOUD-355,duracloud,2,1.0986122886681098
DURACLOUD-356,duracloud,3,1.3862943611198906
DURACLOUD-357,duracloud,4,1.6094379124341003
DURACLOUD-358,duracloud,5,1.791759469228055
DURACLOUD-364,duracloud,5,1.791759469228055
DURACLOUD-365,duracloud,4,1.6094379124341003
DURACLOUD-369,duracloud,3,1.3862943611198906
DURACLOUD-370,duracloud,2,1.0986122886681098
DURACLOUD-371,duracloud,3,1.3862943611198906
DURACLOUD-374,duracloud,5,1.791759469228055
DURACLOUD-375,duracloud,5,1.791759469228055
DURACLOUD-376,duracloud,2,1.0986122886681098
DURACLOUD-377,duracloud,1,0.6931471805599453
DURACLOUD-379,duracloud,1,0.6931471805599453
DURACLOUD-380,duracloud,1,0.6931471805599453
DURACLOUD-381,duracloud,5,1.791759469228055
DURACLOUD-382,duracloud,1,0.6931471805599453
DURACLOUD-383,duracloud,1,0.6931471805599453
DURACLOUD-384,duracloud,1,0.6931471805599453
DURACLOUD-385,duracloud,2,1.0986122886681098
DURACLOUD-387,duracloud,5,1.791759469228055
DURACLOUD-389,duracloud,1,0.6931471805599453
DURACLOUD-390,duracloud,1,0.6931471805599453
DURACLOUD-392,duracloud,1,0.6931471805599453
DURACLOUD-394,duracloud,2,1.0986122886681098
DURACLOUD-397,duracloud,1,0.6931471805599453
DURACLOUD-398,duracloud,1,0.6931471805599453
DURACLOUD-399,duracloud,3,1.3862943611198906
DURACLOUD-400,duracloud,1,0.6931471805599453
DURACLOUD-401,duracloud,1,0.6931471805599453
DURACLOUD-402,duracloud,1,0.6931471805599453
DURACLOUD-403,duracloud,1,0.6931471805599453
DURACLOUD-404,duracloud,1,0.6931471805599453
DURACLOUD-406,duracloud,1,0.6931471805599453
DURACLOUD-407,duracloud,1,0.6931471805599453
DURACLOUD-408,duracloud,5,1.791759469228055
DURACLOUD-409,duracloud,16,2.833213344056216
DURACLOUD-410,duracloud,5,1.791759469228055
DURACLOUD-416,duracloud,5,1.791759469228055
DURACLOUD-420,duracloud,1,0.6931471805599453
DURACLOUD-423,duracloud,1,0.6931471805599453
DURACLOUD-424,duracloud,3,1.3862943611198906
DURACLOUD-425,duracloud,2,1.0986122886681098
DURACLOUD-427,duracloud,8,2.1972245773362196
DURACLOUD-429,duracloud,3,1.3862943611198906
DURACLOUD-430,duracloud,8,2.1972245773362196
DURACLOUD-431,duracloud,1,0.6931471805599453
DURACLOUD-432,duracloud,1,0.6931471805599453
DURACLOUD-433,duracloud,1,0.6931471805599453
DURACLOUD-435,duracloud,1,0.6931471805599453
DURACLOUD-436,duracloud,2,1.0986122886681098
DURACLOUD-438,duracloud,1,0.6931471805599453
DURACLOUD-439,duracloud,1,0.6931471805599453
DURACLOUD-440,duracloud,5,1.791759469228055
DURACLOUD-441,duracloud,1,0.6931471805599453
DURACLOUD-442,duracloud,2,1.0986122886681098
DURACLOUD-443,duracloud,1,0.6931471805599453
DURACLOUD-444,duracloud,3,1.3862943611198906
DURACLOUD-445,duracloud,4,1.6094379124341003
DURACLOUD-446,duracloud,2,1.0986122886681098
DURACLOUD-447,duracloud,3,1.3862943611198906
DURACLOUD-450,duracloud,2,1.0986122886681098
DURACLOUD-451,duracloud,2,1.0986122886681098
DURACLOUD-452,duracloud,1,0.6931471805599453
DURACLOUD-453,duracloud,1,0.6931471805599453
DURACLOUD-454,duracloud,1,0.6931471805599453
DURACLOUD-455,duracloud,1,0.6931471805599453
DURACLOUD-456,duracloud,1,0.6931471805599453
DURACLOUD-457,duracloud,1,0.6931471805599453
DURACLOUD-458,duracloud,2,1.0986122886681098
DURACLOUD-460,duracloud,3,1.3862943611198906
DURACLOUD-462,duracloud,1,0.6931471805599453
DURACLOUD-464,duracloud,2,1.0986122886681098
DURACLOUD-465,duracloud,2,1.0986122886681098
DURACLOUD-466,duracloud,2,1.0986122886681098
DURACLOUD-467,duracloud,1,0.6931471805599453
DURACLOUD-468,duracloud,1,0.6931471805599453
DURACLOUD-469,duracloud,1,0.6931471805599453
DURACLOUD-471,duracloud,2,1.0986122886681098
DURACLOUD-474,duracloud,3,1.3862943611198906
DURACLOUD-475,duracloud,3,1.3862943611198906
DURACLOUD-478,duracloud,1,0.6931471805599453
DURACLOUD-481,duracloud,2,1.0986122886681098
DURACLOUD-482,duracloud,1,0.6931471805599453
DURACLOUD-484,duracloud,3,1.3862943611198906
DURACLOUD-485,duracloud,3,1.3862943611198906
DURACLOUD-486,duracloud,4,1.6094379124341003
DURACLOUD-487,duracloud,1,0.6931471805599453
DURACLOUD-489,duracloud,2,1.0986122886681098
DURACLOUD-490,duracloud,1,0.6931471805599453
DURACLOUD-491,duracloud,1,0.6931471805599453
DURACLOUD-492,duracloud,1,0.6931471805599453
DURACLOUD-493,duracloud,1,0.6931471805599453
DURACLOUD-495,duracloud,5,1.791759469228055
DURACLOUD-496,duracloud,2,1.0986122886681098
DURACLOUD-497,duracloud,1,0.6931471805599453
DURACLOUD-498,duracloud,2,1.0986122886681098
DURACLOUD-499,duracloud,1,0.6931471805599453
DURACLOUD-500,duracloud,1,0.6931471805599453
DURACLOUD-501,duracloud,1,0.6931471805599453
DURACLOUD-502,duracloud,1,0.6931471805599453
DURACLOUD-503,duracloud,1,0.6931471805599453
DURACLOUD-504,duracloud,1,0.6931471805599453
DURACLOUD-505,duracloud,1,0.6931471805599453
DURACLOUD-506,duracloud,1,0.6931471805599453
DURACLOUD-508,duracloud,2,1.0986122886681098
DURACLOUD-509,duracloud,1,0.6931471805599453
DURACLOUD-510,duracloud,8,2.1972245773362196
DURACLOUD-511,duracloud,1,0.6931471805599453
DURACLOUD-512,duracloud,3,1.3862943611198906
DURACLOUD-513,duracloud,3,1.3862943611198906
DURACLOUD-514,duracloud,3,1.3862943611198906
DURACLOUD-515,duracloud,2,1.0986122886681098
DURACLOUD-516,duracloud,2,1.0986122886681098
DURACLOUD-517,duracloud,1,0.6931471805599453
DURACLOUD-518,duracloud,1,0.6931471805599453
DURACLOUD-519,duracloud,1,0.6931471805599453
DURACLOUD-520,duracloud,3,1.3862943611198906
DURACLOUD-521,duracloud,1,0.6931471805599453
DURACLOUD-522,duracloud,3,1.3862943611198906
DURACLOUD-523,duracloud,3,1.3862943611198906
DURACLOUD-525,duracloud,4,1.6094379124341003
DURACLOUD-526,duracloud,2,1.0986122886681098
DURACLOUD-527,duracloud,3,1.3862943611198906
DURACLOUD-528,duracloud,5,1.791759469228055
DURACLOUD-532,duracloud,5,1.791759469228055
DURACLOUD-533,duracloud,5,1.791759469228055
DURACLOUD-534,duracloud,8,2.1972245773362196
DURACLOUD-537,duracloud,5,1.791759469228055
DURACLOUD-541,duracloud,1,0.6931471805599453
DURACLOUD-542,duracloud,3,1.3862943611198906
DURACLOUD-544,duracloud,1,0.6931471805599453
DURACLOUD-545,duracloud,5,1.791759469228055
DURACLOUD-546,duracloud,2,1.0986122886681098
DURACLOUD-547,duracloud,1,0.6931471805599453
DURACLOUD-548,duracloud,3,1.3862943611198906
DURACLOUD-549,duracloud,3,1.3862943611198906
DURACLOUD-550,duracloud,2,1.0986122886681098
DURACLOUD-551,duracloud,1,0.6931471805599453
DURACLOUD-553,duracloud,1,0.6931471805599453
DURACLOUD-554,duracloud,2,1.0986122886681098
DURACLOUD-555,duracloud,2,1.0986122886681098
DURACLOUD-556,duracloud,1,0.6931471805599453
DURACLOUD-557,duracloud,1,0.6931471805599453
DURACLOUD-558,duracloud,4,1.6094379124341003
DURACLOUD-560,duracloud,1,0.6931471805599453
DURACLOUD-561,duracloud,1,0.6931471805599453
DURACLOUD-563,duracloud,3,1.3862943611198906
DURACLOUD-565,duracloud,1,0.6931471805599453
DURACLOUD-566,duracloud,2,1.0986122886681098
DURACLOUD-567,duracloud,1,0.6931471805599453
DURACLOUD-568,duracloud,2,1.0986122886681098
DURACLOUD-569,duracloud,1,0.6931471805599453
DURACLOUD-570,duracloud,2,1.0986122886681098
DURACLOUD-573,duracloud,1,0.6931471805599453
DURACLOUD-574,duracloud,2,1.0986122886681098
DURACLOUD-575,duracloud,1,0.6931471805599453
DURACLOUD-577,duracloud,1,0.6931471805599453
DURACLOUD-578,duracloud,1,0.6931471805599453
DURACLOUD-579,duracloud,1,0.6931471805599453
DURACLOUD-581,duracloud,1,0.6931471805599453
DURACLOUD-582,duracloud,2,1.0986122886681098
DURACLOUD-583,duracloud,1,0.6931471805599453
DURACLOUD-584,duracloud,2,1.0986122886681098
DURACLOUD-585,duracloud,2,1.0986122886681098
DURACLOUD-586,duracloud,1,0.6931471805599453
DURACLOUD-587,duracloud,1,0.6931471805599453
DURACLOUD-588,duracloud,3,1.3862943611198906
DURACLOUD-589,duracloud,1,0.6931471805599453
DURACLOUD-590,duracloud,2,1.0986122886681098
DURACLOUD-591,duracloud,1,0.6931471805599453
DURACLOUD-592,duracloud,1,0.6931471805599453
DURACLOUD-593,duracloud,1,0.6931471805599453
DURACLOUD-594,duracloud,5,1.791759469228055
DURACLOUD-598,duracloud,1,0.6931471805599453
DURACLOUD-599,duracloud,1,0.6931471805599453
DURACLOUD-600,duracloud,1,0.6931471805599453
DURACLOUD-602,duracloud,1,0.6931471805599453
DURACLOUD-603,duracloud,1,0.6931471805599453
DURACLOUD-604,duracloud,1,0.6931471805599453
DURACLOUD-605,duracloud,1,0.6931471805599453
DURACLOUD-608,duracloud,1,0.6931471805599453
DURACLOUD-611,duracloud,1,0.6931471805599453
DURACLOUD-612,duracloud,1,0.6931471805599453
DURACLOUD-615,duracloud,3,1.3862943611198906
DURACLOUD-616,duracloud,1,0.6931471805599453
DURACLOUD-617,duracloud,1,0.6931471805599453
DURACLOUD-618,duracloud,1,0.6931471805599453
DURACLOUD-619,duracloud,1,0.6931471805599453
DURACLOUD-620,duracloud,5,1.791759469228055
DURACLOUD-621,duracloud,2,1.0986122886681098
DURACLOUD-622,duracloud,1,0.6931471805599453
DURACLOUD-624,duracloud,1,0.6931471805599453
DURACLOUD-626,duracloud,1,0.6931471805599453
DURACLOUD-627,duracloud,2,1.0986122886681098
DURACLOUD-628,duracloud,1,0.6931471805599453
DURACLOUD-629,duracloud,1,0.6931471805599453
DURACLOUD-630,duracloud,2,1.0986122886681098
DURACLOUD-633,duracloud,2,1.0986122886681098
DURACLOUD-634,duracloud,1,0.6931471805599453
DURACLOUD-635,duracloud,2,1.0986122886681098
DURACLOUD-636,duracloud,1,0.6931471805599453
DURACLOUD-637,duracloud,1,0.6931471805599453
DURACLOUD-638,duracloud,1,0.6931471805599453
DURACLOUD-639,duracloud,1,0.6931471805599453
DURACLOUD-640,duracloud,2,1.0986122886681098
DURACLOUD-643,duracloud,3,1.3862943611198906
DURACLOUD-644,duracloud,10,2.3978952727983707
DURACLOUD-646,duracloud,1,0.6931471805599453
DURACLOUD-647,duracloud,1,0.6931471805599453
DURACLOUD-648,duracloud,1,0.6931471805599453
DURACLOUD-650,duracloud,1,0.6931471805599453
DURACLOUD-652,duracloud,1,0.6931471805599453
DURACLOUD-653,duracloud,2,1.0986122886681098
DURACLOUD-655,duracloud,1,0.6931471805599453
DURACLOUD-656,duracloud,1,0.6931471805599453
DURACLOUD-657,duracloud,1,0.6931471805599453
DURACLOUD-658,duracloud,1,0.6931471805599453
DURACLOUD-660,duracloud,1,0.6931471805599453
DURACLOUD-663,duracloud,2,1.0986122886681098
DURACLOUD-665,duracloud,1,0.6931471805599453
DURACLOUD-666,duracloud,2,1.0986122886681098
DURACLOUD-667,duracloud,1,0.6931471805599453
DURACLOUD-668,duracloud,1,0.6931471805599453
DURACLOUD-669,duracloud,1,0.6931471805599453
DURACLOUD-672,duracloud,2,1.0986122886681098
DURACLOUD-673,duracloud,3,1.3862943611198906
DURACLOUD-674,duracloud,3,1.3862943611198906
DURACLOUD-675,duracloud,5,1.791759469228055
DURACLOUD-676,duracloud,2,1.0986122886681098
DURACLOUD-678,duracloud,1,0.6931471805599453
DURACLOUD-680,duracloud,1,0.6931471805599453
DURACLOUD-685,duracloud,1,0.6931471805599453
DURACLOUD-686,duracloud,1,0.6931471805599453
DURACLOUD-688,duracloud,1,0.6931471805599453
DURACLOUD-689,duracloud,1,0.6931471805599453
DURACLOUD-694,duracloud,1,0.6931471805599453
DURACLOUD-695,duracloud,1,0.6931471805599453
DURACLOUD-696,duracloud,1,0.6931471805599453
DURACLOUD-697,duracloud,2,1.0986122886681098
DURACLOUD-698,duracloud,1,0.6931471805599453
DURACLOUD-701,duracloud,1,0.6931471805599453
DURACLOUD-702,duracloud,1,0.6931471805599453
DURACLOUD-703,duracloud,1,0.6931471805599453
DURACLOUD-704,duracloud,1,0.6931471805599453
DURACLOUD-706,duracloud,1,0.6931471805599453
DURACLOUD-707,duracloud,3,1.3862943611198906
DURACLOUD-708,duracloud,1,0.6931471805599453
DURACLOUD-710,duracloud,1,0.6931471805599453
DURACLOUD-712,duracloud,2,1.0986122886681098
DURACLOUD-714,duracloud,1,0.6931471805599453
DURACLOUD-715,duracloud,1,0.6931471805599453
DURACLOUD-716,duracloud,3,1.3862943611198906
DURACLOUD-717,duracloud,2,1.0986122886681098
DURACLOUD-720,duracloud,1,0.6931471805599453
DURACLOUD-721,duracloud,1,0.6931471805599453
DURACLOUD-723,duracloud,3,1.3862943611198906
DURACLOUD-724,duracloud,1,0.6931471805599453
DURACLOUD-725,duracloud,1,0.6931471805599453
DURACLOUD-726,duracloud,1,0.6931471805599453
DURACLOUD-727,duracloud,2,1.0986122886681098
DURACLOUD-728,duracloud,1,0.6931471805599453
DURACLOUD-729,duracloud,2,1.0986122886681098
DURACLOUD-730,duracloud,2,1.0986122886681098
DURACLOUD-731,duracloud,2,1.0986122886681098
DURACLOUD-732,duracloud,5,1.791759469228055
DURACLOUD-733,duracloud,2,1.0986122886681098
DURACLOUD-734,duracloud,2,1.0986122886681098
DURACLOUD-735,duracloud,2,1.0986122886681098
DURACLOUD-736,duracloud,1,0.6931471805599453
DURACLOUD-737,duracloud,3,1.3862943611198906
DURACLOUD-738,duracloud,3,1.3862943611198906
DURACLOUD-739,duracloud,2,1.0986122886681098
DURACLOUD-741,duracloud,1,0.6931471805599453
DURACLOUD-742,duracloud,2,1.0986122886681098
DURACLOUD-743,duracloud,1,0.6931471805599453
DURACLOUD-745,duracloud,1,0.6931471805599453
DURACLOUD-746,duracloud,2,1.0986122886681098
DURACLOUD-747,duracloud,2,1.0986122886681098
DURACLOUD-748,duracloud,5,1.791759469228055
DURACLOUD-751,duracloud,1,0.6931471805599453
DURACLOUD-752,duracloud,1,0.6931471805599453
DURACLOUD-754,duracloud,6,1.9459101490553132
DURACLOUD-755,duracloud,2,1.0986122886681098
DURACLOUD-756,duracloud,1,0.6931471805599453
DURACLOUD-757,duracloud,1,0.6931471805599453
DURACLOUD-758,duracloud,2,1.0986122886681098
DURACLOUD-759,duracloud,1,0.6931471805599453
DURACLOUD-760,duracloud,2,1.0986122886681098
DURACLOUD-761,duracloud,2,1.0986122886681098
DURACLOUD-763,duracloud,1,0.6931471805599453
DURACLOUD-764,duracloud,2,1.0986122886681098
DURACLOUD-766,duracloud,2,1.0986122886681098
DURACLOUD-767,duracloud,6,1.9459101490553132
DURACLOUD-768,duracloud,1,0.6931471805599453
DURACLOUD-769,duracloud,1,0.6931471805599453
DURACLOUD-771,duracloud,2,1.0986122886681098
DURACLOUD-772,duracloud,2,1.0986122886681098
DURACLOUD-773,duracloud,3,1.3862943611198906
DURACLOUD-774,duracloud,4,1.6094379124341003
DURACLOUD-775,duracloud,2,1.0986122886681098
DURACLOUD-776,duracloud,2,1.0986122886681098
DURACLOUD-778,duracloud,1,0.6931471805599453
DURACLOUD-780,duracloud,1,0.6931471805599453
DURACLOUD-781,duracloud,2,1.0986122886681098
DURACLOUD-784,duracloud,1,0.6931471805599453
DURACLOUD-786,duracloud,2,1.0986122886681098
DURACLOUD-787,duracloud,1,0.6931471805599453
DURACLOUD-788,duracloud,2,1.0986122886681098
DURACLOUD-790,duracloud,2,1.0986122886681098
DURACLOUD-794,duracloud,1,0.6931471805599453
DURACLOUD-796,duracloud,2,1.0986122886681098
DURACLOUD-798,duracloud,2,1.0986122886681098
DURACLOUD-800,duracloud,1,0.6931471805599453
DURACLOUD-801,duracloud,1,0.6931471805599453
DURACLOUD-802,duracloud,1,0.6931471805599453
DURACLOUD-803,duracloud,1,0.6931471805599453
DURACLOUD-804,duracloud,5,1.791759469228055
DURACLOUD-805,duracloud,1,0.6931471805599453
DURACLOUD-806,duracloud,3,1.3862943611198906
DURACLOUD-808,duracloud,3,1.3862943611198906
DURACLOUD-809,duracloud,1,0.6931471805599453
DURACLOUD-810,duracloud,1,0.6931471805599453
DURACLOUD-811,duracloud,1,0.6931471805599453
DURACLOUD-813,duracloud,3,1.3862943611198906
DURACLOUD-823,duracloud,4,1.6094379124341003
JSW-1271,jirasoftware,5,1.791759469228055
GHS-1271,jirasoftware,5,1.791759469228055
JSW-1681,jirasoftware,5,1.791759469228055
GHS-1681,jirasoftware,5,1.791759469228055
JSW-1819,jirasoftware,2,1.0986122886681098
GHS-1819,jirasoftware,2,1.0986122886681098
JSW-1882,jirasoftware,20,3.044522437723423
GHS-1882,jirasoftware,20,3.044522437723423
JSW-2047,jirasoftware,5,1.791759469228055
GHS-2047,jirasoftware,5,1.791759469228055
JSW-2478,jirasoftware,13,2.6390573296152584
GHS-2478,jirasoftware,13,2.6390573296152584
JSW-2785,jirasoftware,13,2.6390573296152584
GHS-2863,jirasoftware,3,1.3862943611198906
JSW-2863,jirasoftware,3,1.3862943611198906
JSW-2881,jirasoftware,2,1.0986122886681098
GHS-2881,jirasoftware,2,1.0986122886681098
GHS-2882,jirasoftware,5,1.791759469228055
JSW-2882,jirasoftware,5,1.791759469228055
GHS-2912,jirasoftware,8,2.1972245773362196
JSW-2912,jirasoftware,8,2.1972245773362196
GHS-2915,jirasoftware,2,1.0986122886681098
JSW-2915,jirasoftware,2,1.0986122886681098
GHS-2919,jirasoftware,5,1.791759469228055
JSW-2919,jirasoftware,5,1.791759469228055
GHS-2923,jirasoftware,2,1.0986122886681098
JSW-2923,jirasoftware,2,1.0986122886681098
GHS-2987,jirasoftware,8,2.1972245773362196
JSW-2987,jirasoftware,8,2.1972245773362196
GHS-2989,jirasoftware,2,1.0986122886681098
JSW-2989,jirasoftware,2,1.0986122886681098
GHS-2994,jirasoftware,3,1.3862943611198906
JSW-2994,jirasoftware,3,1.3862943611198906
GHS-2998,jirasoftware,5,1.791759469228055
JSW-2998,jirasoftware,5,1.791759469228055
GHS-3003,jirasoftware,5,1.791759469228055
JSW-3003,jirasoftware,5,1.791759469228055
GHS-3006,jirasoftware,5,1.791759469228055
JSW-3006,jirasoftware,5,1.791759469228055
GHS-3011,jirasoftware,5,1.791759469228055
JSW-3011,jirasoftware,5,1.791759469228055
GHS-3017,jirasoftware,5,1.791759469228055
JSW-3017,jirasoftware,5,1.791759469228055
GHS-3020,jirasoftware,2,1.0986122886681098
JSW-3020,jirasoftware,2,1.0986122886681098
GHS-3029,jirasoftware,8,2.1972245773362196
JSW-3029,jirasoftware,8,2.1972245773362196
GHS-3030,jirasoftware,5,1.791759469228055
JSW-3030,jirasoftware,5,1.791759469228055
GHS-3050,jirasoftware,5,1.791759469228055
JSW-3050,jirasoftware,5,1.791759469228055
GHS-3065,jirasoftware,8,2.1972245773362196
JSW-3065,jirasoftware,8,2.1972245773362196
GHS-3066,jirasoftware,5,1.791759469228055
JSW-3066,jirasoftware,5,1.791759469228055
GHS-3070,jirasoftware,1,0.6931471805599453
JSW-3070,jirasoftware,1,0.6931471805599453
GHS-3093,jirasoftware,8,2.1972245773362196
JSW-3093,jirasoftware,8,2.1972245773362196
GHS-3097,jirasoftware,3,1.3862943611198906
JSW-3097,jirasoftware,3,1.3862943611198906
GHS-3099,jirasoftware,3,1.3862943611198906
JSW-3099,jirasoftware,3,1.3862943611198906
GHS-3104,jirasoftware,3,1.3862943611198906
JSW-3104,jirasoftware,3,1.3862943611198906
GHS-3106,jirasoftware,1,0.6931471805599453
JSW-3106,jirasoftware,1,0.6931471805599453
GHS-3107,jirasoftware,2,1.0986122886681098
JSW-3107,jirasoftware,2,1.0986122886681098
GHS-3108,jirasoftware,1,0.6931471805599453
JSW-3108,jirasoftware,1,0.6931471805599453
GHS-3110,jirasoftware,3,1.3862943611198906
JSW-3110,jirasoftware,3,1.3862943611198906
GHS-3132,jirasoftware,3,1.3862943611198906
JSW-3132,jirasoftware,3,1.3862943611198906
GHS-3146,jirasoftware,5,1.791759469228055
JSW-3146,jirasoftware,5,1.791759469228055
GHS-3161,jirasoftware,1,0.6931471805599453
JSW-3161,jirasoftware,1,0.6931471805599453
JSW-3772,jirasoftware,2,1.0986122886681098
JSW-3993,jirasoftware,2,1.0986122886681098
GHS-4171,jirasoftware,2,1.0986122886681098
JSW-4171,jirasoftware,2,1.0986122886681098
JSW-4478,jirasoftware,2,1.0986122886681098
JSW-4503,jirasoftware,8,2.1972245773362196
GHS-4520,jirasoftware,1,0.6931471805599453
JSW-4520,jirasoftware,1,0.6931471805599453
GHS-4521,jirasoftware,1,0.6931471805599453
JSW-4521,jirasoftware,1,0.6931471805599453
JSW-4547,jirasoftware,2,1.0986122886681098
JSW-4559,jirasoftware,2,1.0986122886681098
GHS-4633,jirasoftware,3,1.3862943611198906
JSW-4633,jirasoftware,3,1.3862943611198906
JSW-4655,jirasoftware,8,2.1972245773362196
JSW-4657,jirasoftware,8,2.1972245773362196
GHS-4657,jirasoftware,8,2.1972245773362196
JSW-4659,jirasoftware,2,1.0986122886681098
JSW-4662,jirasoftware,5,1.791759469228055
GHS-4679,jirasoftware,2,1.0986122886681098
JSW-4679,jirasoftware,2,1.0986122886681098
GHS-4710,jirasoftware,5,1.791759469228055
JSW-4710,jirasoftware,5,1.791759469228055
JSW-4711,jirasoftware,2,1.0986122886681098
JSW-4734,jirasoftware,5,1.791759469228055
JSW-4765,jirasoftware,8,2.1972245773362196
JSW-4766,jirasoftware,8,2.1972245773362196
JSW-4767,jirasoftware,8,2.1972245773362196
JSW-4768,jirasoftware,13,2.6390573296152584
JSW-4772,jirasoftware,13,2.6390573296152584
JSW-4773,jirasoftware,5,1.791759469228055
GHS-4774,jirasoftware,13,2.6390573296152584
JSW-4774,jirasoftware,13,2.6390573296152584
JSW-4775,jirasoftware,20,3.044522437723423
JSW-4776,jirasoftware,13,2.6390573296152584
JSW-4792,jirasoftware,2,1.0986122886681098
JSW-4794,jirasoftware,2,1.0986122886681098
JSW-4812,jirasoftware,8,2.1972245773362196
JSW-4813,jirasoftware,5,1.791759469228055
JSW-4862,jirasoftware,5,1.791759469228055
JSW-4863,jirasoftware,20,3.044522437723423
JSW-4864,jirasoftware,1,0.6931471805599453
JSW-4877,jirasoftware,5,1.791759469228055
JSW-4888,jirasoftware,8,2.1972245773362196
JSW-4906,jirasoftware,2,1.0986122886681098
JSW-4910,jirasoftware,8,2.1972245773362196
JSW-4911,jirasoftware,5,1.791759469228055
JSW-4913,jirasoftware,20,3.044522437723423
JSW-4914,jirasoftware,8,2.1972245773362196
JSW-4915,jirasoftware,13,2.6390573296152584
JSW-4916,jirasoftware,8,2.1972245773362196
JSW-4919,jirasoftware,13,2.6390573296152584
JSW-4920,jirasoftware,5,1.791759469228055
GHS-4922,jirasoftware,8,2.1972245773362196
JSW-4922,jirasoftware,8,2.1972245773362196
JSW-4966,jirasoftware,5,1.791759469228055
JSW-4967,jirasoftware,3,1.3862943611198906
JSW-4970,jirasoftware,3,1.3862943611198906
JSW-4971,jirasoftware,8,2.1972245773362196
JSW-4972,jirasoftware,20,3.044522437723423
JSW-5004,jirasoftware,3,1.3862943611198906
JSW-5011,jirasoftware,1,0.6931471805599453
JSW-5039,jirasoftware,1,0.6931471805599453
GHS-5069,jirasoftware,8,2.1972245773362196
JSW-5069,jirasoftware,8,2.1972245773362196
JSW-5072,jirasoftware,5,1.791759469228055
JSW-5077,jirasoftware,3,1.3862943611198906
JSW-5085,jirasoftware,8,2.1972245773362196
JSW-5087,jirasoftware,5,1.791759469228055
JSW-5089,jirasoftware,5,1.791759469228055
JSW-5090,jirasoftware,2,1.0986122886681098
GHS-5094,jirasoftware,8,2.1972245773362196
JSW-5094,jirasoftware,8,2.1972245773362196
JSW-5106,jirasoftware,3,1.3862943611198906
JSW-5107,jirasoftware,5,1.791759469228055
JSW-5115,jirasoftware,8,2.1972245773362196
JSW-5118,jirasoftware,2,1.0986122886681098
GHS-5153,jirasoftware,13,2.6390573296152584
JSW-5153,jirasoftware,13,2.6390573296152584
JSW-5193,jirasoftware,2,1.0986122886681098
JSW-5194,jirasoftware,2,1.0986122886681098
JSW-5195,jirasoftware,2,1.0986122886681098
JSW-5214,jirasoftware,3,1.3862943611198906
JSW-5215,jirasoftware,2,1.0986122886681098
JSW-5216,jirasoftware,2,1.0986122886681098
JSW-5218,jirasoftware,8,2.1972245773362196
GHS-5219,jirasoftware,5,1.791759469228055
JSW-5219,jirasoftware,5,1.791759469228055
JSW-5255,jirasoftware,3,1.3862943611198906
JSW-5268,jirasoftware,5,1.791759469228055
JSW-5289,jirasoftware,1,0.6931471805599453
JSW-5329,jirasoftware,1,0.6931471805599453
JSW-5330,jirasoftware,3,1.3862943611198906
JSW-5341,jirasoftware,3,1.3862943611198906
JSW-5348,jirasoftware,5,1.791759469228055
JSW-5413,jirasoftware,2,1.0986122886681098
JSW-5418,jirasoftware,2,1.0986122886681098
JSW-5542,jirasoftware,3,1.3862943611198906
JSW-5543,jirasoftware,5,1.791759469228055
JSW-5544,jirasoftware,5,1.791759469228055
JSW-5545,jirasoftware,5,1.791759469228055
JSW-5546,jirasoftware,3,1.3862943611198906
GHS-5546,jirasoftware,3,1.3862943611198906
JSW-5567,jirasoftware,1,0.6931471805599453
JSW-5568,jirasoftware,8,2.1972245773362196
JSW-5569,jirasoftware,8,2.1972245773362196
GHS-5569,jirasoftware,8,2.1972245773362196
JSW-5583,jirasoftware,8,2.1972245773362196
JSW-5603,jirasoftware,3,1.3862943611198906
JSW-5616,jirasoftware,2,1.0986122886681098
JSW-5619,jirasoftware,2,1.0986122886681098
JSW-5660,jirasoftware,1,0.6931471805599453
GHS-5686,jirasoftware,5,1.791759469228055
JSW-5686,jirasoftware,5,1.791759469228055
GHS-5690,jirasoftware,5,1.791759469228055
JSW-5690,jirasoftware,5,1.791759469228055
JSW-5691,jirasoftware,3,1.3862943611198906
JSW-5703,jirasoftware,1,0.6931471805599453
JSW-5735,jirasoftware,13,2.6390573296152584
JSW-5737,jirasoftware,5,1.791759469228055
JSW-5771,jirasoftware,1,0.6931471805599453
JSW-5773,jirasoftware,1,0.6931471805599453
JSW-5831,jirasoftware,5,1.791759469228055
JSW-5832,jirasoftware,3,1.3862943611198906
JSW-5833,jirasoftware,2,1.0986122886681098
JSW-5834,jirasoftware,3,1.3862943611198906
JSW-5835,jirasoftware,5,1.791759469228055
JSW-5841,jirasoftware,1,0.6931471805599453
JSW-5843,jirasoftware,3,1.3862943611198906
JSW-5875,jirasoftware,3,1.3862943611198906
JSW-5877,jirasoftware,8,2.1972245773362196
JSW-5927,jirasoftware,3,1.3862943611198906
JSW-5941,jirasoftware,5,1.791759469228055
JSW-5945,jirasoftware,3,1.3862943611198906
JSW-5994,jirasoftware,2,1.0986122886681098
JSW-6011,jirasoftware,1,0.6931471805599453
GHS-6020,jirasoftware,5,1.791759469228055
JSW-6020,jirasoftware,5,1.791759469228055
JSW-6037,jirasoftware,3,1.3862943611198906
JSW-6073,jirasoftware,1,0.6931471805599453
JSW-6077,jirasoftware,3,1.3862943611198906
JSW-6078,jirasoftware,2,1.0986122886681098
JSW-6079,jirasoftware,2,1.0986122886681098
JSW-6080,jirasoftware,1,0.6931471805599453
JSW-6081,jirasoftware,2,1.0986122886681098
JSW-6082,jirasoftware,1,0.6931471805599453
JSW-6083,jirasoftware,2,1.0986122886681098
JSW-6084,jirasoftware,3,1.3862943611198906
JSW-6085,jirasoftware,2,1.0986122886681098
JSW-6086,jirasoftware,3,1.3862943611198906
JSW-6087,jirasoftware,2,1.0986122886681098
JSW-6090,jirasoftware,5,1.791759469228055
JSW-6091,jirasoftware,1,0.6931471805599453
JSW-6110,jirasoftware,2,1.0986122886681098
JSW-6128,jirasoftware,8,2.1972245773362196
JSW-6152,jirasoftware,3,1.3862943611198906
JSW-6212,jirasoftware,3,1.3862943611198906
JSW-6232,jirasoftware,5,1.791759469228055
JSW-6237,jirasoftware,1,0.6931471805599453
JSW-6294,jirasoftware,5,1.791759469228055
JSW-6308,jirasoftware,1,0.6931471805599453
JSW-6312,jirasoftware,8,2.1972245773362196
JSW-6313,jirasoftware,5,1.791759469228055
JSW-6339,jirasoftware,5,1.791759469228055
JSW-6346,jirasoftware,3,1.3862943611198906
JSW-6355,jirasoftware,2,1.0986122886681098
JSW-6356,jirasoftware,2,1.0986122886681098
JSW-6370,jirasoftware,3,1.3862943611198906
JSW-6372,jirasoftware,3,1.3862943611198906
JSW-6377,jirasoftware,1,0.6931471805599453
JSW-6389,jirasoftware,1,0.6931471805599453
JSW-6391,jirasoftware,5,1.791759469228055
GHS-6391,jirasoftware,5,1.791759469228055
JSW-6392,jirasoftware,8,2.1972245773362196
JSW-6404,jirasoftware,2,1.0986122886681098
GHS-6404,jirasoftware,2,1.0986122886681098
JSW-6406,jirasoftware,3,1.3862943611198906
JSW-6432,jirasoftware,3,1.3862943611198906
JSW-6433,jirasoftware,2,1.0986122886681098
JSW-6446,jirasoftware,1,0.6931471805599453
JSW-6462,jirasoftware,5,1.791759469228055
GHS-6462,jirasoftware,5,1.791759469228055
JSW-6463,jirasoftware,2,1.0986122886681098
JSW-6466,jirasoftware,3,1.3862943611198906
JSW-6467,jirasoftware,5,1.791759469228055
JSW-6522,jirasoftware,2,1.0986122886681098
JSW-6537,jirasoftware,5,1.791759469228055
JSW-6538,jirasoftware,1,0.6931471805599453
JSW-6539,jirasoftware,5,1.791759469228055
JSW-6594,jirasoftware,5,1.791759469228055
JSW-6615,jirasoftware,5,1.791759469228055
JSW-6616,jirasoftware,3,1.3862943611198906
JSW-6629,jirasoftware,3,1.3862943611198906
JSW-6636,jirasoftware,3,1.3862943611198906
JSW-6665,jirasoftware,2,1.0986122886681098
JSW-6666,jirasoftware,1,0.6931471805599453
JSW-6709,jirasoftware,1,0.6931471805599453
JSW-6828,jirasoftware,8,2.1972245773362196
JSW-6905,jirasoftware,2,1.0986122886681098
JSW-6992,jirasoftware,1,0.6931471805599453
GHS-6992,jirasoftware,1,0.6931471805599453
JSW-7043,jirasoftware,5,1.791759469228055
MESOS-313,mesos,2,1.0986122886681098
MESOS-336,mesos,5,1.791759469228055
MESOS-343,mesos,8,2.1972245773362196
MESOS-487,mesos,1,0.6931471805599453
MESOS-598,mesos,1,0.6931471805599453
MESOS-708,mesos,2,1.0986122886681098
MESOS-723,mesos,2,1.0986122886681098
MESOS-752,mesos,1,0.6931471805599453
MESOS-786,mesos,3,1.3862943611198906
MESOS-830,mesos,8,2.1972245773362196
MESOS-920,mesos,2,1.0986122886681098
MESOS-934,mesos,1,0.6931471805599453
MESOS-976,mesos,1,0.6931471805599453
MESOS-988,mesos,3,1.3862943611198906
MESOS-998,mesos,5,1.791759469228055
MESOS-999,mesos,3,1.3862943611198906
MESOS-1010,mesos,3,1.3862943611198906
MESOS-1013,mesos,2,1.0986122886681098
MESOS-1081,mesos,1,0.6931471805599453
MESOS-1114,mesos,8,2.1972245773362196
MESOS-1119,mesos,2,1.0986122886681098
MESOS-1120,mesos,3,1.3862943611198906
MESOS-1127,mesos,8,2.1972245773362196
MESOS-1143,mesos,2,1.0986122886681098
MESOS-1148,mesos,3,1.3862943611198906
MESOS-1195,mesos,3,1.3862943611198906
MESOS-1199,mesos,1,0.6931471805599453
MESOS-1219,mesos,2,1.0986122886681098
MESOS-1236,mesos,2,1.0986122886681098
MESOS-1237,mesos,2,1.0986122886681098
MESOS-1303,mesos,1,0.6931471805599453
MESOS-1307,mesos,8,2.1972245773362196
MESOS-1316,mesos,2,1.0986122886681098
MESOS-1332,mesos,3,1.3862943611198906
MESOS-1339,mesos,3,1.3862943611198906
MESOS-1344,mesos,2,1.0986122886681098
MESOS-1347,mesos,2,1.0986122886681098
MESOS-1358,mesos,1,0.6931471805599453
MESOS-1365,mesos,1,0.6931471805599453
MESOS-1371,mesos,1,0.6931471805599453
MESOS-1373,mesos,3,1.3862943611198906
MESOS-1374,mesos,5,1.791759469228055
MESOS-1392,mesos,3,1.3862943611198906
MESOS-1393,mesos,3,1.3862943611198906
MESOS-1394,mesos,3,1.3862943611198906
MESOS-1395,mesos,2,1.0986122886681098
MESOS-1396,mesos,2,1.0986122886681098
MESOS-1397,mesos,8,2.1972245773362196
MESOS-1398,mesos,1,0.6931471805599453
MESOS-1410,mesos,5,1.791759469228055
MESOS-1424,mesos,1,0.6931471805599453
MESOS-1425,mesos,1,0.6931471805599453
MESOS-1443,mesos,2,1.0986122886681098
MESOS-1444,mesos,5,1.791759469228055
MESOS-1445,mesos,3,1.3862943611198906
MESOS-1459,mesos,1,0.6931471805599453
MESOS-1466,mesos,8,2.1972245773362196
MESOS-1469,mesos,1,0.6931471805599453
MESOS-1471,mesos,5,1.791759469228055
MESOS-1472,mesos,1,0.6931471805599453
MESOS-1518,mesos,2,1.0986122886681098
MESOS-1527,mesos,3,1.3862943611198906
MESOS-1529,mesos,5,1.791759469228055
MESOS-1545,mesos,1,0.6931471805599453
MESOS-1559,mesos,5,1.791759469228055
MESOS-1567,mesos,1,0.6931471805599453
MESOS-1571,mesos,2,1.0986122886681098
MESOS-1578,mesos,5,1.791759469228055
MESOS-1586,mesos,3,1.3862943611198906
MESOS-1587,mesos,5,1.791759469228055
MESOS-1590,mesos,1,0.6931471805599453
MESOS-1592,mesos,5,1.791759469228055
MESOS-1594,mesos,1,0.6931471805599453
MESOS-1605,mesos,3,1.3862943611198906
MESOS-1615,mesos,8,2.1972245773362196
MESOS-1620,mesos,3,1.3862943611198906
MESOS-1624,mesos,1,0.6931471805599453
MESOS-1627,mesos,2,1.0986122886681098
MESOS-1629,mesos,2,1.0986122886681098
MESOS-1645,mesos,5,1.791759469228055
MESOS-1649,mesos,3,1.3862943611198906
MESOS-1664,mesos,3,1.3862943611198906
MESOS-1666,mesos,1,0.6931471805599453
MESOS-1668,mesos,2,1.0986122886681098
MESOS-1671,mesos,2,1.0986122886681098
MESOS-1672,mesos,2,1.0986122886681098
MESOS-1673,mesos,1,0.6931471805599453
MESOS-1674,mesos,3,1.3862943611198906
MESOS-1676,mesos,1,0.6931471805599453
MESOS-1677,mesos,2,1.0986122886681098
MESOS-1683,mesos,2,1.0986122886681098
MESOS-1690,mesos,3,1.3862943611198906
MESOS-1694,mesos,1,0.6931471805599453
MESOS-1695,mesos,1,0.6931471805599453
MESOS-1696,mesos,3,1.3862943611198906
MESOS-1698,mesos,2,1.0986122886681098
MESOS-1702,mesos,2,1.0986122886681098
MESOS-1703,mesos,1,0.6931471805599453
MESOS-1705,mesos,2,1.0986122886681098
MESOS-1712,mesos,2,1.0986122886681098
MESOS-1715,mesos,3,1.3862943611198906
MESOS-1717,mesos,1,0.6931471805599453
MESOS-1718,mesos,3,1.3862943611198906
MESOS-1727,mesos,2,1.0986122886681098
MESOS-1728,mesos,1,0.6931471805599453
MESOS-1733,mesos,5,1.791759469228055
MESOS-1739,mesos,3,1.3862943611198906
MESOS-1748,mesos,1,0.6931471805599453
MESOS-1749,mesos,2,1.0986122886681098
MESOS-1751,mesos,5,1.791759469228055
MESOS-1752,mesos,1,0.6931471805599453
MESOS-1758,mesos,2,1.0986122886681098
MESOS-1760,mesos,1,0.6931471805599453
MESOS-1765,mesos,5,1.791759469228055
MESOS-1766,mesos,2,1.0986122886681098
MESOS-1771,mesos,1,0.6931471805599453
MESOS-1777,mesos,13,2.6390573296152584
MESOS-1778,mesos,3,1.3862943611198906
MESOS-1782,mesos,1,0.6931471805599453
MESOS-1784,mesos,3,1.3862943611198906
MESOS-1790,mesos,2,1.0986122886681098
MESOS-1799,mesos,3,1.3862943611198906
MESOS-1807,mesos,3,1.3862943611198906
MESOS-1808,mesos,3,1.3862943611198906
MESOS-1811,mesos,3,1.3862943611198906
MESOS-1813,mesos,1,0.6931471805599453
MESOS-1814,mesos,2,1.0986122886681098
MESOS-1815,mesos,3,1.3862943611198906
MESOS-1817,mesos,2,1.0986122886681098
MESOS-1830,mesos,5,1.791759469228055
MESOS-1844,mesos,1,0.6931471805599453
MESOS-1853,mesos,3,1.3862943611198906
MESOS-1855,mesos,1,0.6931471805599453
MESOS-1856,mesos,2,1.0986122886681098
MESOS-1858,mesos,1,0.6931471805599453
MESOS-1862,mesos,3,1.3862943611198906
MESOS-1863,mesos,1,0.6931471805599453
MESOS-1865,mesos,3,1.3862943611198906
MESOS-1866,mesos,2,1.0986122886681098
MESOS-1869,mesos,1,0.6931471805599453
MESOS-1875,mesos,2,1.0986122886681098
MESOS-1901,mesos,2,1.0986122886681098
MESOS-1903,mesos,3,1.3862943611198906
MESOS-1913,mesos,13,2.6390573296152584
MESOS-1941,mesos,3,1.3862943611198906
MESOS-1943,mesos,2,1.0986122886681098
MESOS-1955,mesos,5,1.791759469228055
MESOS-1964,mesos,5,1.791759469228055
MESOS-1967,mesos,2,1.0986122886681098
MESOS-1969,mesos,1,0.6931471805599453
MESOS-1970,mesos,1,0.6931471805599453
MESOS-1972,mesos,3,1.3862943611198906
MESOS-1974,mesos,8,2.1972245773362196
MESOS-1984,mesos,1,0.6931471805599453
MESOS-1989,mesos,1,0.6931471805599453
MESOS-2007,mesos,2,1.0986122886681098
MESOS-2008,mesos,2,1.0986122886681098
MESOS-2017,mesos,5,1.791759469228055
MESOS-2029,mesos,5,1.791759469228055
MESOS-2030,mesos,3,1.3862943611198906
MESOS-2031,mesos,5,1.791759469228055
MESOS-2032,mesos,13,2.6390573296152584
MESOS-2033,mesos,1,0.6931471805599453
MESOS-2034,mesos,1,0.6931471805599453
MESOS-2035,mesos,5,1.791759469228055
MESOS-2043,mesos,5,1.791759469228055
MESOS-2044,mesos,40,3.713572066704308
MESOS-2051,mesos,2,1.0986122886681098
MESOS-2052,mesos,1,0.6931471805599453
MESOS-2055,mesos,1,0.6931471805599453
MESOS-2056,mesos,1,0.6931471805599453
MESOS-2057,mesos,8,2.1972245773362196
MESOS-2058,mesos,1,0.6931471805599453
MESOS-2061,mesos,3,1.3862943611198906
MESOS-2062,mesos,3,1.3862943611198906
MESOS-2063,mesos,5,1.791759469228055
MESOS-2064,mesos,5,1.791759469228055
MESOS-2065,mesos,5,1.791759469228055
MESOS-2066,mesos,3,1.3862943611198906
MESOS-2067,mesos,8,2.1972245773362196
MESOS-2069,mesos,8,2.1972245773362196
MESOS-2070,mesos,2,1.0986122886681098
MESOS-2072,mesos,8,2.1972245773362196
MESOS-2074,mesos,5,1.791759469228055
MESOS-2075,mesos,13,2.6390573296152584
MESOS-2076,mesos,13,2.6390573296152584
MESOS-2077,mesos,3,1.3862943611198906
MESOS-2078,mesos,3,1.3862943611198906
MESOS-2080,mesos,3,1.3862943611198906
MESOS-2081,mesos,8,2.1972245773362196
MESOS-2082,mesos,5,1.791759469228055
MESOS-2083,mesos,8,2.1972245773362196
MESOS-2085,mesos,13,2.6390573296152584
MESOS-2097,mesos,1,0.6931471805599453
MESOS-2098,mesos,3,1.3862943611198906
MESOS-2099,mesos,8,2.1972245773362196
MESOS-2100,mesos,8,2.1972245773362196
MESOS-2101,mesos,3,1.3862943611198906
MESOS-2103,mesos,2,1.0986122886681098
MESOS-2104,mesos,3,1.3862943611198906
MESOS-2108,mesos,1,0.6931471805599453
MESOS-2110,mesos,8,2.1972245773362196
MESOS-2119,mesos,5,1.791759469228055
MESOS-2123,mesos,2,1.0986122886681098
MESOS-2127,mesos,3,1.3862943611198906
MESOS-2128,mesos,2,1.0986122886681098
MESOS-2135,mesos,3,1.3862943611198906
MESOS-2136,mesos,5,1.791759469228055
MESOS-2139,mesos,5,1.791759469228055
MESOS-2144,mesos,8,2.1972245773362196
MESOS-2147,mesos,2,1.0986122886681098
MESOS-2157,mesos,5,1.791759469228055
MESOS-2166,mesos,1,0.6931471805599453
MESOS-2176,mesos,5,1.791759469228055
MESOS-2182,mesos,3,1.3862943611198906
MESOS-2184,mesos,1,0.6931471805599453
MESOS-2191,mesos,3,1.3862943611198906
MESOS-2199,mesos,2,1.0986122886681098
MESOS-2200,mesos,2,1.0986122886681098
MESOS-2201,mesos,3,1.3862943611198906
MESOS-2205,mesos,2,1.0986122886681098
MESOS-2210,mesos,2,1.0986122886681098
MESOS-2215,mesos,8,2.1972245773362196
MESOS-2222,mesos,3,1.3862943611198906
MESOS-2225,mesos,2,1.0986122886681098
MESOS-2226,mesos,3,1.3862943611198906
MESOS-2228,mesos,3,1.3862943611198906
MESOS-2230,mesos,3,1.3862943611198906
MESOS-2232,mesos,3,1.3862943611198906
MESOS-2233,mesos,5,1.791759469228055
MESOS-2241,mesos,1,0.6931471805599453
MESOS-2257,mesos,13,2.6390573296152584
MESOS-2273,mesos,1,0.6931471805599453
MESOS-2275,mesos,3,1.3862943611198906
MESOS-2279,mesos,2,1.0986122886681098
MESOS-2281,mesos,3,1.3862943611198906
MESOS-2283,mesos,1,0.6931471805599453
MESOS-2289,mesos,13,2.6390573296152584
MESOS-2290,mesos,3,1.3862943611198906
MESOS-2293,mesos,8,2.1972245773362196
MESOS-2294,mesos,8,2.1972245773362196
MESOS-2295,mesos,8,2.1972245773362196
MESOS-2296,mesos,8,2.1972245773362196
MESOS-2297,mesos,1,0.6931471805599453
MESOS-2298,mesos,5,1.791759469228055
MESOS-2302,mesos,1,0.6931471805599453
MESOS-2305,mesos,3,1.3862943611198906
MESOS-2306,mesos,1,0.6931471805599453
MESOS-2309,mesos,3,1.3862943611198906
MESOS-2314,mesos,2,1.0986122886681098
MESOS-2315,mesos,2,1.0986122886681098
MESOS-2317,mesos,3,1.3862943611198906
MESOS-2319,mesos,2,1.0986122886681098
MESOS-2324,mesos,1,0.6931471805599453
MESOS-2332,mesos,5,1.791759469228055
MESOS-2335,mesos,1,0.6931471805599453
MESOS-2337,mesos,2,1.0986122886681098
MESOS-2340,mesos,5,1.791759469228055
MESOS-2347,mesos,8,2.1972245773362196
MESOS-2349,mesos,5,1.791759469228055
MESOS-2350,mesos,5,1.791759469228055
MESOS-2353,mesos,5,1.791759469228055
MESOS-2366,mesos,1,0.6931471805599453
MESOS-2367,mesos,5,1.791759469228055
MESOS-2372,mesos,2,1.0986122886681098
MESOS-2373,mesos,2,1.0986122886681098
MESOS-2382,mesos,1,0.6931471805599453
MESOS-2387,mesos,1,0.6931471805599453
MESOS-2388,mesos,2,1.0986122886681098
MESOS-2391,mesos,2,1.0986122886681098
MESOS-2392,mesos,3,1.3862943611198906
MESOS-2394,mesos,2,1.0986122886681098
MESOS-2400,mesos,1,0.6931471805599453
MESOS-2401,mesos,1,0.6931471805599453
MESOS-2402,mesos,2,1.0986122886681098
MESOS-2403,mesos,2,1.0986122886681098
MESOS-2404,mesos,3,1.3862943611198906
MESOS-2405,mesos,2,1.0986122886681098
MESOS-2408,mesos,5,1.791759469228055
MESOS-2422,mesos,8,2.1972245773362196
MESOS-2427,mesos,2,1.0986122886681098
MESOS-2428,mesos,2,1.0986122886681098
MESOS-2438,mesos,8,2.1972245773362196
MESOS-2447,mesos,1,0.6931471805599453
MESOS-2452,mesos,2,1.0986122886681098
MESOS-2454,mesos,3,1.3862943611198906
MESOS-2455,mesos,3,1.3862943611198906
MESOS-2461,mesos,1,0.6931471805599453
MESOS-2462,mesos,3,1.3862943611198906
MESOS-2464,mesos,1,0.6931471805599453
MESOS-2466,mesos,2,1.0986122886681098
MESOS-2467,mesos,3,1.3862943611198906
MESOS-2469,mesos,1,0.6931471805599453
MESOS-2475,mesos,2,1.0986122886681098
MESOS-2476,mesos,2,1.0986122886681098
MESOS-2477,mesos,3,1.3862943611198906
MESOS-2485,mesos,3,1.3862943611198906
MESOS-2489,mesos,4,1.6094379124341003
MESOS-2491,mesos,5,1.791759469228055
MESOS-2497,mesos,8,2.1972245773362196
MESOS-2500,mesos,2,1.0986122886681098
MESOS-2501,mesos,1,0.6931471805599453
MESOS-2507,mesos,5,1.791759469228055
MESOS-2512,mesos,2,1.0986122886681098
MESOS-2514,mesos,1,0.6931471805599453
MESOS-2519,mesos,3,1.3862943611198906
MESOS-2528,mesos,3,1.3862943611198906
MESOS-2533,mesos,8,2.1972245773362196
MESOS-2534,mesos,2,1.0986122886681098
MESOS-2538,mesos,1,0.6931471805599453
MESOS-2545,mesos,2,1.0986122886681098
MESOS-2547,mesos,2,1.0986122886681098
MESOS-2548,mesos,1,0.6931471805599453
MESOS-2551,mesos,8,2.1972245773362196
MESOS-2552,mesos,3,1.3862943611198906
MESOS-2555,mesos,1,0.6931471805599453
MESOS-2559,mesos,1,0.6931471805599453
MESOS-2562,mesos,5,1.791759469228055
MESOS-2571,mesos,3,1.3862943611198906
MESOS-2572,mesos,5,1.791759469228055
MESOS-2573,mesos,2,1.0986122886681098
MESOS-2574,mesos,3,1.3862943611198906
MESOS-2578,mesos,1,0.6931471805599453
MESOS-2579,mesos,1,0.6931471805599453
MESOS-2581,mesos,3,1.3862943611198906
MESOS-2582,mesos,2,1.0986122886681098
MESOS-2590,mesos,3,1.3862943611198906
MESOS-2591,mesos,2,1.0986122886681098
MESOS-2595,mesos,8,2.1972245773362196
MESOS-2596,mesos,2,1.0986122886681098
MESOS-2598,mesos,3,1.3862943611198906
MESOS-2600,mesos,5,1.791759469228055
MESOS-2607,mesos,2,1.0986122886681098
MESOS-2613,mesos,2,1.0986122886681098
MESOS-2615,mesos,1,0.6931471805599453
MESOS-2622,mesos,1,0.6931471805599453
MESOS-2627,mesos,1,0.6931471805599453
MESOS-2629,mesos,1,0.6931471805599453
MESOS-2630,mesos,1,0.6931471805599453
MESOS-2631,mesos,1,0.6931471805599453
MESOS-2633,mesos,1,0.6931471805599453
MESOS-2636,mesos,1,0.6931471805599453
MESOS-2637,mesos,2,1.0986122886681098
MESOS-2645,mesos,13,2.6390573296152584
MESOS-2646,mesos,3,1.3862943611198906
MESOS-2647,mesos,5,1.791759469228055
MESOS-2648,mesos,3,1.3862943611198906
MESOS-2649,mesos,5,1.791759469228055
MESOS-2650,mesos,3,1.3862943611198906
MESOS-2651,mesos,3,1.3862943611198906
MESOS-2652,mesos,5,1.791759469228055
MESOS-2653,mesos,8,2.1972245773362196
MESOS-2654,mesos,1,0.6931471805599453
MESOS-2655,mesos,5,1.791759469228055
MESOS-2660,mesos,3,1.3862943611198906
MESOS-2665,mesos,5,1.791759469228055
MESOS-2671,mesos,1,0.6931471805599453
MESOS-2672,mesos,1,0.6931471805599453
MESOS-2673,mesos,5,1.791759469228055
MESOS-2680,mesos,1,0.6931471805599453
MESOS-2687,mesos,2,1.0986122886681098
MESOS-2688,mesos,3,1.3862943611198906
MESOS-2689,mesos,5,1.791759469228055
MESOS-2691,mesos,3,1.3862943611198906
MESOS-2693,mesos,1,0.6931471805599453
MESOS-2695,mesos,5,1.791759469228055
MESOS-2696,mesos,5,1.791759469228055
MESOS-2697,mesos,2,1.0986122886681098
MESOS-2700,mesos,13,2.6390573296152584
MESOS-2701,mesos,8,2.1972245773362196
MESOS-2702,mesos,3,1.3862943611198906
MESOS-2703,mesos,3,1.3862943611198906
MESOS-2704,mesos,5,1.791759469228055
MESOS-2705,mesos,1,0.6931471805599453
MESOS-2707,mesos,2,1.0986122886681098
MESOS-2708,mesos,2,1.0986122886681098
MESOS-2709,mesos,3,1.3862943611198906
MESOS-2719,mesos,1,0.6931471805599453
MESOS-2720,mesos,2,1.0986122886681098
MESOS-2721,mesos,13,2.6390573296152584
MESOS-2722,mesos,13,2.6390573296152584
MESOS-2726,mesos,13,2.6390573296152584
MESOS-2729,mesos,2,1.0986122886681098
MESOS-2730,mesos,2,1.0986122886681098
MESOS-2733,mesos,3,1.3862943611198906
MESOS-2734,mesos,5,1.791759469228055
MESOS-2735,mesos,3,1.3862943611198906
MESOS-2736,mesos,3,1.3862943611198906
MESOS-2737,mesos,3,1.3862943611198906
MESOS-2738,mesos,3,1.3862943611198906
MESOS-2741,mesos,5,1.791759469228055
MESOS-2742,mesos,3,1.3862943611198906
MESOS-2743,mesos,3,1.3862943611198906
MESOS-2746,mesos,3,1.3862943611198906
MESOS-2748,mesos,2,1.0986122886681098
MESOS-2750,mesos,3,1.3862943611198906
MESOS-2752,mesos,3,1.3862943611198906
MESOS-2753,mesos,3,1.3862943611198906
MESOS-2754,mesos,1,0.6931471805599453
MESOS-2756,mesos,1,0.6931471805599453
MESOS-2757,mesos,3,1.3862943611198906
MESOS-2758,mesos,1,0.6931471805599453
MESOS-2760,mesos,1,0.6931471805599453
MESOS-2761,mesos,1,0.6931471805599453
MESOS-2762,mesos,1,0.6931471805599453
MESOS-2763,mesos,8,2.1972245773362196
MESOS-2764,mesos,5,1.791759469228055
MESOS-2766,mesos,1,0.6931471805599453
MESOS-2769,mesos,8,2.1972245773362196
MESOS-2770,mesos,3,1.3862943611198906
MESOS-2771,mesos,1,0.6931471805599453
MESOS-2772,mesos,1,0.6931471805599453
MESOS-2775,mesos,2,1.0986122886681098
MESOS-2776,mesos,5,1.791759469228055
MESOS-2778,mesos,1,0.6931471805599453
MESOS-2781,mesos,1,0.6931471805599453
MESOS-2783,mesos,5,1.791759469228055
MESOS-2784,mesos,1,0.6931471805599453
MESOS-2791,mesos,5,1.791759469228055
MESOS-2792,mesos,1,0.6931471805599453
MESOS-2793,mesos,1,0.6931471805599453
MESOS-2794,mesos,13,2.6390573296152584
MESOS-2795,mesos,5,1.791759469228055
MESOS-2796,mesos,5,1.791759469228055
MESOS-2798,mesos,1,0.6931471805599453
MESOS-2800,mesos,3,1.3862943611198906
MESOS-2801,mesos,3,1.3862943611198906
MESOS-2804,mesos,1,0.6931471805599453
MESOS-2805,mesos,8,2.1972245773362196
MESOS-2806,mesos,2,1.0986122886681098
MESOS-2807,mesos,3,1.3862943611198906
MESOS-2808,mesos,3,1.3862943611198906
MESOS-2814,mesos,3,1.3862943611198906
MESOS-2815,mesos,2,1.0986122886681098
MESOS-2817,mesos,3,1.3862943611198906
MESOS-2818,mesos,3,1.3862943611198906
MESOS-2821,mesos,1,0.6931471805599453
MESOS-2822,mesos,1,0.6931471805599453
MESOS-2823,mesos,2,1.0986122886681098
MESOS-2824,mesos,5,1.791759469228055
MESOS-2830,mesos,8,2.1972245773362196
MESOS-2832,mesos,8,2.1972245773362196
MESOS-2834,mesos,3,1.3862943611198906
MESOS-2836,mesos,1,0.6931471805599453
MESOS-2837,mesos,1,0.6931471805599453
MESOS-2838,mesos,2,1.0986122886681098
MESOS-2841,mesos,8,2.1972245773362196
MESOS-2844,mesos,1,0.6931471805599453
MESOS-2848,mesos,2,1.0986122886681098
MESOS-2849,mesos,5,1.791759469228055
MESOS-2850,mesos,3,1.3862943611198906
MESOS-2851,mesos,1,0.6931471805599453
MESOS-2853,mesos,1,0.6931471805599453
MESOS-2854,mesos,2,1.0986122886681098
MESOS-2857,mesos,1,0.6931471805599453
MESOS-2860,mesos,3,1.3862943611198906
MESOS-2862,mesos,2,1.0986122886681098
MESOS-2866,mesos,3,1.3862943611198906
MESOS-2869,mesos,1,0.6931471805599453
MESOS-2873,mesos,1,0.6931471805599453
MESOS-2874,mesos,2,1.0986122886681098
MESOS-2879,mesos,1,0.6931471805599453
MESOS-2883,mesos,2,1.0986122886681098
MESOS-2884,mesos,5,1.791759469228055
MESOS-2886,mesos,1,0.6931471805599453
MESOS-2888,mesos,5,1.791759469228055
MESOS-2889,mesos,3,1.3862943611198906
MESOS-2890,mesos,3,1.3862943611198906
MESOS-2891,mesos,3,1.3862943611198906
MESOS-2892,mesos,3,1.3862943611198906
MESOS-2893,mesos,1,0.6931471805599453
MESOS-2898,mesos,2,1.0986122886681098
MESOS-2902,mesos,5,1.791759469228055
MESOS-2903,mesos,3,1.3862943611198906
MESOS-2904,mesos,1,0.6931471805599453
MESOS-2906,mesos,3,1.3862943611198906
MESOS-2907,mesos,5,1.791759469228055
MESOS-2909,mesos,3,1.3862943611198906
MESOS-2910,mesos,8,2.1972245773362196
MESOS-2911,mesos,3,1.3862943611198906
MESOS-2912,mesos,5,1.791759469228055
MESOS-2913,mesos,8,2.1972245773362196
MESOS-2914,mesos,3,1.3862943611198906
MESOS-2917,mesos,1,0.6931471805599453
MESOS-2919,mesos,3,1.3862943611198906
MESOS-2920,mesos,3,1.3862943611198906
MESOS-2921,mesos,3,1.3862943611198906
MESOS-2922,mesos,3,1.3862943611198906
MESOS-2923,mesos,2,1.0986122886681098
MESOS-2925,mesos,1,0.6931471805599453
MESOS-2926,mesos,1,0.6931471805599453
MESOS-2928,mesos,2,1.0986122886681098
MESOS-2936,mesos,8,2.1972245773362196
MESOS-2937,mesos,5,1.791759469228055
MESOS-2938,mesos,1,0.6931471805599453
MESOS-2939,mesos,3,1.3862943611198906
MESOS-2940,mesos,3,1.3862943611198906
MESOS-2941,mesos,1,0.6931471805599453
MESOS-2942,mesos,5,1.791759469228055
MESOS-2943,mesos,2,1.0986122886681098
MESOS-2944,mesos,1,0.6931471805599453
MESOS-2946,mesos,2,1.0986122886681098
MESOS-2947,mesos,8,2.1972245773362196
MESOS-2949,mesos,3,1.3862943611198906
MESOS-2950,mesos,8,2.1972245773362196
MESOS-2951,mesos,3,1.3862943611198906
MESOS-2956,mesos,1,0.6931471805599453
MESOS-2957,mesos,1,0.6931471805599453
MESOS-2958,mesos,3,1.3862943611198906
MESOS-2961,mesos,2,1.0986122886681098
MESOS-2962,mesos,1,0.6931471805599453
MESOS-2963,mesos,5,1.791759469228055
MESOS-2964,mesos,3,1.3862943611198906
MESOS-2965,mesos,2,1.0986122886681098
MESOS-2966,mesos,5,1.791759469228055
MESOS-2967,mesos,5,1.791759469228055
MESOS-2968,mesos,3,1.3862943611198906
MESOS-2971,mesos,5,1.791759469228055
MESOS-2972,mesos,3,1.3862943611198906
MESOS-2973,mesos,3,1.3862943611198906
MESOS-2974,mesos,5,1.791759469228055
MESOS-2975,mesos,3,1.3862943611198906
MESOS-2980,mesos,5,1.791759469228055
MESOS-2983,mesos,1,0.6931471805599453
MESOS-2984,mesos,1,0.6931471805599453
MESOS-2986,mesos,1,0.6931471805599453
MESOS-2991,mesos,1,0.6931471805599453
MESOS-2993,mesos,3,1.3862943611198906
MESOS-2994,mesos,5,1.791759469228055
MESOS-2995,mesos,3,1.3862943611198906
MESOS-2997,mesos,3,1.3862943611198906
MESOS-3001,mesos,8,2.1972245773362196
MESOS-3002,mesos,1,0.6931471805599453
MESOS-3004,mesos,5,1.791759469228055
MESOS-3005,mesos,3,1.3862943611198906
MESOS-3006,mesos,2,1.0986122886681098
MESOS-3008,mesos,8,2.1972245773362196
MESOS-3009,mesos,5,1.791759469228055
MESOS-3012,mesos,1,0.6931471805599453
MESOS-3013,mesos,2,1.0986122886681098
MESOS-3015,mesos,2,1.0986122886681098
MESOS-3016,mesos,3,1.3862943611198906
MESOS-3017,mesos,5,1.791759469228055
MESOS-3018,mesos,8,2.1972245773362196
MESOS-3020,mesos,1,0.6931471805599453
MESOS-3021,mesos,3,1.3862943611198906
MESOS-3023,mesos,1,0.6931471805599453
MESOS-3024,mesos,8,2.1972245773362196
MESOS-3025,mesos,3,1.3862943611198906
MESOS-3026,mesos,5,1.791759469228055
MESOS-3032,mesos,3,1.3862943611198906
MESOS-3035,mesos,3,1.3862943611198906
MESOS-3037,mesos,3,1.3862943611198906
MESOS-3038,mesos,8,2.1972245773362196
MESOS-3039,mesos,2,1.0986122886681098
MESOS-3041,mesos,3,1.3862943611198906
MESOS-3042,mesos,8,2.1972245773362196
MESOS-3043,mesos,3,1.3862943611198906
MESOS-3044,mesos,8,2.1972245773362196
MESOS-3045,mesos,3,1.3862943611198906
MESOS-3046,mesos,3,1.3862943611198906
MESOS-3050,mesos,5,1.791759469228055
MESOS-3051,mesos,8,2.1972245773362196
MESOS-3055,mesos,2,1.0986122886681098
MESOS-3060,mesos,1,0.6931471805599453
MESOS-3061,mesos,2,1.0986122886681098
MESOS-3062,mesos,2,1.0986122886681098
MESOS-3064,mesos,1,0.6931471805599453
MESOS-3065,mesos,5,1.791759469228055
MESOS-3066,mesos,3,1.3862943611198906
MESOS-3067,mesos,3,1.3862943611198906
MESOS-3068,mesos,5,1.791759469228055
MESOS-3069,mesos,8,2.1972245773362196
MESOS-3072,mesos,3,1.3862943611198906
MESOS-3073,mesos,3,1.3862943611198906
MESOS-3074,mesos,3,1.3862943611198906
MESOS-3076,mesos,2,1.0986122886681098
MESOS-3077,mesos,5,1.791759469228055
MESOS-3078,mesos,5,1.791759469228055
MESOS-3079,mesos,2,1.0986122886681098
MESOS-3082,mesos,5,1.791759469228055
MESOS-3083,mesos,5,1.791759469228055
MESOS-3086,mesos,4,1.6094379124341003
MESOS-3087,mesos,1,0.6931471805599453
MESOS-3088,mesos,2,1.0986122886681098
MESOS-3089,mesos,2,1.0986122886681098
MESOS-3092,mesos,2,1.0986122886681098
MESOS-3093,mesos,3,1.3862943611198906
MESOS-3095,mesos,3,1.3862943611198906
MESOS-3096,mesos,5,1.791759469228055
MESOS-3097,mesos,13,2.6390573296152584
MESOS-3098,mesos,13,2.6390573296152584
MESOS-3099,mesos,3,1.3862943611198906
MESOS-3100,mesos,3,1.3862943611198906
MESOS-3101,mesos,3,1.3862943611198906
MESOS-3102,mesos,5,1.791759469228055
MESOS-3103,mesos,5,1.791759469228055
MESOS-3105,mesos,3,1.3862943611198906
MESOS-3106,mesos,5,1.791759469228055
MESOS-3107,mesos,3,1.3862943611198906
MESOS-3108,mesos,3,1.3862943611198906
MESOS-3109,mesos,3,1.3862943611198906
MESOS-3110,mesos,3,1.3862943611198906
MESOS-3112,mesos,8,2.1972245773362196
MESOS-3113,mesos,3,1.3862943611198906
MESOS-3114,mesos,3,1.3862943611198906
MESOS-3115,mesos,1,0.6931471805599453
MESOS-3116,mesos,2,1.0986122886681098
MESOS-3117,mesos,1,0.6931471805599453
MESOS-3118,mesos,3,1.3862943611198906
MESOS-3119,mesos,3,1.3862943611198906
MESOS-3120,mesos,3,1.3862943611198906
MESOS-3121,mesos,2,1.0986122886681098
MESOS-3122,mesos,2,1.0986122886681098
MESOS-3124,mesos,3,1.3862943611198906
MESOS-3125,mesos,2,1.0986122886681098
MESOS-3127,mesos,1,0.6931471805599453
MESOS-3129,mesos,2,1.0986122886681098
MESOS-3130,mesos,3,1.3862943611198906
MESOS-3131,mesos,3,1.3862943611198906
MESOS-3132,mesos,5,1.791759469228055
MESOS-3133,mesos,2,1.0986122886681098
MESOS-3134,mesos,5,1.791759469228055
MESOS-3135,mesos,2,1.0986122886681098
MESOS-3138,mesos,2,1.0986122886681098
MESOS-3139,mesos,13,2.6390573296152584
MESOS-3140,mesos,5,1.791759469228055
MESOS-3141,mesos,3,1.3862943611198906
MESOS-3142,mesos,2,1.0986122886681098
MESOS-3143,mesos,2,1.0986122886681098
MESOS-3144,mesos,1,0.6931471805599453
MESOS-3145,mesos,1,0.6931471805599453
MESOS-3146,mesos,8,2.1972245773362196
MESOS-3148,mesos,1,0.6931471805599453
MESOS-3152,mesos,1,0.6931471805599453
MESOS-3153,mesos,3,1.3862943611198906
MESOS-3154,mesos,1,0.6931471805599453
MESOS-3158,mesos,3,1.3862943611198906
MESOS-3161,mesos,3,1.3862943611198906
MESOS-3162,mesos,3,1.3862943611198906
MESOS-3163,mesos,1,0.6931471805599453
MESOS-3164,mesos,3,1.3862943611198906
MESOS-3165,mesos,5,1.791759469228055
MESOS-3166,mesos,3,1.3862943611198906
MESOS-3167,mesos,3,1.3862943611198906
MESOS-3168,mesos,2,1.0986122886681098
MESOS-3169,mesos,2,1.0986122886681098
MESOS-3171,mesos,1,0.6931471805599453
MESOS-3173,mesos,1,0.6931471805599453
MESOS-3174,mesos,1,0.6931471805599453
MESOS-3178,mesos,2,1.0986122886681098
MESOS-3179,mesos,3,1.3862943611198906
MESOS-3182,mesos,3,1.3862943611198906
MESOS-3183,mesos,3,1.3862943611198906
MESOS-3185,mesos,3,1.3862943611198906
MESOS-3189,mesos,2,1.0986122886681098
MESOS-3191,mesos,2,1.0986122886681098
MESOS-3192,mesos,1,0.6931471805599453
MESOS-3193,mesos,2,1.0986122886681098
MESOS-3194,mesos,5,1.791759469228055
MESOS-3195,mesos,3,1.3862943611198906
MESOS-3196,mesos,1,0.6931471805599453
MESOS-3197,mesos,2,1.0986122886681098
MESOS-3199,mesos,3,1.3862943611198906
MESOS-3200,mesos,1,0.6931471805599453
MESOS-3201,mesos,3,1.3862943611198906
MESOS-3203,mesos,1,0.6931471805599453
MESOS-3205,mesos,3,1.3862943611198906
MESOS-3207,mesos,1,0.6931471805599453
MESOS-3208,mesos,3,1.3862943611198906
MESOS-3211,mesos,2,1.0986122886681098
MESOS-3212,mesos,2,1.0986122886681098
MESOS-3213,mesos,2,1.0986122886681098
MESOS-3215,mesos,3,1.3862943611198906
MESOS-3222,mesos,5,1.791759469228055
MESOS-3223,mesos,4,1.6094379124341003
MESOS-3225,mesos,1,0.6931471805599453
MESOS-3226,mesos,5,1.791759469228055
MESOS-3227,mesos,3,1.3862943611198906
MESOS-3235,mesos,2,1.0986122886681098
MESOS-3236,mesos,1,0.6931471805599453
MESOS-3237,mesos,2,1.0986122886681098
MESOS-3251,mesos,1,0.6931471805599453
MESOS-3252,mesos,2,1.0986122886681098
MESOS-3254,mesos,2,1.0986122886681098
MESOS-3262,mesos,2,1.0986122886681098
MESOS-3265,mesos,8,2.1972245773362196
MESOS-3266,mesos,5,1.791759469228055
MESOS-3267,mesos,2,1.0986122886681098
MESOS-3273,mesos,5,1.791759469228055
MESOS-3280,mesos,8,2.1972245773362196
MESOS-3281,mesos,3,1.3862943611198906
MESOS-3284,mesos,3,1.3862943611198906
MESOS-3287,mesos,1,0.6931471805599453
MESOS-3288,mesos,5,1.791759469228055
MESOS-3289,mesos,5,1.791759469228055
MESOS-3290,mesos,3,1.3862943611198906
MESOS-3293,mesos,5,1.791759469228055
MESOS-3294,mesos,5,1.791759469228055
MESOS-3295,mesos,5,1.791759469228055
MESOS-3296,mesos,5,1.791759469228055
MESOS-3297,mesos,5,1.791759469228055
MESOS-3299,mesos,1,0.6931471805599453
MESOS-3304,mesos,1,0.6931471805599453
MESOS-3307,mesos,3,1.3862943611198906
MESOS-3308,mesos,2,1.0986122886681098
MESOS-3310,mesos,3,1.3862943611198906
MESOS-3311,mesos,2,1.0986122886681098
MESOS-3312,mesos,2,1.0986122886681098
MESOS-3313,mesos,3,1.3862943611198906
MESOS-3319,mesos,2,1.0986122886681098
MESOS-3321,mesos,1,0.6931471805599453
MESOS-3323,mesos,2,1.0986122886681098
MESOS-3326,mesos,2,1.0986122886681098
MESOS-3332,mesos,8,2.1972245773362196
MESOS-3337,mesos,3,1.3862943611198906
MESOS-3338,mesos,3,1.3862943611198906
MESOS-3339,mesos,3,1.3862943611198906
MESOS-3340,mesos,2,1.0986122886681098
MESOS-3343,mesos,5,1.791759469228055
MESOS-3345,mesos,5,1.791759469228055
MESOS-3346,mesos,5,1.791759469228055
MESOS-3348,mesos,13,2.6390573296152584
MESOS-3349,mesos,5,1.791759469228055
MESOS-3352,mesos,5,1.791759469228055
MESOS-3356,mesos,5,1.791759469228055
MESOS-3357,mesos,3,1.3862943611198906
MESOS-3365,mesos,5,1.791759469228055
MESOS-3366,mesos,3,1.3862943611198906
MESOS-3368,mesos,3,1.3862943611198906
MESOS-3375,mesos,1,0.6931471805599453
MESOS-3378,mesos,3,1.3862943611198906
MESOS-3393,mesos,1,0.6931471805599453
MESOS-3399,mesos,5,1.791759469228055
MESOS-3402,mesos,2,1.0986122886681098
MESOS-3409,mesos,3,1.3862943611198906
MESOS-3413,mesos,5,1.791759469228055
MESOS-3416,mesos,1,0.6931471805599453
MESOS-3417,mesos,2,1.0986122886681098
MESOS-3418,mesos,2,1.0986122886681098
MESOS-3423,mesos,3,1.3862943611198906
MESOS-3424,mesos,5,1.791759469228055
MESOS-3425,mesos,8,2.1972245773362196
MESOS-3426,mesos,3,1.3862943611198906
MESOS-3428,mesos,4,1.6094379124341003
MESOS-3430,mesos,2,1.0986122886681098
MESOS-3432,mesos,5,1.791759469228055
MESOS-3433,mesos,3,1.3862943611198906
MESOS-3443,mesos,2,1.0986122886681098
MESOS-3449,mesos,5,1.791759469228055
MESOS-3455,mesos,6,1.9459101490553132
MESOS-3457,mesos,3,1.3862943611198906
MESOS-3458,mesos,1,0.6931471805599453
MESOS-3459,mesos,1,0.6931471805599453
MESOS-3466,mesos,2,1.0986122886681098
MESOS-3467,mesos,13,2.6390573296152584
MESOS-3468,mesos,8,2.1972245773362196
MESOS-3470,mesos,1,0.6931471805599453
MESOS-3472,mesos,3,1.3862943611198906
MESOS-3476,mesos,8,2.1972245773362196
MESOS-3480,mesos,3,1.3862943611198906
MESOS-3481,mesos,2,1.0986122886681098
MESOS-3483,mesos,3,1.3862943611198906
MESOS-3485,mesos,3,1.3862943611198906
MESOS-3489,mesos,2,1.0986122886681098
MESOS-3490,mesos,1,0.6931471805599453
MESOS-3491,mesos,1,0.6931471805599453
MESOS-3492,mesos,1,0.6931471805599453
MESOS-3496,mesos,2,1.0986122886681098
MESOS-3497,mesos,3,1.3862943611198906
MESOS-3499,mesos,1,0.6931471805599453
MESOS-3501,mesos,2,1.0986122886681098
MESOS-3504,mesos,3,1.3862943611198906
MESOS-3506,mesos,1,0.6931471805599453
MESOS-3510,mesos,5,1.791759469228055
MESOS-3512,mesos,1,0.6931471805599453
MESOS-3513,mesos,1,0.6931471805599453
MESOS-3515,mesos,5,1.791759469228055
MESOS-3516,mesos,2,1.0986122886681098
MESOS-3519,mesos,3,1.3862943611198906
MESOS-3520,mesos,5,1.791759469228055
MESOS-3525,mesos,3,1.3862943611198906
MESOS-3539,mesos,3,1.3862943611198906
MESOS-3540,mesos,2,1.0986122886681098
MESOS-3550,mesos,5,1.791759469228055
MESOS-3551,mesos,3,1.3862943611198906
MESOS-3552,mesos,3,1.3862943611198906
MESOS-3553,mesos,2,1.0986122886681098
MESOS-3554,mesos,3,1.3862943611198906
MESOS-3556,mesos,1,0.6931471805599453
MESOS-3558,mesos,13,2.6390573296152584
MESOS-3559,mesos,3,1.3862943611198906
MESOS-3560,mesos,1,0.6931471805599453
MESOS-3563,mesos,2,1.0986122886681098
MESOS-3567,mesos,8,2.1972245773362196
MESOS-3570,mesos,8,2.1972245773362196
MESOS-3571,mesos,5,1.791759469228055
MESOS-3573,mesos,5,1.791759469228055
MESOS-3575,mesos,2,1.0986122886681098
MESOS-3579,mesos,2,1.0986122886681098
MESOS-3581,mesos,2,1.0986122886681098
MESOS-3583,mesos,5,1.791759469228055
MESOS-3584,mesos,1,0.6931471805599453
MESOS-3585,mesos,3,1.3862943611198906
MESOS-3586,mesos,1,0.6931471805599453
MESOS-3587,mesos,5,1.791759469228055
MESOS-3593,mesos,2,1.0986122886681098
MESOS-3595,mesos,3,1.3862943611198906
MESOS-3603,mesos,1,0.6931471805599453
MESOS-3604,mesos,3,1.3862943611198906
MESOS-3613,mesos,1,0.6931471805599453
MESOS-3615,mesos,3,1.3862943611198906
MESOS-3618,mesos,3,1.3862943611198906
MESOS-3619,mesos,3,1.3862943611198906
MESOS-3620,mesos,3,1.3862943611198906
MESOS-3623,mesos,3,1.3862943611198906
MESOS-3624,mesos,3,1.3862943611198906
MESOS-3625,mesos,3,1.3862943611198906
MESOS-3639,mesos,5,1.791759469228055
MESOS-3640,mesos,3,1.3862943611198906
MESOS-3641,mesos,2,1.0986122886681098
MESOS-3645,mesos,8,2.1972245773362196
MESOS-3683,mesos,3,1.3862943611198906
MESOS-3688,mesos,3,1.3862943611198906
MESOS-3692,mesos,1,0.6931471805599453
MESOS-3694,mesos,3,1.3862943611198906
MESOS-3698,mesos,1,0.6931471805599453
MESOS-3700,mesos,1,0.6931471805599453
MESOS-3704,mesos,2,1.0986122886681098
MESOS-3705,mesos,3,1.3862943611198906
MESOS-3716,mesos,3,1.3862943611198906
MESOS-3717,mesos,5,1.791759469228055
MESOS-3718,mesos,5,1.791759469228055
MESOS-3720,mesos,5,1.791759469228055
MESOS-3722,mesos,5,1.791759469228055
MESOS-3723,mesos,5,1.791759469228055
MESOS-3732,mesos,1,0.6931471805599453
MESOS-3734,mesos,2,1.0986122886681098
MESOS-3736,mesos,3,1.3862943611198906
MESOS-3739,mesos,2,1.0986122886681098
MESOS-3740,mesos,3,1.3862943611198906
MESOS-3743,mesos,2,1.0986122886681098
MESOS-3748,mesos,1,0.6931471805599453
MESOS-3749,mesos,1,0.6931471805599453
MESOS-3751,mesos,2,1.0986122886681098
MESOS-3752,mesos,1,0.6931471805599453
MESOS-3753,mesos,13,2.6390573296152584
MESOS-3756,mesos,13,2.6390573296152584
MESOS-3758,mesos,5,1.791759469228055
MESOS-3759,mesos,3,1.3862943611198906
MESOS-3762,mesos,3,1.3862943611198906
MESOS-3763,mesos,1,0.6931471805599453
MESOS-3771,mesos,2,1.0986122886681098
MESOS-3772,mesos,3,1.3862943611198906
MESOS-3773,mesos,4,1.6094379124341003
MESOS-3775,mesos,1,0.6931471805599453
MESOS-3781,mesos,3,1.3862943611198906
MESOS-3785,mesos,5,1.791759469228055
MESOS-3786,mesos,1,0.6931471805599453
MESOS-3793,mesos,3,1.3862943611198906
MESOS-3794,mesos,3,1.3862943611198906
MESOS-3800,mesos,3,1.3862943611198906
MESOS-3814,mesos,2,1.0986122886681098
MESOS-3819,mesos,2,1.0986122886681098
MESOS-3820,mesos,3,1.3862943611198906
MESOS-3825,mesos,3,1.3862943611198906
MESOS-3831,mesos,3,1.3862943611198906
MESOS-3833,mesos,2,1.0986122886681098
MESOS-3837,mesos,4,1.6094379124341003
MESOS-3839,mesos,1,0.6931471805599453
MESOS-3847,mesos,2,1.0986122886681098
MESOS-3848,mesos,3,1.3862943611198906
MESOS-3849,mesos,1,0.6931471805599453
MESOS-3851,mesos,2,1.0986122886681098
MESOS-3854,mesos,2,1.0986122886681098
MESOS-3856,mesos,2,1.0986122886681098
MESOS-3857,mesos,3,1.3862943611198906
MESOS-3858,mesos,5,1.791759469228055
MESOS-3859,mesos,3,1.3862943611198906
MESOS-3861,mesos,3,1.3862943611198906
MESOS-3862,mesos,5,1.791759469228055
MESOS-3863,mesos,2,1.0986122886681098
MESOS-3864,mesos,1,0.6931471805599453
MESOS-3867,mesos,1,0.6931471805599453
MESOS-3868,mesos,1,0.6931471805599453
MESOS-3873,mesos,3,1.3862943611198906
MESOS-3874,mesos,3,1.3862943611198906
MESOS-3875,mesos,3,1.3862943611198906
MESOS-3877,mesos,5,1.791759469228055
MESOS-3879,mesos,1,0.6931471805599453
MESOS-3880,mesos,5,1.791759469228055
MESOS-3881,mesos,2,1.0986122886681098
MESOS-3882,mesos,3,1.3862943611198906
MESOS-3883,mesos,3,1.3862943611198906
MESOS-3884,mesos,1,0.6931471805599453
MESOS-3887,mesos,3,1.3862943611198906
MESOS-3888,mesos,2,1.0986122886681098
MESOS-3889,mesos,2,1.0986122886681098
MESOS-3890,mesos,2,1.0986122886681098
MESOS-3891,mesos,5,1.791759469228055
MESOS-3892,mesos,5,1.791759469228055
MESOS-3893,mesos,8,2.1972245773362196
MESOS-3894,mesos,13,2.6390573296152584
MESOS-3895,mesos,13,2.6390573296152584
MESOS-3896,mesos,13,2.6390573296152584
MESOS-3897,mesos,13,2.6390573296152584
MESOS-3898,mesos,13,2.6390573296152584
MESOS-3899,mesos,1,0.6931471805599453
MESOS-3900,mesos,3,1.3862943611198906
MESOS-3903,mesos,2,1.0986122886681098
MESOS-3905,mesos,1,0.6931471805599453
MESOS-3909,mesos,3,1.3862943611198906
MESOS-3910,mesos,5,1.791759469228055
MESOS-3911,mesos,1,0.6931471805599453
MESOS-3912,mesos,3,1.3862943611198906
MESOS-3913,mesos,3,1.3862943611198906
MESOS-3916,mesos,3,1.3862943611198906
MESOS-3923,mesos,5,1.791759469228055
MESOS-3925,mesos,3,1.3862943611198906
MESOS-3926,mesos,3,1.3862943611198906
MESOS-3928,mesos,2,1.0986122886681098
MESOS-3929,mesos,3,1.3862943611198906
MESOS-3934,mesos,3,1.3862943611198906
MESOS-3936,mesos,5,1.791759469228055
MESOS-3937,mesos,2,1.0986122886681098
MESOS-3938,mesos,3,1.3862943611198906
MESOS-3939,mesos,2,1.0986122886681098
MESOS-3940,mesos,1,0.6931471805599453
MESOS-3943,mesos,5,1.791759469228055
MESOS-3945,mesos,2,1.0986122886681098
MESOS-3949,mesos,3,1.3862943611198906
MESOS-3951,mesos,5,1.791759469228055
MESOS-3960,mesos,3,1.3862943611198906
MESOS-3964,mesos,2,1.0986122886681098
MESOS-3965,mesos,3,1.3862943611198906
MESOS-3967,mesos,8,2.1972245773362196
MESOS-3969,mesos,3,1.3862943611198906
MESOS-3973,mesos,2,1.0986122886681098
MESOS-3975,mesos,5,1.791759469228055
MESOS-3976,mesos,2,1.0986122886681098
MESOS-3979,mesos,3,1.3862943611198906
MESOS-3981,mesos,3,1.3862943611198906
MESOS-3983,mesos,3,1.3862943611198906
MESOS-3984,mesos,3,1.3862943611198906
MESOS-3985,mesos,1,0.6931471805599453
MESOS-3986,mesos,5,1.791759469228055
MESOS-3994,mesos,3,1.3862943611198906
MESOS-3996,mesos,1,0.6931471805599453
MESOS-4000,mesos,2,1.0986122886681098
MESOS-4002,mesos,1,0.6931471805599453
MESOS-4003,mesos,1,0.6931471805599453
MESOS-4004,mesos,3,1.3862943611198906
MESOS-4005,mesos,2,1.0986122886681098
MESOS-4009,mesos,1,0.6931471805599453
MESOS-4013,mesos,5,1.791759469228055
MESOS-4014,mesos,3,1.3862943611198906
MESOS-4020,mesos,1,0.6931471805599453
MESOS-4021,mesos,1,0.6931471805599453
MESOS-4026,mesos,4,1.6094379124341003
MESOS-4029,mesos,2,1.0986122886681098
MESOS-4036,mesos,1,0.6931471805599453
MESOS-4046,mesos,3,1.3862943611198906
MESOS-4047,mesos,1,0.6931471805599453
MESOS-4053,mesos,3,1.3862943611198906
MESOS-4056,mesos,1,0.6931471805599453
MESOS-4058,mesos,1,0.6931471805599453
MESOS-4059,mesos,1,0.6931471805599453
MESOS-4064,mesos,3,1.3862943611198906
MESOS-4066,mesos,3,1.3862943611198906
MESOS-4067,mesos,2,1.0986122886681098
MESOS-4069,mesos,8,2.1972245773362196
MESOS-4073,mesos,3,1.3862943611198906
MESOS-4074,mesos,5,1.791759469228055
MESOS-4075,mesos,8,2.1972245773362196
MESOS-4082,mesos,3,1.3862943611198906
MESOS-4085,mesos,5,1.791759469228055
MESOS-4087,mesos,5,1.791759469228055
MESOS-4088,mesos,2,1.0986122886681098
MESOS-4090,mesos,5,1.791759469228055
MESOS-4098,mesos,10,2.3978952727983707
MESOS-4099,mesos,1,0.6931471805599453
MESOS-4102,mesos,5,1.791759469228055
MESOS-4104,mesos,4,1.6094379124341003
MESOS-4107,mesos,1,0.6931471805599453
MESOS-4108,mesos,5,1.791759469228055
MESOS-4109,mesos,1,0.6931471805599453
MESOS-4110,mesos,5,1.791759469228055
MESOS-4112,mesos,2,1.0986122886681098
MESOS-4114,mesos,2,1.0986122886681098
MESOS-4115,mesos,5,1.791759469228055
MESOS-4116,mesos,2,1.0986122886681098
MESOS-4126,mesos,1,0.6931471805599453
MESOS-4127,mesos,3,1.3862943611198906
MESOS-4128,mesos,3,1.3862943611198906
MESOS-4130,mesos,1,0.6931471805599453
MESOS-4136,mesos,3,1.3862943611198906
MESOS-4137,mesos,3,1.3862943611198906
MESOS-4143,mesos,2,1.0986122886681098
MESOS-4149,mesos,1,0.6931471805599453
MESOS-4150,mesos,3,1.3862943611198906
MESOS-4154,mesos,2,1.0986122886681098
MESOS-4160,mesos,1,0.6931471805599453
MESOS-4164,mesos,1,0.6931471805599453
MESOS-4165,mesos,1,0.6931471805599453
MESOS-4166,mesos,1,0.6931471805599453
MESOS-4167,mesos,1,0.6931471805599453
MESOS-4170,mesos,1,0.6931471805599453
MESOS-4171,mesos,1,0.6931471805599453
MESOS-4172,mesos,3,1.3862943611198906
MESOS-4174,mesos,1,0.6931471805599453
MESOS-4175,mesos,1,0.6931471805599453
MESOS-4177,mesos,3,1.3862943611198906
MESOS-4178,mesos,1,0.6931471805599453
MESOS-4179,mesos,1,0.6931471805599453
MESOS-4183,mesos,3,1.3862943611198906
MESOS-4184,mesos,3,1.3862943611198906
MESOS-4186,mesos,2,1.0986122886681098
MESOS-4187,mesos,1,0.6931471805599453
MESOS-4190,mesos,3,1.3862943611198906
MESOS-4191,mesos,5,1.791759469228055
MESOS-4192,mesos,3,1.3862943611198906
MESOS-4193,mesos,3,1.3862943611198906
MESOS-4194,mesos,2,1.0986122886681098
MESOS-4195,mesos,1,0.6931471805599453
MESOS-4196,mesos,3,1.3862943611198906
MESOS-4198,mesos,3,1.3862943611198906
MESOS-4200,mesos,2,1.0986122886681098
MESOS-4202,mesos,5,1.791759469228055
MESOS-4204,mesos,2,1.0986122886681098
MESOS-4206,mesos,3,1.3862943611198906
MESOS-4207,mesos,2,1.0986122886681098
MESOS-4208,mesos,1,0.6931471805599453
MESOS-4209,mesos,3,1.3862943611198906
MESOS-4214,mesos,5,1.791759469228055
MESOS-4218,mesos,3,1.3862943611198906
MESOS-4222,mesos,3,1.3862943611198906
MESOS-4223,mesos,4,1.6094379124341003
MESOS-4224,mesos,4,1.6094379124341003
MESOS-4225,mesos,2,1.0986122886681098
MESOS-4226,mesos,1,0.6931471805599453
MESOS-4227,mesos,1,0.6931471805599453
MESOS-4240,mesos,5,1.791759469228055
MESOS-4241,mesos,3,1.3862943611198906
MESOS-4255,mesos,3,1.3862943611198906
MESOS-4257,mesos,3,1.3862943611198906
MESOS-4261,mesos,3,1.3862943611198906
MESOS-4262,mesos,5,1.791759469228055
MESOS-4263,mesos,3,1.3862943611198906
MESOS-4279,mesos,5,1.791759469228055
MESOS-4281,mesos,3,1.3862943611198906
MESOS-4282,mesos,2,1.0986122886681098
MESOS-4284,mesos,8,2.1972245773362196
MESOS-4285,mesos,3,1.3862943611198906
MESOS-4289,mesos,5,1.791759469228055
MESOS-4291,mesos,2,1.0986122886681098
MESOS-4292,mesos,3,1.3862943611198906
MESOS-4294,mesos,1,0.6931471805599453
MESOS-4295,mesos,3,1.3862943611198906
MESOS-4296,mesos,8,2.1972245773362196
MESOS-4298,mesos,1,0.6931471805599453
MESOS-4300,mesos,3,1.3862943611198906
MESOS-4301,mesos,1,0.6931471805599453
MESOS-4304,mesos,1,0.6931471805599453
MESOS-4307,mesos,5,1.791759469228055
MESOS-4308,mesos,5,1.791759469228055
MESOS-4311,mesos,1,0.6931471805599453
MESOS-4314,mesos,3,1.3862943611198906
MESOS-4316,mesos,5,1.791759469228055
MESOS-4318,mesos,1,0.6931471805599453
MESOS-4329,mesos,1,0.6931471805599453
MESOS-4333,mesos,2,1.0986122886681098
MESOS-4336,mesos,1,0.6931471805599453
MESOS-4337,mesos,5,1.791759469228055
MESOS-4338,mesos,5,1.791759469228055
MESOS-4342,mesos,1,0.6931471805599453
MESOS-4344,mesos,1,0.6931471805599453
MESOS-4345,mesos,8,2.1972245773362196
MESOS-4347,mesos,1,0.6931471805599453
MESOS-4348,mesos,1,0.6931471805599453
MESOS-4349,mesos,1,0.6931471805599453
MESOS-4350,mesos,2,1.0986122886681098
MESOS-4353,mesos,1,0.6931471805599453
MESOS-4357,mesos,1,0.6931471805599453
MESOS-4358,mesos,2,1.0986122886681098
MESOS-4359,mesos,2,1.0986122886681098
MESOS-4360,mesos,3,1.3862943611198906
MESOS-4362,mesos,1,0.6931471805599453
MESOS-4363,mesos,1,0.6931471805599453
MESOS-4364,mesos,5,1.791759469228055
MESOS-4365,mesos,3,1.3862943611198906
MESOS-4366,mesos,3,1.3862943611198906
MESOS-4367,mesos,5,1.791759469228055
MESOS-4368,mesos,3,1.3862943611198906
MESOS-4376,mesos,2,1.0986122886681098
MESOS-4377,mesos,1,0.6931471805599453
MESOS-4378,mesos,1,0.6931471805599453
MESOS-4379,mesos,3,1.3862943611198906
MESOS-4380,mesos,2,1.0986122886681098
MESOS-4381,mesos,3,1.3862943611198906
MESOS-4382,mesos,1,0.6931471805599453
MESOS-4383,mesos,2,1.0986122886681098
MESOS-4385,mesos,2,1.0986122886681098
MESOS-4386,mesos,1,0.6931471805599453
MESOS-4390,mesos,3,1.3862943611198906
MESOS-4393,mesos,8,2.1972245773362196
MESOS-4395,mesos,1,0.6931471805599453
MESOS-4397,mesos,2,1.0986122886681098
MESOS-4398,mesos,5,1.791759469228055
MESOS-4400,mesos,2,1.0986122886681098
MESOS-4402,mesos,2,1.0986122886681098
MESOS-4403,mesos,2,1.0986122886681098
MESOS-4410,mesos,3,1.3862943611198906
MESOS-4411,mesos,3,1.3862943611198906
MESOS-4415,mesos,5,1.791759469228055
MESOS-4417,mesos,3,1.3862943611198906
MESOS-4421,mesos,3,1.3862943611198906
MESOS-4425,mesos,3,1.3862943611198906
MESOS-4433,mesos,3,1.3862943611198906
MESOS-4434,mesos,3,1.3862943611198906
MESOS-4435,mesos,3,1.3862943611198906
MESOS-4437,mesos,1,0.6931471805599453
MESOS-4438,mesos,1,0.6931471805599453
MESOS-4439,mesos,1,0.6931471805599453
MESOS-4441,mesos,8,2.1972245773362196
MESOS-4443,mesos,3,1.3862943611198906
MESOS-4444,mesos,3,1.3862943611198906
MESOS-4445,mesos,5,1.791759469228055
MESOS-4449,mesos,1,0.6931471805599453
MESOS-4452,mesos,2,1.0986122886681098
MESOS-4454,mesos,2,1.0986122886681098
MESOS-4457,mesos,3,1.3862943611198906
MESOS-4459,mesos,3,1.3862943611198906
MESOS-4460,mesos,13,2.6390573296152584
MESOS-4461,mesos,13,2.6390573296152584
MESOS-4466,mesos,5,1.791759469228055
MESOS-4471,mesos,2,1.0986122886681098
MESOS-4478,mesos,2,1.0986122886681098
MESOS-4479,mesos,5,1.791759469228055
MESOS-4487,mesos,2,1.0986122886681098
MESOS-4488,mesos,1,0.6931471805599453
MESOS-4489,mesos,1,0.6931471805599453
MESOS-4490,mesos,3,1.3862943611198906
MESOS-4493,mesos,3,1.3862943611198906
MESOS-4494,mesos,3,1.3862943611198906
MESOS-4495,mesos,1,0.6931471805599453
MESOS-4498,mesos,1,0.6931471805599453
MESOS-4499,mesos,5,1.791759469228055
MESOS-4500,mesos,2,1.0986122886681098
MESOS-4505,mesos,3,1.3862943611198906
MESOS-4506,mesos,2,1.0986122886681098
MESOS-4512,mesos,3,1.3862943611198906
MESOS-4513,mesos,1,0.6931471805599453
MESOS-4515,mesos,1,0.6931471805599453
MESOS-4517,mesos,3,1.3862943611198906
MESOS-4520,mesos,1,0.6931471805599453
MESOS-4523,mesos,3,1.3862943611198906
MESOS-4526,mesos,1,0.6931471805599453
MESOS-4527,mesos,1,0.6931471805599453
MESOS-4528,mesos,2,1.0986122886681098
MESOS-4529,mesos,2,1.0986122886681098
MESOS-4530,mesos,1,0.6931471805599453
MESOS-4531,mesos,2,1.0986122886681098
MESOS-4534,mesos,3,1.3862943611198906
MESOS-4535,mesos,1,0.6931471805599453
MESOS-4536,mesos,3,1.3862943611198906
MESOS-4539,mesos,2,1.0986122886681098
MESOS-4540,mesos,1,0.6931471805599453
MESOS-4542,mesos,3,1.3862943611198906
MESOS-4544,mesos,8,2.1972245773362196
MESOS-4545,mesos,3,1.3862943611198906
MESOS-4546,mesos,3,1.3862943611198906
MESOS-4554,mesos,3,1.3862943611198906
MESOS-4557,mesos,3,1.3862943611198906
MESOS-4558,mesos,2,1.0986122886681098
MESOS-4559,mesos,2,1.0986122886681098
MESOS-4562,mesos,2,1.0986122886681098
MESOS-4564,mesos,2,1.0986122886681098
MESOS-4566,mesos,1,0.6931471805599453
MESOS-4567,mesos,2,1.0986122886681098
MESOS-4570,mesos,1,0.6931471805599453
MESOS-4573,mesos,5,1.791759469228055
MESOS-4575,mesos,3,1.3862943611198906
MESOS-4576,mesos,2,1.0986122886681098
MESOS-4582,mesos,1,0.6931471805599453
MESOS-4583,mesos,1,0.6931471805599453
MESOS-4584,mesos,2,1.0986122886681098
MESOS-4590,mesos,2,1.0986122886681098
MESOS-4591,mesos,3,1.3862943611198906
MESOS-4596,mesos,2,1.0986122886681098
MESOS-4598,mesos,1,0.6931471805599453
MESOS-4600,mesos,3,1.3862943611198906
MESOS-4604,mesos,2,1.0986122886681098
MESOS-4609,mesos,2,1.0986122886681098
MESOS-4611,mesos,5,1.791759469228055
MESOS-4612,mesos,3,1.3862943611198906
MESOS-4614,mesos,3,1.3862943611198906
MESOS-4615,mesos,1,0.6931471805599453
MESOS-4619,mesos,1,0.6931471805599453
MESOS-4622,mesos,1,0.6931471805599453
MESOS-4623,mesos,3,1.3862943611198906
MESOS-4624,mesos,1,0.6931471805599453
MESOS-4625,mesos,5,1.791759469228055
MESOS-4626,mesos,13,2.6390573296152584
MESOS-4629,mesos,5,1.791759469228055
MESOS-4630,mesos,5,1.791759469228055
MESOS-4633,mesos,5,1.791759469228055
MESOS-4634,mesos,5,1.791759469228055
MESOS-4636,mesos,3,1.3862943611198906
MESOS-4637,mesos,1,0.6931471805599453
MESOS-4639,mesos,1,0.6931471805599453
MESOS-4640,mesos,1,0.6931471805599453
MESOS-4657,mesos,1,0.6931471805599453
MESOS-4660,mesos,1,0.6931471805599453
MESOS-4667,mesos,3,1.3862943611198906
MESOS-4669,mesos,2,1.0986122886681098
MESOS-4670,mesos,1,0.6931471805599453
MESOS-4671,mesos,1,0.6931471805599453
MESOS-4674,mesos,3,1.3862943611198906
MESOS-4675,mesos,1,0.6931471805599453
MESOS-4676,mesos,2,1.0986122886681098
MESOS-4678,mesos,3,1.3862943611198906
MESOS-4683,mesos,2,1.0986122886681098
MESOS-4684,mesos,3,1.3862943611198906
MESOS-4686,mesos,3,1.3862943611198906
MESOS-4687,mesos,5,1.791759469228055
MESOS-4689,mesos,8,2.1972245773362196
MESOS-4690,mesos,5,1.791759469228055
MESOS-4691,mesos,3,1.3862943611198906
MESOS-4695,mesos,1,0.6931471805599453
MESOS-4696,mesos,2,1.0986122886681098
MESOS-4702,mesos,1,0.6931471805599453
MESOS-4703,mesos,1,0.6931471805599453
MESOS-4704,mesos,1,0.6931471805599453
MESOS-4712,mesos,5,1.791759469228055
MESOS-4713,mesos,2,1.0986122886681098
MESOS-4714,mesos,2,1.0986122886681098
MESOS-4718,mesos,1,0.6931471805599453
MESOS-4719,mesos,2,1.0986122886681098
MESOS-4720,mesos,2,1.0986122886681098
MESOS-4721,mesos,1,0.6931471805599453
MESOS-4722,mesos,1,0.6931471805599453
MESOS-4723,mesos,2,1.0986122886681098
MESOS-4724,mesos,5,1.791759469228055
MESOS-4726,mesos,2,1.0986122886681098
MESOS-4731,mesos,3,1.3862943611198906
MESOS-4736,mesos,2,1.0986122886681098
MESOS-4746,mesos,3,1.3862943611198906
MESOS-4747,mesos,1,0.6931471805599453
MESOS-4748,mesos,3,1.3862943611198906
MESOS-4749,mesos,3,1.3862943611198906
MESOS-4750,mesos,2,1.0986122886681098
MESOS-4754,mesos,2,1.0986122886681098
MESOS-4757,mesos,3,1.3862943611198906
MESOS-4758,mesos,1,0.6931471805599453
MESOS-4759,mesos,8,2.1972245773362196
MESOS-4760,mesos,2,1.0986122886681098
MESOS-4761,mesos,2,1.0986122886681098
MESOS-4762,mesos,5,1.791759469228055
MESOS-4763,mesos,5,1.791759469228055
MESOS-4764,mesos,3,1.3862943611198906
MESOS-4768,mesos,1,0.6931471805599453
MESOS-4771,mesos,3,1.3862943611198906
MESOS-4772,mesos,2,1.0986122886681098
MESOS-4776,mesos,2,1.0986122886681098
MESOS-4778,mesos,13,2.6390573296152584
MESOS-4780,mesos,2,1.0986122886681098
MESOS-4781,mesos,3,1.3862943611198906
MESOS-4783,mesos,3,1.3862943611198906
MESOS-4784,mesos,1,0.6931471805599453
MESOS-4785,mesos,5,1.791759469228055
MESOS-4787,mesos,2,1.0986122886681098
MESOS-4790,mesos,1,0.6931471805599453
MESOS-4794,mesos,1,0.6931471805599453
MESOS-4797,mesos,2,1.0986122886681098
MESOS-4798,mesos,5,1.791759469228055
MESOS-4801,mesos,1,0.6931471805599453
MESOS-4802,mesos,3,1.3862943611198906
MESOS-4803,mesos,3,1.3862943611198906
MESOS-4805,mesos,3,1.3862943611198906
MESOS-4807,mesos,1,0.6931471805599453
MESOS-4810,mesos,3,1.3862943611198906
MESOS-4813,mesos,2,1.0986122886681098
MESOS-4817,mesos,3,1.3862943611198906
MESOS-4818,mesos,3,1.3862943611198906
MESOS-4819,mesos,3,1.3862943611198906
MESOS-4820,mesos,1,0.6931471805599453
MESOS-4821,mesos,1,0.6931471805599453
MESOS-4822,mesos,2,1.0986122886681098
MESOS-4823,mesos,2,1.0986122886681098
MESOS-4824,mesos,2,1.0986122886681098
MESOS-4825,mesos,1,0.6931471805599453
MESOS-4829,mesos,3,1.3862943611198906
MESOS-4830,mesos,1,0.6931471805599453
MESOS-4832,mesos,2,1.0986122886681098
MESOS-4833,mesos,5,1.791759469228055
MESOS-4834,mesos,2,1.0986122886681098
MESOS-4835,mesos,2,1.0986122886681098
MESOS-4836,mesos,1,0.6931471805599453
MESOS-4839,mesos,3,1.3862943611198906
MESOS-4840,mesos,2,1.0986122886681098
MESOS-4844,mesos,2,1.0986122886681098
MESOS-4848,mesos,2,1.0986122886681098
MESOS-4849,mesos,2,1.0986122886681098
MESOS-4850,mesos,3,1.3862943611198906
MESOS-4854,mesos,1,0.6931471805599453
MESOS-4858,mesos,3,1.3862943611198906
MESOS-4859,mesos,1,0.6931471805599453
MESOS-4860,mesos,2,1.0986122886681098
MESOS-4861,mesos,2,1.0986122886681098
MESOS-4863,mesos,2,1.0986122886681098
MESOS-4864,mesos,3,1.3862943611198906
MESOS-4865,mesos,3,1.3862943611198906
MESOS-4868,mesos,1,0.6931471805599453
MESOS-4872,mesos,3,1.3862943611198906
MESOS-4873,mesos,5,1.791759469228055
MESOS-4877,mesos,3,1.3862943611198906
MESOS-4879,mesos,1,0.6931471805599453
MESOS-4881,mesos,2,1.0986122886681098
MESOS-4882,mesos,5,1.791759469228055
MESOS-4886,mesos,3,1.3862943611198906
MESOS-4888,mesos,2,1.0986122886681098
MESOS-4889,mesos,5,1.791759469228055
MESOS-4891,mesos,8,2.1972245773362196
MESOS-4902,mesos,5,1.791759469228055
MESOS-4903,mesos,3,1.3862943611198906
MESOS-4908,mesos,5,1.791759469228055
MESOS-4909,mesos,5,1.791759469228055
MESOS-4910,mesos,1,0.6931471805599453
MESOS-4911,mesos,1,0.6931471805599453
MESOS-4912,mesos,3,1.3862943611198906
MESOS-4914,mesos,1,0.6931471805599453
MESOS-4916,mesos,8,2.1972245773362196
MESOS-4917,mesos,3,1.3862943611198906
MESOS-4918,mesos,3,1.3862943611198906
MESOS-4922,mesos,5,1.791759469228055
MESOS-4926,mesos,2,1.0986122886681098
MESOS-4927,mesos,1,0.6931471805599453
MESOS-4928,mesos,1,0.6931471805599453
MESOS-4932,mesos,5,1.791759469228055
MESOS-4933,mesos,3,1.3862943611198906
MESOS-4934,mesos,2,1.0986122886681098
MESOS-4937,mesos,5,1.791759469228055
MESOS-4938,mesos,5,1.791759469228055
MESOS-4939,mesos,3,1.3862943611198906
MDL-1626,moodle,100,4.61512051684126
MDL-3714,moodle,100,4.61512051684126
MDL-5583,moodle,20,3.044522437723423
MDL-8501,moodle,20,3.044522437723423
MDL-10115,moodle,13,2.6390573296152584
MDL-12403,moodle,100,4.61512051684126
MDL-13114,moodle,100,4.61512051684126
MDL-16073,moodle,4,1.6094379124341003
MDL-16474,moodle,8,2.1972245773362196
MDL-16982,moodle,40,3.713572066704308
MDL-17081,moodle,20,3.044522437723423
MDL-18014,moodle,40,3.713572066704308
MDL-18229,moodle,100,4.61512051684126
MDL-18375,moodle,100,4.61512051684126
MDL-18633,moodle,2,1.0986122886681098
MDL-18770,moodle,13,2.6390573296152584
MDL-20045,moodle,40,3.713572066704308
MDL-20250,moodle,40,3.713572066704308
MDL-21180,moodle,40,3.713572066704308
MDL-21415,moodle,20,3.044522437723423
MDL-21469,moodle,3,1.3862943611198906
MDL-22236,moodle,40,3.713572066704308
MDL-22669,moodle,8,2.1972245773362196
MDL-23646,moodle,20,3.044522437723423
MDL-24120,moodle,20,3.044522437723423
MDL-24287,moodle,13,2.6390573296152584
MDL-24343,moodle,3,1.3862943611198906
MDL-24380,moodle,3,1.3862943611198906
MDL-24775,moodle,20,3.044522437723423
MDL-25473,moodle,5,1.791759469228055
MDL-25544,moodle,100,4.61512051684126
MDL-26170,moodle,8,2.1972245773362196
MDL-26244,moodle,8,2.1972245773362196
MDL-26408,moodle,2,1.0986122886681098
MDL-27158,moodle,20,3.044522437723423
MDL-27339,moodle,5,1.791759469228055
MDL-27953,moodle,8,2.1972245773362196
MDL-28162,moodle,100,4.61512051684126
MDL-28448,moodle,20,3.044522437723423
MDL-28631,moodle,40,3.713572066704308
MDL-29070,moodle,3,1.3862943611198906
MDL-29441,moodle,4,1.6094379124341003
MDL-30195,moodle,20,3.044522437723423
MDL-30431,moodle,13,2.6390573296152584
MDL-30668,moodle,20,3.044522437723423
MDL-30812,moodle,20,3.044522437723423
MDL-30839,moodle,20,3.044522437723423
MDL-30852,moodle,8,2.1972245773362196
MDL-30895,moodle,13,2.6390573296152584
MDL-31089,moodle,40,3.713572066704308
MDL-31356,moodle,40,3.713572066704308
MDL-31379,moodle,5,1.791759469228055
MDL-31410,moodle,3,1.3862943611198906
MDL-31501,moodle,100,4.61512051684126
MDL-31560,moodle,8,2.1972245773362196
MDL-31597,moodle,13,2.6390573296152584
MDL-31625,moodle,13,2.6390573296152584
MDL-31776,moodle,100,4.61512051684126
MDL-31830,moodle,100,4.61512051684126
MDL-31989,moodle,20,3.044522437723423
MDL-32275,moodle,8,2.1972245773362196
MDL-32450,moodle,8,2.1972245773362196
MDL-32570,moodle,2,1.0986122886681098
MDL-32592,moodle,2,1.0986122886681098
MDL-32746,moodle,3,1.3862943611198906
MDL-32862,moodle,13,2.6390573296152584
MDL-32917,moodle,13,2.6390573296152584
MDL-33057,moodle,100,4.61512051684126
MDL-33343,moodle,5,1.791759469228055
MDL-33600,moodle,8,2.1972245773362196
MDL-33618,moodle,13,2.6390573296152584
MDL-33741,moodle,4,1.6094379124341003
MDL-34055,moodle,8,2.1972245773362196
MDL-34161,moodle,1,0.6931471805599453
MDL-34182,moodle,8,2.1972245773362196
MDL-34209,moodle,20,3.044522437723423
MDL-34248,moodle,13,2.6390573296152584
MDL-34321,moodle,8,2.1972245773362196
MDL-34356,moodle,3,1.3862943611198906
MDL-34397,moodle,100,4.61512051684126
MDL-34426,moodle,20,3.044522437723423
MDL-34432,moodle,8,2.1972245773362196
MDL-34434,moodle,40,3.713572066704308
MDL-34454,moodle,1,0.6931471805599453
MDL-34472,moodle,3,1.3862943611198906
MDL-34496,moodle,20,3.044522437723423
MDL-34587,moodle,40,3.713572066704308
MDL-34684,moodle,20,3.044522437723423
MDL-34744,moodle,40,3.713572066704308
MDL-35009,moodle,1,0.6931471805599453
MDL-35024,moodle,5,1.791759469228055
MDL-35032,moodle,8,2.1972245773362196
MDL-35146,moodle,13,2.6390573296152584
MDL-35423,moodle,5,1.791759469228055
MDL-35848,moodle,8,2.1972245773362196
MDL-35919,moodle,8,2.1972245773362196
MDL-35922,moodle,3,1.3862943611198906
MDL-35923,moodle,2,1.0986122886681098
MDL-35925,moodle,13,2.6390573296152584
MDL-35926,moodle,8,2.1972245773362196
MDL-35927,moodle,2,1.0986122886681098
MDL-35928,moodle,3,1.3862943611198906
MDL-35930,moodle,8,2.1972245773362196
MDL-35931,moodle,8,2.1972245773362196
MDL-35933,moodle,2,1.0986122886681098
MDL-35934,moodle,8,2.1972245773362196
MDL-35973,moodle,5,1.791759469228055
MDL-35981,moodle,3,1.3862943611198906
MDL-35984,moodle,20,3.044522437723423
MDL-36002,moodle,8,2.1972245773362196
MDL-36003,moodle,20,3.044522437723423
MDL-36005,moodle,20,3.044522437723423
MDL-36009,moodle,20,3.044522437723423
MDL-36011,moodle,3,1.3862943611198906
MDL-36034,moodle,20,3.044522437723423
MDL-36063,moodle,3,1.3862943611198906
MDL-36081,moodle,100,4.61512051684126
MDL-36082,moodle,100,4.61512051684126
MDL-36088,moodle,40,3.713572066704308
MDL-36126,moodle,13,2.6390573296152584
MDL-36175,moodle,13,2.6390573296152584
MDL-36334,moodle,20,3.044522437723423
MDL-36404,moodle,100,4.61512051684126
MDL-36460,moodle,13,2.6390573296152584
MDL-36803,moodle,20,3.044522437723423
MDL-36836,moodle,8,2.1972245773362196
MDL-36847,moodle,8,2.1972245773362196
MDL-36984,moodle,13,2.6390573296152584
MDL-37016,moodle,8,2.1972245773362196
MDL-37023,moodle,13,2.6390573296152584
MDL-37145,moodle,40,3.713572066704308
MDL-37148,moodle,8,2.1972245773362196
MDL-37181,moodle,13,2.6390573296152584
MDL-37243,moodle,40,3.713572066704308
MDL-37312,moodle,13,2.6390573296152584
MDL-37324,moodle,2,1.0986122886681098
MDL-37528,moodle,13,2.6390573296152584
MDL-37565,moodle,20,3.044522437723423
MDL-37679,moodle,5,1.791759469228055
MDL-37717,moodle,2,1.0986122886681098
MDL-37812,moodle,40,3.713572066704308
MDL-37813,moodle,3,1.3862943611198906
MDL-37824,moodle,8,2.1972245773362196
MDL-37877,moodle,40,3.713572066704308
MDL-37972,moodle,3,1.3862943611198906
MDL-38228,moodle,20,3.044522437723423
MDL-38325,moodle,40,3.713572066704308
MDL-38347,moodle,3,1.3862943611198906
MDL-38561,moodle,100,4.61512051684126
MDL-38628,moodle,3,1.3862943611198906
MDL-38664,moodle,8,2.1972245773362196
MDL-38693,moodle,8,2.1972245773362196
MDL-38698,moodle,13,2.6390573296152584
MDL-38732,moodle,40,3.713572066704308
MDL-38758,moodle,5,1.791759469228055
MDL-38768,moodle,8,2.1972245773362196
MDL-38771,moodle,5,1.791759469228055
MDL-38780,moodle,13,2.6390573296152584
MDL-38827,moodle,40,3.713572066704308
MDL-38832,moodle,2,1.0986122886681098
MDL-38868,moodle,8,2.1972245773362196
MDL-38903,moodle,100,4.61512051684126
MDL-38923,moodle,13,2.6390573296152584
MDL-39001,moodle,100,4.61512051684126
MDL-39044,moodle,2,1.0986122886681098
MDL-39150,moodle,40,3.713572066704308
MDL-39152,moodle,13,2.6390573296152584
MDL-39153,moodle,5,1.791759469228055
MDL-39154,moodle,20,3.044522437723423
MDL-39227,moodle,5,1.791759469228055
MDL-39299,moodle,8,2.1972245773362196
MDL-39350,moodle,8,2.1972245773362196
MDL-39393,moodle,8,2.1972245773362196
MDL-39569,moodle,8,2.1972245773362196
MDL-39603,moodle,8,2.1972245773362196
MDL-39608,moodle,3,1.3862943611198906
MDL-39653,moodle,2,1.0986122886681098
MDL-39661,moodle,5,1.791759469228055
MDL-39675,moodle,13,2.6390573296152584
MDL-39715,moodle,100,4.61512051684126
MDL-39736,moodle,20,3.044522437723423
MDL-39737,moodle,20,3.044522437723423
MDL-39746,moodle,5,1.791759469228055
MDL-39748,moodle,8,2.1972245773362196
MDL-39749,moodle,100,4.61512051684126
MDL-39750,moodle,8,2.1972245773362196
MDL-39769,moodle,40,3.713572066704308
MDL-39770,moodle,20,3.044522437723423
MDL-39771,moodle,13,2.6390573296152584
MDL-39776,moodle,13,2.6390573296152584
MDL-39779,moodle,3,1.3862943611198906
MDL-39782,moodle,5,1.791759469228055
MDL-39792,moodle,20,3.044522437723423
MDL-39794,moodle,5,1.791759469228055
MDL-39796,moodle,3,1.3862943611198906
MDL-39812,moodle,20,3.044522437723423
MDL-39813,moodle,3,1.3862943611198906
MDL-39814,moodle,40,3.713572066704308
MDL-39815,moodle,3,1.3862943611198906
MDL-39817,moodle,100,4.61512051684126
MDL-39844,moodle,20,3.044522437723423
MDL-39845,moodle,20,3.044522437723423
MDL-39846,moodle,20,3.044522437723423
MDL-39848,moodle,5,1.791759469228055
MDL-39850,moodle,5,1.791759469228055
MDL-39851,moodle,60,4.110873864173311
MDL-39854,moodle,40,3.713572066704308
MDL-39873,moodle,5,1.791759469228055
MDL-39883,moodle,13,2.6390573296152584
MDL-39884,moodle,13,2.6390573296152584
MDL-39888,moodle,20,3.044522437723423
MDL-39933,moodle,100,4.61512051684126
MDL-39949,moodle,3,1.3862943611198906
MDL-39950,moodle,40,3.713572066704308
MDL-39953,moodle,20,3.044522437723423
MDL-39954,moodle,40,3.713572066704308
MDL-39955,moodle,20,3.044522437723423
MDL-39956,moodle,8,2.1972245773362196
MDL-39957,moodle,20,3.044522437723423
MDL-39958,moodle,20,3.044522437723423
MDL-39959,moodle,20,3.044522437723423
MDL-39960,moodle,8,2.1972245773362196
MDL-39961,moodle,40,3.713572066704308
MDL-39962,moodle,20,3.044522437723423
MDL-39963,moodle,40,3.713572066704308
MDL-40003,moodle,5,1.791759469228055
MDL-40020,moodle,20,3.044522437723423
MDL-40034,moodle,40,3.713572066704308
MDL-40037,moodle,13,2.6390573296152584
MDL-40039,moodle,5,1.791759469228055
MDL-40040,moodle,20,3.044522437723423
MDL-40041,moodle,40,3.713572066704308
MDL-40042,moodle,20,3.044522437723423
MDL-40043,moodle,20,3.044522437723423
MDL-40044,moodle,13,2.6390573296152584
MDL-40045,moodle,20,3.044522437723423
MDL-40046,moodle,20,3.044522437723423
MDL-40047,moodle,20,3.044522437723423
MDL-40048,moodle,20,3.044522437723423
MDL-40049,moodle,20,3.044522437723423
MDL-40050,moodle,40,3.713572066704308
MDL-40051,moodle,20,3.044522437723423
MDL-40052,moodle,20,3.044522437723423
MDL-40053,moodle,13,2.6390573296152584
MDL-40054,moodle,40,3.713572066704308
MDL-40055,moodle,40,3.713572066704308
MDL-40056,moodle,40,3.713572066704308
MDL-40057,moodle,40,3.713572066704308
MDL-40058,moodle,40,3.713572066704308
MDL-40059,moodle,40,3.713572066704308
MDL-40060,moodle,40,3.713572066704308
MDL-40061,moodle,40,3.713572066704308
MDL-40062,moodle,40,3.713572066704308
MDL-40063,moodle,100,4.61512051684126
MDL-40079,moodle,40,3.713572066704308
MDL-40107,moodle,2,1.0986122886681098
MDL-40126,moodle,8,2.1972245773362196
MDL-40205,moodle,5,1.791759469228055
MDL-40220,moodle,5,1.791759469228055
MDL-40228,moodle,8,2.1972245773362196
MDL-40230,moodle,40,3.713572066704308
MDL-40248,moodle,3,1.3862943611198906
MDL-40249,moodle,5,1.791759469228055
MDL-40250,moodle,5,1.791759469228055
MDL-40338,moodle,40,3.713572066704308
MDL-40363,moodle,8,2.1972245773362196
MDL-40369,moodle,3,1.3862943611198906
MDL-40436,moodle,5,1.791759469228055
MDL-40493,moodle,5,1.791759469228055
MDL-40662,moodle,8,2.1972245773362196
MDL-40668,moodle,8,2.1972245773362196
MDL-40685,moodle,100,4.61512051684126
MDL-40693,moodle,3,1.3862943611198906
MDL-40697,moodle,40,3.713572066704308
MDL-40705,moodle,3,1.3862943611198906
MDL-40722,moodle,13,2.6390573296152584
MDL-40750,moodle,20,3.044522437723423
MDL-40752,moodle,5,1.791759469228055
MDL-40768,moodle,8,2.1972245773362196
MDL-40769,moodle,20,3.044522437723423
MDL-40770,moodle,20,3.044522437723423
MDL-40786,moodle,8,2.1972245773362196
MDL-40805,moodle,40,3.713572066704308
MDL-40821,moodle,2,1.0986122886681098
MDL-40833,moodle,3,1.3862943611198906
MDL-40849,moodle,20,3.044522437723423
MDL-40874,moodle,20,3.044522437723423
MDL-40907,moodle,30,3.4339872044851463
MDL-40908,moodle,40,3.713572066704308
MDL-40909,moodle,20,3.044522437723423
MDL-40910,moodle,13,2.6390573296152584
MDL-40911,moodle,8,2.1972245773362196
MDL-40912,moodle,20,3.044522437723423
MDL-40913,moodle,20,3.044522437723423
MDL-40914,moodle,8,2.1972245773362196
MDL-40915,moodle,20,3.044522437723423
MDL-40916,moodle,8,2.1972245773362196
MDL-40917,moodle,8,2.1972245773362196
MDL-40918,moodle,8,2.1972245773362196
MDL-40919,moodle,20,3.044522437723423
MDL-40920,moodle,8,2.1972245773362196
MDL-40921,moodle,40,3.713572066704308
MDL-40922,moodle,8,2.1972245773362196
MDL-40932,moodle,3,1.3862943611198906
MDL-40962,moodle,5,1.791759469228055
MDL-40975,moodle,100,4.61512051684126
MDL-41031,moodle,13,2.6390573296152584
MDL-41033,moodle,8,2.1972245773362196
MDL-41039,moodle,40,3.713572066704308
MDL-41062,moodle,20,3.044522437723423
MDL-41067,moodle,13,2.6390573296152584
MDL-41071,moodle,8,2.1972245773362196
MDL-41075,moodle,8,2.1972245773362196
MDL-41082,moodle,8,2.1972245773362196
MDL-41098,moodle,20,3.044522437723423
MDL-41100,moodle,8,2.1972245773362196
MDL-41101,moodle,40,3.713572066704308
MDL-41123,moodle,8,2.1972245773362196
MDL-41128,moodle,4,1.6094379124341003
MDL-41131,moodle,8,2.1972245773362196
MDL-41133,moodle,8,2.1972245773362196
MDL-41137,moodle,8,2.1972245773362196
MDL-41138,moodle,5,1.791759469228055
MDL-41152,moodle,20,3.044522437723423
MDL-41159,moodle,1,0.6931471805599453
MDL-41161,moodle,100,4.61512051684126
MDL-41170,moodle,8,2.1972245773362196
MDL-41176,moodle,2,1.0986122886681098
MDL-41185,moodle,13,2.6390573296152584
MDL-41187,moodle,52,3.970291913552122
MDL-41188,moodle,13,2.6390573296152584
MDL-41189,moodle,13,2.6390573296152584
MDL-41197,moodle,2,1.0986122886681098
MDL-41200,moodle,8,2.1972245773362196
MDL-41208,moodle,2,1.0986122886681098
MDL-41213,moodle,5,1.791759469228055
MDL-41214,moodle,8,2.1972245773362196
MDL-41215,moodle,8,2.1972245773362196
MDL-41220,moodle,2,1.0986122886681098
MDL-41226,moodle,5,1.791759469228055
MDL-41227,moodle,5,1.791759469228055
MDL-41229,moodle,5,1.791759469228055
MDL-41230,moodle,3,1.3862943611198906
MDL-41231,moodle,4,1.6094379124341003
MDL-41232,moodle,3,1.3862943611198906
MDL-41235,moodle,2,1.0986122886681098
MDL-41236,moodle,13,2.6390573296152584
MDL-41237,moodle,8,2.1972245773362196
MDL-41238,moodle,13,2.6390573296152584
MDL-41251,moodle,13,2.6390573296152584
MDL-41252,moodle,13,2.6390573296152584
MDL-41266,moodle,8,2.1972245773362196
MDL-41267,moodle,5,1.791759469228055
MDL-41268,moodle,8,2.1972245773362196
MDL-41269,moodle,8,2.1972245773362196
MDL-41270,moodle,40,3.713572066704308
MDL-41271,moodle,8,2.1972245773362196
MDL-41272,moodle,20,3.044522437723423
MDL-41273,moodle,5,1.791759469228055
MDL-41274,moodle,13,2.6390573296152584
MDL-41275,moodle,8,2.1972245773362196
MDL-41276,moodle,13,2.6390573296152584
MDL-41277,moodle,13,2.6390573296152584
MDL-41278,moodle,13,2.6390573296152584
MDL-41279,moodle,13,2.6390573296152584
MDL-41280,moodle,13,2.6390573296152584
MDL-41281,moodle,13,2.6390573296152584
MDL-41283,moodle,20,3.044522437723423
MDL-41284,moodle,40,3.713572066704308
MDL-41285,moodle,20,3.044522437723423
MDL-41286,moodle,40,3.713572066704308
MDL-41287,moodle,100,4.61512051684126
MDL-41289,moodle,5,1.791759469228055
MDL-41307,moodle,2,1.0986122886681098
MDL-41316,moodle,3,1.3862943611198906
MDL-41337,moodle,20,3.044522437723423
MDL-41347,moodle,3,1.3862943611198906
MDL-41352,moodle,13,2.6390573296152584
MDL-41379,moodle,5,1.791759469228055
MDL-41385,moodle,20,3.044522437723423
MDL-41387,moodle,1,0.6931471805599453
MDL-41389,moodle,8,2.1972245773362196
MDL-41398,moodle,8,2.1972245773362196
MDL-41413,moodle,8,2.1972245773362196
MDL-41415,moodle,1,0.6931471805599453
MDL-41419,moodle,2,1.0986122886681098
MDL-41428,moodle,3,1.3862943611198906
MDL-41437,moodle,20,3.044522437723423
MDL-41438,moodle,2,1.0986122886681098
MDL-41440,moodle,1,0.6931471805599453
MDL-41447,moodle,20,3.044522437723423
MDL-41456,moodle,1,0.6931471805599453
MDL-41481,moodle,100,4.61512051684126
MDL-41504,moodle,20,3.044522437723423
MDL-41505,moodle,8,2.1972245773362196
MDL-41534,moodle,1,0.6931471805599453
MDL-41538,moodle,2,1.0986122886681098
MDL-41541,moodle,2,1.0986122886681098
MDL-41551,moodle,100,4.61512051684126
MDL-41559,moodle,3,1.3862943611198906
MDL-41565,moodle,2,1.0986122886681098
MDL-41569,moodle,40,3.713572066704308
MDL-41589,moodle,2,1.0986122886681098
MDL-41591,moodle,8,2.1972245773362196
MDL-41604,moodle,13,2.6390573296152584
MDL-41605,moodle,2,1.0986122886681098
MDL-41608,moodle,5,1.791759469228055
MDL-41615,moodle,8,2.1972245773362196
MDL-41619,moodle,1,0.6931471805599453
MDL-41633,moodle,20,3.044522437723423
MDL-41664,moodle,8,2.1972245773362196
MDL-41690,moodle,3,1.3862943611198906
MDL-41699,moodle,8,2.1972245773362196
MDL-41702,moodle,8,2.1972245773362196
MDL-41707,moodle,4,1.6094379124341003
MDL-41713,moodle,13,2.6390573296152584
MDL-41716,moodle,5,1.791759469228055
MDL-41726,moodle,100,4.61512051684126
MDL-41773,moodle,100,4.61512051684126
MDL-41787,moodle,2,1.0986122886681098
MDL-41792,moodle,100,4.61512051684126
MDL-41796,moodle,5,1.791759469228055
MDL-41800,moodle,8,2.1972245773362196
MDL-41805,moodle,8,2.1972245773362196
MDL-41811,moodle,20,3.044522437723423
MDL-41819,moodle,40,3.713572066704308
MDL-41824,moodle,40,3.713572066704308
MDL-41833,moodle,2,1.0986122886681098
MDL-41843,moodle,5,1.791759469228055
MDL-41856,moodle,20,3.044522437723423
MDL-41870,moodle,4,1.6094379124341003
MDL-41885,moodle,8,2.1972245773362196
MDL-41903,moodle,2,1.0986122886681098
MDL-41904,moodle,2,1.0986122886681098
MDL-41935,moodle,5,1.791759469228055
MDL-41938,moodle,13,2.6390573296152584
MDL-41953,moodle,2,1.0986122886681098
MDL-41960,moodle,24,3.2188758248682006
MDL-41962,moodle,5,1.791759469228055
MDL-41989,moodle,5,1.791759469228055
MDL-41993,moodle,1,0.6931471805599453
MDL-41994,moodle,3,1.3862943611198906
MDL-41995,moodle,3,1.3862943611198906
MDL-41999,moodle,2,1.0986122886681098
MDL-42001,moodle,5,1.791759469228055
MDL-42002,moodle,40,3.713572066704308
MDL-42003,moodle,5,1.791759469228055
MDL-42004,moodle,5,1.791759469228055
MDL-42014,moodle,20,3.044522437723423
MDL-42015,moodle,13,2.6390573296152584
MDL-42021,moodle,2,1.0986122886681098
MDL-42023,moodle,13,2.6390573296152584
MDL-42025,moodle,20,3.044522437723423
MDL-42026,moodle,1,0.6931471805599453
MDL-42028,moodle,20,3.044522437723423
MDL-42029,moodle,8,2.1972245773362196
MDL-42030,moodle,3,1.3862943611198906
MDL-42040,moodle,4,1.6094379124341003
MDL-42044,moodle,3,1.3862943611198906
MDL-42047,moodle,1,0.6931471805599453
MDL-42054,moodle,2,1.0986122886681098
MDL-42078,moodle,40,3.713572066704308
MDL-42079,moodle,40,3.713572066704308
MDL-42081,moodle,5,1.791759469228055
MDL-42082,moodle,2,1.0986122886681098
MDL-42085,moodle,5,1.791759469228055
MDL-42091,moodle,2,1.0986122886681098
MDL-42097,moodle,8,2.1972245773362196
MDL-42098,moodle,8,2.1972245773362196
MDL-42100,moodle,2,1.0986122886681098
MDL-42102,moodle,100,4.61512051684126
MDL-42110,moodle,13,2.6390573296152584
MDL-42111,moodle,8,2.1972245773362196
MDL-42117,moodle,13,2.6390573296152584
MDL-42129,moodle,2,1.0986122886681098
MDL-42130,moodle,2,1.0986122886681098
MDL-42131,moodle,1,0.6931471805599453
MDL-42144,moodle,2,1.0986122886681098
MDL-42147,moodle,13,2.6390573296152584
MDL-42149,moodle,20,3.044522437723423
MDL-42150,moodle,1,0.6931471805599453
MDL-42152,moodle,5,1.791759469228055
MDL-42173,moodle,8,2.1972245773362196
MDL-42195,moodle,13,2.6390573296152584
MDL-42199,moodle,2,1.0986122886681098
MDL-42201,moodle,8,2.1972245773362196
MDL-42206,moodle,2,1.0986122886681098
MDL-42207,moodle,8,2.1972245773362196
MDL-42208,moodle,5,1.791759469228055
MDL-42212,moodle,13,2.6390573296152584
MDL-42214,moodle,8,2.1972245773362196
MDL-42217,moodle,4,1.6094379124341003
MDL-42223,moodle,13,2.6390573296152584
MDL-42224,moodle,5,1.791759469228055
MDL-42225,moodle,5,1.791759469228055
MDL-42226,moodle,5,1.791759469228055
MDL-42227,moodle,20,3.044522437723423
MDL-42235,moodle,8,2.1972245773362196
MDL-42236,moodle,20,3.044522437723423
MDL-42237,moodle,20,3.044522437723423
MDL-42239,moodle,5,1.791759469228055
MDL-42241,moodle,2,1.0986122886681098
MDL-42243,moodle,2,1.0986122886681098
MDL-42269,moodle,40,3.713572066704308
MDL-42276,moodle,20,3.044522437723423
MDL-42280,moodle,8,2.1972245773362196
MDL-42285,moodle,8,2.1972245773362196
MDL-42289,moodle,41,3.7376696182833684
MDL-42292,moodle,1,0.6931471805599453
MDL-42293,moodle,5,1.791759469228055
MDL-42317,moodle,20,3.044522437723423
MDL-42330,moodle,3,1.3862943611198906
MDL-42331,moodle,3,1.3862943611198906
MDL-42332,moodle,5,1.791759469228055
MDL-42339,moodle,13,2.6390573296152584
MDL-42340,moodle,2,1.0986122886681098
MDL-42342,moodle,3,1.3862943611198906
MDL-42356,moodle,1,0.6931471805599453
MDL-42360,moodle,13,2.6390573296152584
MDL-42377,moodle,2,1.0986122886681098
MDL-42381,moodle,3,1.3862943611198906
MDL-42386,moodle,2,1.0986122886681098
MDL-42387,moodle,5,1.791759469228055
MDL-42390,moodle,13,2.6390573296152584
MDL-42392,moodle,3,1.3862943611198906
MDL-42393,moodle,13,2.6390573296152584
MDL-42405,moodle,1,0.6931471805599453
MDL-42414,moodle,2,1.0986122886681098
MDL-42421,moodle,2,1.0986122886681098
MDL-42428,moodle,20,3.044522437723423
MDL-42429,moodle,5,1.791759469228055
MDL-42433,moodle,3,1.3862943611198906
MDL-42438,moodle,5,1.791759469228055
MDL-42440,moodle,1,0.6931471805599453
MDL-42442,moodle,1,0.6931471805599453
MDL-42461,moodle,5,1.791759469228055
MDL-42465,moodle,3,1.3862943611198906
MDL-42467,moodle,8,2.1972245773362196
MDL-42481,moodle,13,2.6390573296152584
MDL-42493,moodle,2,1.0986122886681098
MDL-42496,moodle,5,1.791759469228055
MDL-42497,moodle,8,2.1972245773362196
MDL-42512,moodle,5,1.791759469228055
MDL-42525,moodle,3,1.3862943611198906
MDL-42541,moodle,20,3.044522437723423
MDL-42547,moodle,8,2.1972245773362196
MDL-42553,moodle,5,1.791759469228055
MDL-42575,moodle,8,2.1972245773362196
MDL-42585,moodle,20,3.044522437723423
MDL-42588,moodle,5,1.791759469228055
MDL-42597,moodle,13,2.6390573296152584
MDL-42612,moodle,1,0.6931471805599453
MDL-42682,moodle,3,1.3862943611198906
MDL-42748,moodle,3,1.3862943611198906
MDL-42752,moodle,20,3.044522437723423
MDL-42767,moodle,13,2.6390573296152584
MDL-42797,moodle,2,1.0986122886681098
MDL-42801,moodle,5,1.791759469228055
MDL-42834,moodle,40,3.713572066704308
MDL-42882,moodle,20,3.044522437723423
MDL-42884,moodle,5,1.791759469228055
MDL-42885,moodle,8,2.1972245773362196
MDL-42889,moodle,2,1.0986122886681098
MDL-42890,moodle,13,2.6390573296152584
MDL-42891,moodle,20,3.044522437723423
MDL-42892,moodle,20,3.044522437723423
MDL-42894,moodle,20,3.044522437723423
MDL-42896,moodle,20,3.044522437723423
MDL-42898,moodle,100,4.61512051684126
MDL-42904,moodle,8,2.1972245773362196
MDL-42909,moodle,5,1.791759469228055
MDL-42924,moodle,5,1.791759469228055
MDL-42928,moodle,100,4.61512051684126
MDL-42931,moodle,13,2.6390573296152584
MDL-42934,moodle,5,1.791759469228055
MDL-42935,moodle,13,2.6390573296152584
MDL-42956,moodle,13,2.6390573296152584
MDL-42962,moodle,8,2.1972245773362196
MDL-42973,moodle,40,3.713572066704308
MDL-42980,moodle,8,2.1972245773362196
MDL-42983,moodle,20,3.044522437723423
MDL-42993,moodle,13,2.6390573296152584
MDL-42995,moodle,8,2.1972245773362196
MDL-43005,moodle,4,1.6094379124341003
MDL-43008,moodle,10,2.3978952727983707
MDL-43010,moodle,5,1.791759469228055
MDL-43028,moodle,8,2.1972245773362196
MDL-43037,moodle,5,1.791759469228055
MDL-43044,moodle,13,2.6390573296152584
MDL-43058,moodle,3,1.3862943611198906
MDL-43062,moodle,8,2.1972245773362196
MDL-43063,moodle,3,1.3862943611198906
MDL-43106,moodle,3,1.3862943611198906
MDL-43117,moodle,2,1.0986122886681098
MDL-43137,moodle,2,1.0986122886681098
MDL-43140,moodle,2,1.0986122886681098
MDL-43142,moodle,3,1.3862943611198906
MDL-43167,moodle,40,3.713572066704308
MDL-43171,moodle,20,3.044522437723423
MDL-43175,moodle,5,1.791759469228055
MDL-43178,moodle,5,1.791759469228055
MDL-43188,moodle,5,1.791759469228055
MDL-43196,moodle,2,1.0986122886681098
MDL-43197,moodle,20,3.044522437723423
MDL-43213,moodle,8,2.1972245773362196
MDL-43215,moodle,3,1.3862943611198906
MDL-43238,moodle,13,2.6390573296152584
MDL-43250,moodle,3,1.3862943611198906
MDL-43262,moodle,8,2.1972245773362196
MDL-43266,moodle,13,2.6390573296152584
MDL-43267,moodle,100,4.61512051684126
MDL-43268,moodle,2,1.0986122886681098
MDL-43270,moodle,5,1.791759469228055
MDL-43271,moodle,5,1.791759469228055
MDL-43273,moodle,5,1.791759469228055
MDL-43274,moodle,8,2.1972245773362196
MDL-43281,moodle,3,1.3862943611198906
MDL-43284,moodle,40,3.713572066704308
MDL-43289,moodle,20,3.044522437723423
MDL-43291,moodle,40,3.713572066704308
MDL-43292,moodle,20,3.044522437723423
MDL-43293,moodle,20,3.044522437723423
MDL-43294,moodle,20,3.044522437723423
MDL-43295,moodle,13,2.6390573296152584
MDL-43302,moodle,5,1.791759469228055
MDL-43306,moodle,13,2.6390573296152584
MDL-43307,moodle,5,1.791759469228055
MDL-43314,moodle,3,1.3862943611198906
MDL-43318,moodle,5,1.791759469228055
MDL-43323,moodle,5,1.791759469228055
MDL-43325,moodle,3,1.3862943611198906
MDL-43326,moodle,4,1.6094379124341003
MDL-43330,moodle,8,2.1972245773362196
MDL-43332,moodle,40,3.713572066704308
MDL-43367,moodle,4,1.6094379124341003
MDL-43378,moodle,100,4.61512051684126
MDL-43395,moodle,13,2.6390573296152584
MDL-43402,moodle,3,1.3862943611198906
MDL-43410,moodle,8,2.1972245773362196
MDL-43411,moodle,5,1.791759469228055
MDL-43422,moodle,20,3.044522437723423
MDL-43437,moodle,2,1.0986122886681098
MDL-43451,moodle,5,1.791759469228055
MDL-43481,moodle,3,1.3862943611198906
MDL-43488,moodle,2,1.0986122886681098
MDL-43503,moodle,2,1.0986122886681098
MDL-43506,moodle,5,1.791759469228055
MDL-43510,moodle,2,1.0986122886681098
MDL-43511,moodle,2,1.0986122886681098
MDL-43515,moodle,2,1.0986122886681098
MDL-43521,moodle,2,1.0986122886681098
MDL-43524,moodle,4,1.6094379124341003
MDL-43525,moodle,20,3.044522437723423
MDL-43527,moodle,2,1.0986122886681098
MDL-43528,moodle,2,1.0986122886681098
MDL-43529,moodle,2,1.0986122886681098
MDL-43537,moodle,2,1.0986122886681098
MDL-43556,moodle,20,3.044522437723423
MDL-43557,moodle,20,3.044522437723423
MDL-43598,moodle,5,1.791759469228055
MDL-43604,moodle,2,1.0986122886681098
MDL-43605,moodle,20,3.044522437723423
MDL-43641,moodle,3,1.3862943611198906
MDL-43661,moodle,4,1.6094379124341003
MDL-43664,moodle,5,1.791759469228055
MDL-43684,moodle,5,1.791759469228055
MDL-43688,moodle,5,1.791759469228055
MDL-43714,moodle,5,1.791759469228055
MDL-43723,moodle,8,2.1972245773362196
MDL-43725,moodle,3,1.3862943611198906
MDL-43737,moodle,5,1.791759469228055
MDL-43740,moodle,13,2.6390573296152584
MDL-43746,moodle,2,1.0986122886681098
MDL-43761,moodle,8,2.1972245773362196
MDL-43784,moodle,20,3.044522437723423
MDL-43786,moodle,100,4.61512051684126
MDL-43839,moodle,8,2.1972245773362196
MDL-43842,moodle,5,1.791759469228055
MDL-43849,moodle,13,2.6390573296152584
MDL-43853,moodle,8,2.1972245773362196
MDL-43854,moodle,2,1.0986122886681098
MDL-43855,moodle,20,3.044522437723423
MDL-43856,moodle,40,3.713572066704308
MDL-43857,moodle,40,3.713572066704308
MDL-43858,moodle,13,2.6390573296152584
MDL-43859,moodle,8,2.1972245773362196
MDL-43860,moodle,8,2.1972245773362196
MDL-43861,moodle,20,3.044522437723423
MDL-43862,moodle,20,3.044522437723423
MDL-43863,moodle,20,3.044522437723423
MDL-43864,moodle,13,2.6390573296152584
MDL-43865,moodle,3,1.3862943611198906
MDL-43867,moodle,40,3.713572066704308
MDL-43869,moodle,8,2.1972245773362196
MDL-43870,moodle,20,3.044522437723423
MDL-43884,moodle,5,1.791759469228055
MDL-43885,moodle,5,1.791759469228055
MDL-43886,moodle,3,1.3862943611198906
MDL-43893,moodle,3,1.3862943611198906
MDL-43903,moodle,4,1.6094379124341003
MDL-43905,moodle,4,1.6094379124341003
MDL-43911,moodle,5,1.791759469228055
MDL-43931,moodle,20,3.044522437723423
MDL-43941,moodle,3,1.3862943611198906
MDL-43948,moodle,8,2.1972245773362196
MDL-43955,moodle,13,2.6390573296152584
MDL-43965,moodle,3,1.3862943611198906
MDL-43966,moodle,20,3.044522437723423
MDL-43967,moodle,20,3.044522437723423
MDL-43969,moodle,20,3.044522437723423
MDL-43990,moodle,2,1.0986122886681098
MDL-43994,moodle,3,1.3862943611198906
MDL-43997,moodle,8,2.1972245773362196
MDL-43999,moodle,4,1.6094379124341003
MDL-44000,moodle,5,1.791759469228055
MDL-44002,moodle,40,3.713572066704308
MDL-44017,moodle,20,3.044522437723423
MDL-44038,moodle,8,2.1972245773362196
MDL-44040,moodle,20,3.044522437723423
MDL-44042,moodle,5,1.791759469228055
MDL-44063,moodle,40,3.713572066704308
MDL-44067,moodle,8,2.1972245773362196
MDL-44079,moodle,5,1.791759469228055
MDL-44083,moodle,5,1.791759469228055
MDL-44092,moodle,8,2.1972245773362196
MDL-44101,moodle,13,2.6390573296152584
MDL-44106,moodle,20,3.044522437723423
MDL-44107,moodle,40,3.713572066704308
MDL-44124,moodle,20,3.044522437723423
MDL-44127,moodle,2,1.0986122886681098
MDL-44128,moodle,8,2.1972245773362196
MDL-44131,moodle,20,3.044522437723423
MDL-44149,moodle,5,1.791759469228055
MDL-44161,moodle,8,2.1972245773362196
MDL-44164,moodle,100,4.61512051684126
MDL-44215,moodle,13,2.6390573296152584
MDL-44216,moodle,5,1.791759469228055
MDL-44217,moodle,8,2.1972245773362196
MDL-44218,moodle,13,2.6390573296152584
MDL-44219,moodle,40,3.713572066704308
MDL-44220,moodle,13,2.6390573296152584
MDL-44221,moodle,40,3.713572066704308
MDL-44222,moodle,20,3.044522437723423
MDL-44223,moodle,8,2.1972245773362196
MDL-44224,moodle,100,4.61512051684126
MDL-44225,moodle,5,1.791759469228055
MDL-44226,moodle,13,2.6390573296152584
MDL-44227,moodle,8,2.1972245773362196
MDL-44228,moodle,8,2.1972245773362196
MDL-44240,moodle,5,1.791759469228055
MDL-44241,moodle,8,2.1972245773362196
MDL-44243,moodle,5,1.791759469228055
MDL-44298,moodle,100,4.61512051684126
MDL-44316,moodle,40,3.713572066704308
MDL-44338,moodle,8,2.1972245773362196
MDL-44340,moodle,13,2.6390573296152584
MDL-44361,moodle,5,1.791759469228055
MDL-44366,moodle,40,3.713572066704308
MDL-44368,moodle,20,3.044522437723423
MDL-44370,moodle,3,1.3862943611198906
MDL-44430,moodle,5,1.791759469228055
MDL-44447,moodle,40,3.713572066704308
MDL-44475,moodle,3,1.3862943611198906
MDL-44478,moodle,5,1.791759469228055
MDL-44496,moodle,4,1.6094379124341003
MDL-44500,moodle,2,1.0986122886681098
MDL-44512,moodle,3,1.3862943611198906
MDL-44523,moodle,13,2.6390573296152584
MDL-44596,moodle,20,3.044522437723423
MDL-44597,moodle,5,1.791759469228055
MDL-44627,moodle,8,2.1972245773362196
MDL-44637,moodle,100,4.61512051684126
MDL-44704,moodle,3,1.3862943611198906
MDL-44717,moodle,20,3.044522437723423
MDL-44745,moodle,5,1.791759469228055
MDL-44746,moodle,5,1.791759469228055
MDL-44748,moodle,5,1.791759469228055
MDL-44749,moodle,5,1.791759469228055
MDL-44751,moodle,2,1.0986122886681098
MDL-44752,moodle,3,1.3862943611198906
MDL-44754,moodle,3,1.3862943611198906
MDL-44755,moodle,5,1.791759469228055
MDL-44756,moodle,2,1.0986122886681098
MDL-44757,moodle,5,1.791759469228055
MDL-44758,moodle,20,3.044522437723423
MDL-44759,moodle,5,1.791759469228055
MDL-44760,moodle,20,3.044522437723423
MDL-44761,moodle,13,2.6390573296152584
MDL-44762,moodle,13,2.6390573296152584
MDL-44763,moodle,2,1.0986122886681098
MDL-44764,moodle,5,1.791759469228055
MDL-44765,moodle,5,1.791759469228055
MDL-44768,moodle,40,3.713572066704308
MDL-44769,moodle,3,1.3862943611198906
MDL-44770,moodle,8,2.1972245773362196
MDL-44771,moodle,5,1.791759469228055
MDL-44772,moodle,13,2.6390573296152584
MDL-44773,moodle,5,1.791759469228055
MDL-44775,moodle,2,1.0986122886681098
MDL-44776,moodle,5,1.791759469228055
MDL-44777,moodle,3,1.3862943611198906
MDL-44778,moodle,2,1.0986122886681098
MDL-44779,moodle,13,2.6390573296152584
MDL-44780,moodle,5,1.791759469228055
MDL-44781,moodle,2,1.0986122886681098
MDL-44782,moodle,2,1.0986122886681098
MDL-44784,moodle,20,3.044522437723423
MDL-44794,moodle,8,2.1972245773362196
MDL-44806,moodle,5,1.791759469228055
MDL-44808,moodle,2,1.0986122886681098
MDL-44810,moodle,5,1.791759469228055
MDL-44824,moodle,2,1.0986122886681098
MDL-44826,moodle,5,1.791759469228055
MDL-44827,moodle,13,2.6390573296152584
MDL-44830,moodle,8,2.1972245773362196
MDL-44831,moodle,8,2.1972245773362196
MDL-44832,moodle,5,1.791759469228055
MDL-44844,moodle,13,2.6390573296152584
MDL-44846,moodle,8,2.1972245773362196
MDL-44874,moodle,40,3.713572066704308
MDL-44881,moodle,20,3.044522437723423
MDL-44923,moodle,20,3.044522437723423
MDL-44927,moodle,13,2.6390573296152584
MDL-44929,moodle,8,2.1972245773362196
MDL-44949,moodle,2,1.0986122886681098
MDL-45029,moodle,20,3.044522437723423
MDL-45040,moodle,5,1.791759469228055
MDL-45070,moodle,2,1.0986122886681098
MDL-45292,moodle,5,1.791759469228055
MDL-45381,moodle,5,1.791759469228055
MDL-45395,moodle,40,3.713572066704308
MDL-45504,moodle,13,2.6390573296152584
MDL-45562,moodle,8,2.1972245773362196
MDL-45580,moodle,20,3.044522437723423
MDL-45594,moodle,20,3.044522437723423
MDL-45611,moodle,13,2.6390573296152584
MDL-45652,moodle,8,2.1972245773362196
MDL-45721,moodle,5,1.791759469228055
MDL-45754,moodle,100,4.61512051684126
MDL-45772,moodle,20,3.044522437723423
MDL-45780,moodle,13,2.6390573296152584
MDL-45827,moodle,5,1.791759469228055
MDL-45828,moodle,8,2.1972245773362196
MDL-45829,moodle,20,3.044522437723423
MDL-45830,moodle,40,3.713572066704308
MDL-45833,moodle,5,1.791759469228055
MDL-45853,moodle,20,3.044522437723423
MDL-45854,moodle,40,3.713572066704308
MDL-45862,moodle,100,4.61512051684126
MDL-45885,moodle,40,3.713572066704308
MDL-45893,moodle,100,4.61512051684126
MDL-45894,moodle,20,3.044522437723423
MDL-45897,moodle,13,2.6390573296152584
MDL-45916,moodle,20,3.044522437723423
MDL-45918,moodle,13,2.6390573296152584
MDL-45919,moodle,20,3.044522437723423
MDL-45920,moodle,20,3.044522437723423
MDL-45935,moodle,5,1.791759469228055
MDL-45936,moodle,8,2.1972245773362196
MDL-45938,moodle,40,3.713572066704308
MDL-45939,moodle,20,3.044522437723423
MDL-46016,moodle,13,2.6390573296152584
MDL-46022,moodle,3,1.3862943611198906
MDL-46035,moodle,2,1.0986122886681098
MDL-46036,moodle,5,1.791759469228055
MDL-46058,moodle,3,1.3862943611198906
MDL-46059,moodle,8,2.1972245773362196
MDL-46109,moodle,13,2.6390573296152584
MDL-46110,moodle,20,3.044522437723423
MDL-46111,moodle,40,3.713572066704308
MDL-46118,moodle,5,1.791759469228055
MDL-46129,moodle,13,2.6390573296152584
MDL-46130,moodle,8,2.1972245773362196
MDL-46131,moodle,8,2.1972245773362196
MDL-46132,moodle,40,3.713572066704308
MDL-46133,moodle,20,3.044522437723423
MDL-46134,moodle,13,2.6390573296152584
MDL-46139,moodle,40,3.713572066704308
MDL-46175,moodle,8,2.1972245773362196
MDL-46181,moodle,100,4.61512051684126
MDL-46191,moodle,100,4.61512051684126
MDL-46206,moodle,5,1.791759469228055
MDL-46218,moodle,5,1.791759469228055
MDL-46241,moodle,5,1.791759469228055
MDL-46248,moodle,3,1.3862943611198906
MDL-46253,moodle,3,1.3862943611198906
MDL-46255,moodle,5,1.791759469228055
MDL-46269,moodle,100,4.61512051684126
MDL-46285,moodle,3,1.3862943611198906
MDL-46313,moodle,8,2.1972245773362196
MDL-46316,moodle,5,1.791759469228055
MDL-46346,moodle,5,1.791759469228055
MDL-46352,moodle,5,1.791759469228055
MDL-46401,moodle,100,4.61512051684126
MDL-46409,moodle,40,3.713572066704308
MDL-46410,moodle,40,3.713572066704308
MDL-46455,moodle,100,4.61512051684126
MDL-46496,moodle,3,1.3862943611198906
MDL-46510,moodle,8,2.1972245773362196
MDL-46523,moodle,3,1.3862943611198906
MDL-46546,moodle,13,2.6390573296152584
MDL-46547,moodle,100,4.61512051684126
MDL-46548,moodle,20,3.044522437723423
MDL-46549,moodle,40,3.713572066704308
MDL-46567,moodle,8,2.1972245773362196
MDL-46568,moodle,8,2.1972245773362196
MDL-46569,moodle,40,3.713572066704308
MDL-46570,moodle,40,3.713572066704308
MDL-46571,moodle,20,3.044522437723423
MDL-46572,moodle,13,2.6390573296152584
MDL-46573,moodle,13,2.6390573296152584
MDL-46574,moodle,13,2.6390573296152584
MDL-46576,moodle,100,4.61512051684126
MDL-46577,moodle,40,3.713572066704308
MDL-46578,moodle,8,2.1972245773362196
MDL-46595,moodle,40,3.713572066704308
MDL-46597,moodle,13,2.6390573296152584
MDL-46598,moodle,13,2.6390573296152584
MDL-46599,moodle,40,3.713572066704308
MDL-46600,moodle,13,2.6390573296152584
MDL-46602,moodle,20,3.044522437723423
MDL-46603,moodle,20,3.044522437723423
MDL-46604,moodle,20,3.044522437723423
MDL-46605,moodle,8,2.1972245773362196
MDL-46606,moodle,13,2.6390573296152584
MDL-46607,moodle,20,3.044522437723423
MDL-46608,moodle,5,1.791759469228055
MDL-46609,moodle,13,2.6390573296152584
MDL-46646,moodle,8,2.1972245773362196
MDL-46649,moodle,8,2.1972245773362196
MDL-46658,moodle,100,4.61512051684126
MDL-46661,moodle,40,3.713572066704308
MULE-5990,mule,8,2.1972245773362196
MULE-6087,mule,8,2.1972245773362196
MULE-6118,mule,5,1.791759469228055
MULE-6145,mule,8,2.1972245773362196
MULE-6172,mule,3,1.3862943611198906
MULE-6251,mule,3,1.3862943611198906
MULE-6355,mule,8,2.1972245773362196
MULE-6367,mule,5,1.791759469228055
MULE-6386,mule,5,1.791759469228055
MULE-6432,mule,8,2.1972245773362196
MULE-6441,mule,5,1.791759469228055
MULE-6468,mule,8,2.1972245773362196
MULE-6471,mule,1,0.6931471805599453
MULE-6501,mule,8,2.1972245773362196
MULE-6512,mule,2,1.0986122886681098
MULE-6566,mule,5,1.791759469228055
MULE-6604,mule,1,0.6931471805599453
MULE-6628,mule,5,1.791759469228055
MULE-6642,mule,8,2.1972245773362196
MULE-6645,mule,8,2.1972245773362196
MULE-6646,mule,5,1.791759469228055
MULE-6647,mule,5,1.791759469228055
MULE-6649,mule,3,1.3862943611198906
MULE-6657,mule,8,2.1972245773362196
MULE-6659,mule,3,1.3862943611198906
MULE-6661,mule,1,0.6931471805599453
MULE-6673,mule,5,1.791759469228055
MULE-6699,mule,5,1.791759469228055
MULE-6700,mule,1,0.6931471805599453
MULE-6710,mule,8,2.1972245773362196
MULE-6711,mule,8,2.1972245773362196
MULE-6713,mule,8,2.1972245773362196
MULE-6714,mule,5,1.791759469228055
MULE-6718,mule,5,1.791759469228055
MULE-6723,mule,3,1.3862943611198906
MULE-6732,mule,5,1.791759469228055
MULE-6745,mule,3,1.3862943611198906
MULE-6746,mule,5,1.791759469228055
MULE-6749,mule,8,2.1972245773362196
MULE-6759,mule,5,1.791759469228055
MULE-6760,mule,5,1.791759469228055
MULE-6765,mule,13,2.6390573296152584
MULE-6788,mule,5,1.791759469228055
MULE-6789,mule,8,2.1972245773362196
MULE-6796,mule,3,1.3862943611198906
MULE-6800,mule,5,1.791759469228055
MULE-6814,mule,8,2.1972245773362196
MULE-6815,mule,3,1.3862943611198906
MULE-6826,mule,1,0.6931471805599453
MULE-6829,mule,5,1.791759469228055
MULE-6831,mule,8,2.1972245773362196
MULE-6843,mule,13,2.6390573296152584
MULE-6844,mule,5,1.791759469228055
MULE-6845,mule,3,1.3862943611198906
MULE-6846,mule,5,1.791759469228055
MULE-6849,mule,8,2.1972245773362196
MULE-6852,mule,3,1.3862943611198906
MULE-6858,mule,2,1.0986122886681098
MULE-6861,mule,5,1.791759469228055
MULE-6864,mule,3,1.3862943611198906
MULE-6866,mule,8,2.1972245773362196
MULE-6872,mule,8,2.1972245773362196
MULE-6873,mule,8,2.1972245773362196
MULE-6889,mule,2,1.0986122886681098
MULE-6894,mule,8,2.1972245773362196
MULE-6896,mule,8,2.1972245773362196
MULE-6898,mule,5,1.791759469228055
MULE-6899,mule,2,1.0986122886681098
MULE-6900,mule,5,1.791759469228055
MULE-6903,mule,1,0.6931471805599453
MULE-6906,mule,1,0.6931471805599453
MULE-6918,mule,5,1.791759469228055
MULE-6920,mule,1,0.6931471805599453
MULE-6954,mule,1,0.6931471805599453
MULE-6956,mule,1,0.6931471805599453
MULE-6959,mule,5,1.791759469228055
MULE-6960,mule,5,1.791759469228055
MULE-6965,mule,8,2.1972245773362196
MULE-6968,mule,8,2.1972245773362196
MULE-6980,mule,3,1.3862943611198906
MULE-6986,mule,5,1.791759469228055
MULE-6988,mule,2,1.0986122886681098
MULE-6998,mule,3,1.3862943611198906
MULE-7001,mule,8,2.1972245773362196
MULE-7003,mule,21,3.091042453358316
MULE-7005,mule,8,2.1972245773362196
MULE-7012,mule,13,2.6390573296152584
MULE-7013,mule,8,2.1972245773362196
MULE-7022,mule,1,0.6931471805599453
MULE-7027,mule,5,1.791759469228055
MULE-7029,mule,1,0.6931471805599453
MULE-7030,mule,13,2.6390573296152584
MULE-7031,mule,1,0.6931471805599453
MULE-7043,mule,3,1.3862943611198906
MULE-7044,mule,3,1.3862943611198906
MULE-7052,mule,13,2.6390573296152584
MULE-7057,mule,13,2.6390573296152584
MULE-7062,mule,8,2.1972245773362196
MULE-7063,mule,2,1.0986122886681098
MULE-7067,mule,8,2.1972245773362196
MULE-7069,mule,3,1.3862943611198906
MULE-7070,mule,8,2.1972245773362196
MULE-7071,mule,2,1.0986122886681098
MULE-7073,mule,5,1.791759469228055
MULE-7074,mule,8,2.1972245773362196
MULE-7078,mule,1,0.6931471805599453
MULE-7082,mule,5,1.791759469228055
MULE-7084,mule,5,1.791759469228055
MULE-7088,mule,8,2.1972245773362196
MULE-7089,mule,3,1.3862943611198906
MULE-7090,mule,5,1.791759469228055
MULE-7091,mule,1,0.6931471805599453
MULE-7097,mule,8,2.1972245773362196
MULE-7098,mule,13,2.6390573296152584
MULE-7101,mule,8,2.1972245773362196
MULE-7103,mule,5,1.791759469228055
MULE-7108,mule,2,1.0986122886681098
MULE-7109,mule,8,2.1972245773362196
MULE-7113,mule,3,1.3862943611198906
MULE-7119,mule,1,0.6931471805599453
MULE-7121,mule,1,0.6931471805599453
MULE-7123,mule,1,0.6931471805599453
MULE-7128,mule,2,1.0986122886681098
MULE-7137,mule,3,1.3862943611198906
MULE-7140,mule,13,2.6390573296152584
MULE-7142,mule,8,2.1972245773362196
MULE-7145,mule,5,1.791759469228055
MULE-7156,mule,1,0.6931471805599453
MULE-7157,mule,1,0.6931471805599453
MULE-7162,mule,5,1.791759469228055
MULE-7165,mule,3,1.3862943611198906
MULE-7185,mule,8,2.1972245773362196
MULE-7191,mule,1,0.6931471805599453
MULE-7192,mule,1,0.6931471805599453
MULE-7194,mule,1,0.6931471805599453
MULE-7196,mule,3,1.3862943611198906
MULE-7197,mule,2,1.0986122886681098
MULE-7198,mule,1,0.6931471805599453
MULE-7202,mule,1,0.6931471805599453
MULE-7203,mule,1,0.6931471805599453
MULE-7204,mule,5,1.791759469228055
MULE-7205,mule,8,2.1972245773362196
MULE-7206,mule,8,2.1972245773362196
MULE-7207,mule,8,2.1972245773362196
MULE-7210,mule,8,2.1972245773362196
MULE-7211,mule,5,1.791759469228055
MULE-7213,mule,5,1.791759469228055
MULE-7217,mule,2,1.0986122886681098
MULE-7218,mule,5,1.791759469228055
MULE-7219,mule,13,2.6390573296152584
MULE-7220,mule,2,1.0986122886681098
MULE-7221,mule,3,1.3862943611198906
MULE-7222,mule,3,1.3862943611198906
MULE-7228,mule,1,0.6931471805599453
MULE-7230,mule,3,1.3862943611198906
MULE-7235,mule,8,2.1972245773362196
MULE-7236,mule,8,2.1972245773362196
MULE-7237,mule,5,1.791759469228055
MULE-7238,mule,5,1.791759469228055
MULE-7239,mule,8,2.1972245773362196
MULE-7242,mule,3,1.3862943611198906
MULE-7252,mule,8,2.1972245773362196
MULE-7253,mule,5,1.791759469228055
MULE-7255,mule,2,1.0986122886681098
MULE-7256,mule,1,0.6931471805599453
MULE-7258,mule,8,2.1972245773362196
MULE-7259,mule,1,0.6931471805599453
MULE-7261,mule,8,2.1972245773362196
MULE-7263,mule,5,1.791759469228055
MULE-7264,mule,1,0.6931471805599453
MULE-7269,mule,8,2.1972245773362196
MULE-7270,mule,8,2.1972245773362196
MULE-7273,mule,8,2.1972245773362196
MULE-7280,mule,5,1.791759469228055
MULE-7282,mule,2,1.0986122886681098
MULE-7283,mule,13,2.6390573296152584
MULE-7285,mule,2,1.0986122886681098
MULE-7286,mule,2,1.0986122886681098
MULE-7288,mule,3,1.3862943611198906
MULE-7289,mule,5,1.791759469228055
MULE-7290,mule,5,1.791759469228055
MULE-7291,mule,5,1.791759469228055
MULE-7292,mule,5,1.791759469228055
MULE-7293,mule,2,1.0986122886681098
MULE-7294,mule,5,1.791759469228055
MULE-7296,mule,5,1.791759469228055
MULE-7297,mule,5,1.791759469228055
MULE-7299,mule,8,2.1972245773362196
MULE-7300,mule,5,1.791759469228055
MULE-7301,mule,5,1.791759469228055
MULE-7302,mule,5,1.791759469228055
MULE-7303,mule,1,0.6931471805599453
MULE-7307,mule,3,1.3862943611198906
MULE-7311,mule,8,2.1972245773362196
MULE-7313,mule,5,1.791759469228055
MULE-7314,mule,1,0.6931471805599453
MULE-7316,mule,5,1.791759469228055
MULE-7318,mule,8,2.1972245773362196
MULE-7320,mule,8,2.1972245773362196
MULE-7321,mule,5,1.791759469228055
MULE-7322,mule,3,1.3862943611198906
MULE-7323,mule,1,0.6931471805599453
MULE-7326,mule,5,1.791759469228055
MULE-7328,mule,8,2.1972245773362196
MULE-7329,mule,5,1.791759469228055
MULE-7331,mule,1,0.6931471805599453
MULE-7335,mule,5,1.791759469228055
MULE-7336,mule,8,2.1972245773362196
MULE-7338,mule,1,0.6931471805599453
MULE-7342,mule,1,0.6931471805599453
MULE-7343,mule,5,1.791759469228055
MULE-7346,mule,1,0.6931471805599453
MULE-7347,mule,8,2.1972245773362196
MULE-7348,mule,3,1.3862943611198906
MULE-7351,mule,5,1.791759469228055
MULE-7352,mule,1,0.6931471805599453
MULE-7353,mule,5,1.791759469228055
MULE-7354,mule,2,1.0986122886681098
MULE-7361,mule,1,0.6931471805599453
MULE-7362,mule,2,1.0986122886681098
MULE-7363,mule,2,1.0986122886681098
MULE-7364,mule,3,1.3862943611198906
MULE-7365,mule,3,1.3862943611198906
MULE-7366,mule,8,2.1972245773362196
MULE-7367,mule,8,2.1972245773362196
MULE-7368,mule,3,1.3862943611198906
MULE-7369,mule,2,1.0986122886681098
MULE-7373,mule,1,0.6931471805599453
MULE-7374,mule,1,0.6931471805599453
MULE-7376,mule,5,1.791759469228055
MULE-7377,mule,5,1.791759469228055
MULE-7380,mule,1,0.6931471805599453
MULE-7382,mule,3,1.3862943611198906
MULE-7383,mule,3,1.3862943611198906
MULE-7384,mule,3,1.3862943611198906
MULE-7386,mule,5,1.791759469228055
MULE-7387,mule,1,0.6931471805599453
MULE-7390,mule,5,1.791759469228055
MULE-7391,mule,5,1.791759469228055
MULE-7394,mule,1,0.6931471805599453
MULE-7395,mule,1,0.6931471805599453
MULE-7396,mule,1,0.6931471805599453
MULE-7398,mule,5,1.791759469228055
MULE-7401,mule,2,1.0986122886681098
MULE-7402,mule,8,2.1972245773362196
MULE-7404,mule,5,1.791759469228055
MULE-7406,mule,2,1.0986122886681098
MULE-7407,mule,1,0.6931471805599453
MULE-7408,mule,3,1.3862943611198906
MULE-7411,mule,1,0.6931471805599453
MULE-7412,mule,3,1.3862943611198906
MULE-7413,mule,2,1.0986122886681098
MULE-7414,mule,5,1.791759469228055
MULE-7416,mule,2,1.0986122886681098
MULE-7418,mule,8,2.1972245773362196
MULE-7419,mule,8,2.1972245773362196
MULE-7424,mule,1,0.6931471805599453
MULE-7425,mule,3,1.3862943611198906
MULE-7426,mule,3,1.3862943611198906
MULE-7428,mule,13,2.6390573296152584
MULE-7429,mule,2,1.0986122886681098
MULE-7431,mule,3,1.3862943611198906
MULE-7435,mule,3,1.3862943611198906
MULE-7436,mule,3,1.3862943611198906
MULE-7439,mule,1,0.6931471805599453
MULE-7440,mule,8,2.1972245773362196
MULE-7442,mule,2,1.0986122886681098
MULE-7443,mule,1,0.6931471805599453
MULE-7446,mule,1,0.6931471805599453
MULE-7457,mule,8,2.1972245773362196
MULE-7458,mule,5,1.791759469228055
MULE-7459,mule,3,1.3862943611198906
MULE-7460,mule,8,2.1972245773362196
MULE-7461,mule,1,0.6931471805599453
MULE-7462,mule,5,1.791759469228055
MULE-7463,mule,3,1.3862943611198906
MULE-7465,mule,3,1.3862943611198906
MULE-7473,mule,8,2.1972245773362196
MULE-7478,mule,1,0.6931471805599453
MULE-7480,mule,1,0.6931471805599453
MULE-7481,mule,1,0.6931471805599453
MULE-7482,mule,1,0.6931471805599453
MULE-7485,mule,13,2.6390573296152584
MULE-7488,mule,3,1.3862943611198906
MULE-7490,mule,5,1.791759469228055
MULE-7492,mule,1,0.6931471805599453
MULE-7494,mule,5,1.791759469228055
MULE-7497,mule,8,2.1972245773362196
MULE-7500,mule,3,1.3862943611198906
MULE-7501,mule,5,1.791759469228055
MULE-7502,mule,8,2.1972245773362196
MULE-7509,mule,5,1.791759469228055
MULE-7510,mule,3,1.3862943611198906
MULE-7512,mule,1,0.6931471805599453
MULE-7513,mule,2,1.0986122886681098
MULE-7518,mule,1,0.6931471805599453
MULE-7520,mule,3,1.3862943611198906
MULE-7524,mule,3,1.3862943611198906
MULE-7530,mule,8,2.1972245773362196
MULE-7536,mule,3,1.3862943611198906
MULE-7538,mule,1,0.6931471805599453
MULE-7540,mule,5,1.791759469228055
MULE-7543,mule,1,0.6931471805599453
MULE-7544,mule,1,0.6931471805599453
MULE-7548,mule,3,1.3862943611198906
MULE-7556,mule,8,2.1972245773362196
MULE-7557,mule,5,1.791759469228055
MULE-7559,mule,3,1.3862943611198906
MULE-7571,mule,3,1.3862943611198906
MULE-7574,mule,1,0.6931471805599453
MULE-7575,mule,3,1.3862943611198906
MULE-7577,mule,1,0.6931471805599453
MULE-7578,mule,2,1.0986122886681098
MULE-7588,mule,13,2.6390573296152584
MULE-7589,mule,8,2.1972245773362196
MULE-7591,mule,3,1.3862943611198906
MULE-7593,mule,1,0.6931471805599453
MULE-7594,mule,1,0.6931471805599453
MULE-7596,mule,1,0.6931471805599453
MULE-7597,mule,1,0.6931471805599453
MULE-7599,mule,1,0.6931471805599453
MULE-7608,mule,13,2.6390573296152584
MULE-7611,mule,8,2.1972245773362196
MULE-7612,mule,3,1.3862943611198906
MULE-7615,mule,3,1.3862943611198906
MULE-7617,mule,8,2.1972245773362196
MULE-7620,mule,13,2.6390573296152584
MULE-7621,mule,13,2.6390573296152584
MULE-7624,mule,3,1.3862943611198906
MULE-7627,mule,1,0.6931471805599453
MULE-7631,mule,2,1.0986122886681098
MULE-7635,mule,1,0.6931471805599453
MULE-7636,mule,1,0.6931471805599453
MULE-7637,mule,8,2.1972245773362196
MULE-7638,mule,8,2.1972245773362196
MULE-7640,mule,8,2.1972245773362196
MULE-7644,mule,8,2.1972245773362196
MULE-7645,mule,13,2.6390573296152584
MULE-7646,mule,8,2.1972245773362196
MULE-7649,mule,8,2.1972245773362196
MULE-7650,mule,8,2.1972245773362196
MULE-7651,mule,13,2.6390573296152584
MULE-7661,mule,1,0.6931471805599453
MULE-7663,mule,5,1.791759469228055
MULE-7673,mule,5,1.791759469228055
MULE-7674,mule,8,2.1972245773362196
MULE-7675,mule,2,1.0986122886681098
MULE-7684,mule,21,3.091042453358316
MULE-7687,mule,5,1.791759469228055
MULE-7688,mule,21,3.091042453358316
MULE-7691,mule,3,1.3862943611198906
MULE-7692,mule,8,2.1972245773362196
MULE-7697,mule,5,1.791759469228055
MULE-7701,mule,5,1.791759469228055
MULE-7703,mule,3,1.3862943611198906
MULE-7704,mule,5,1.791759469228055
MULE-7706,mule,13,2.6390573296152584
MULE-7710,mule,2,1.0986122886681098
MULE-7715,mule,8,2.1972245773362196
MULE-7716,mule,8,2.1972245773362196
MULE-7718,mule,5,1.791759469228055
MULE-7719,mule,5,1.791759469228055
MULE-7720,mule,13,2.6390573296152584
MULE-7721,mule,2,1.0986122886681098
MULE-7723,mule,5,1.791759469228055
MULE-7724,mule,5,1.791759469228055
MULE-7730,mule,3,1.3862943611198906
MULE-7731,mule,3,1.3862943611198906
MULE-7733,mule,3,1.3862943611198906
MULE-7736,mule,3,1.3862943611198906
MULE-7740,mule,5,1.791759469228055
MULE-7741,mule,8,2.1972245773362196
MULE-7744,mule,2,1.0986122886681098
MULE-7748,mule,5,1.791759469228055
MULE-7751,mule,3,1.3862943611198906
MULE-7753,mule,3,1.3862943611198906
MULE-7755,mule,8,2.1972245773362196
MULE-7756,mule,5,1.791759469228055
MULE-7757,mule,5,1.791759469228055
MULE-7758,mule,5,1.791759469228055
MULE-7759,mule,8,2.1972245773362196
MULE-7760,mule,8,2.1972245773362196
MULE-7761,mule,8,2.1972245773362196
MULE-7762,mule,8,2.1972245773362196
MULE-7763,mule,8,2.1972245773362196
MULE-7764,mule,5,1.791759469228055
MULE-7766,mule,8,2.1972245773362196
MULE-7769,mule,21,3.091042453358316
MULE-7771,mule,5,1.791759469228055
MULE-7772,mule,1,0.6931471805599453
MULE-7777,mule,3,1.3862943611198906
MULE-7783,mule,8,2.1972245773362196
MULE-7787,mule,5,1.791759469228055
MULE-7788,mule,8,2.1972245773362196
MULE-7789,mule,8,2.1972245773362196
MULE-7796,mule,3,1.3862943611198906
MULE-7797,mule,3,1.3862943611198906
MULE-7800,mule,8,2.1972245773362196
MULE-7807,mule,3,1.3862943611198906
MULE-7809,mule,3,1.3862943611198906
MULE-7810,mule,3,1.3862943611198906
MULE-7811,mule,13,2.6390573296152584
MULE-7817,mule,4,1.6094379124341003
MULE-7818,mule,4,1.6094379124341003
MULE-7823,mule,8,2.1972245773362196
MULE-7829,mule,3,1.3862943611198906
MULE-7832,mule,5,1.791759469228055
MULE-7833,mule,3,1.3862943611198906
MULE-7835,mule,5,1.791759469228055
MULE-7836,mule,2,1.0986122886681098
MULE-7840,mule,8,2.1972245773362196
MULE-7842,mule,13,2.6390573296152584
MULE-7843,mule,8,2.1972245773362196
MULE-7845,mule,21,3.091042453358316
MULE-7846,mule,21,3.091042453358316
MULE-7847,mule,8,2.1972245773362196
MULE-7848,mule,8,2.1972245773362196
MULE-7859,mule,5,1.791759469228055
MULE-7860,mule,8,2.1972245773362196
MULE-7861,mule,8,2.1972245773362196
MULE-7863,mule,13,2.6390573296152584
MULE-7864,mule,3,1.3862943611198906
MULE-7865,mule,13,2.6390573296152584
MULE-7866,mule,8,2.1972245773362196
MULE-7867,mule,8,2.1972245773362196
MULE-7868,mule,3,1.3862943611198906
MULE-7869,mule,5,1.791759469228055
MULE-7870,mule,8,2.1972245773362196
MULE-7871,mule,8,2.1972245773362196
MULE-7872,mule,8,2.1972245773362196
MULE-7873,mule,8,2.1972245773362196
MULE-7874,mule,8,2.1972245773362196
MULE-7875,mule,5,1.791759469228055
MULE-7876,mule,21,3.091042453358316
MULE-7877,mule,1,0.6931471805599453
MULE-7878,mule,3,1.3862943611198906
MULE-7885,mule,8,2.1972245773362196
MULE-7887,mule,2,1.0986122886681098
MULE-7896,mule,8,2.1972245773362196
MULE-7897,mule,8,2.1972245773362196
MULE-7899,mule,13,2.6390573296152584
MULE-7903,mule,8,2.1972245773362196
MULE-7906,mule,8,2.1972245773362196
MULE-7909,mule,1,0.6931471805599453
MULE-7912,mule,2,1.0986122886681098
MULE-7918,mule,8,2.1972245773362196
MULE-7919,mule,8,2.1972245773362196
MULE-7920,mule,3,1.3862943611198906
MULE-7923,mule,1,0.6931471805599453
MULE-7927,mule,8,2.1972245773362196
MULE-7928,mule,5,1.791759469228055
MULE-7929,mule,13,2.6390573296152584
MULE-7930,mule,5,1.791759469228055
MULE-7931,mule,5,1.791759469228055
MULE-7932,mule,3,1.3862943611198906
MULE-7946,mule,5,1.791759469228055
MULE-7947,mule,8,2.1972245773362196
MULE-7948,mule,8,2.1972245773362196
MULE-7949,mule,3,1.3862943611198906
MULE-7950,mule,5,1.791759469228055
MULE-7951,mule,8,2.1972245773362196
MULE-7969,mule,8,2.1972245773362196
MULE-7970,mule,5,1.791759469228055
MULE-7971,mule,8,2.1972245773362196
MULE-7972,mule,13,2.6390573296152584
MULE-7976,mule,5,1.791759469228055
MULE-7977,mule,1,0.6931471805599453
MULE-7979,mule,1,0.6931471805599453
MULE-7982,mule,8,2.1972245773362196
MULE-7983,mule,8,2.1972245773362196
MULE-7986,mule,8,2.1972245773362196
MULE-7987,mule,8,2.1972245773362196
MULE-7989,mule,8,2.1972245773362196
MULE-7990,mule,5,1.791759469228055
MULE-7991,mule,8,2.1972245773362196
MULE-7992,mule,3,1.3862943611198906
MULE-7994,mule,3,1.3862943611198906
MULE-7997,mule,8,2.1972245773362196
MULE-8003,mule,5,1.791759469228055
MULE-8004,mule,5,1.791759469228055
MULE-8006,mule,5,1.791759469228055
MULE-8007,mule,3,1.3862943611198906
MULE-8011,mule,5,1.791759469228055
MULE-8013,mule,8,2.1972245773362196
MULE-8015,mule,13,2.6390573296152584
MULE-8018,mule,13,2.6390573296152584
MULE-8019,mule,13,2.6390573296152584
MULE-8020,mule,1,0.6931471805599453
MULE-8021,mule,1,0.6931471805599453
MULE-8022,mule,1,0.6931471805599453
MULE-8023,mule,2,1.0986122886681098
MULE-8024,mule,2,1.0986122886681098
MULE-8025,mule,1,0.6931471805599453
MULE-8026,mule,5,1.791759469228055
MULE-8027,mule,5,1.791759469228055
MULE-8029,mule,3,1.3862943611198906
MULE-8030,mule,3,1.3862943611198906
MULE-8033,mule,8,2.1972245773362196
MULE-8034,mule,5,1.791759469228055
MULE-8035,mule,1,0.6931471805599453
MULE-8038,mule,8,2.1972245773362196
MULE-8039,mule,8,2.1972245773362196
MULE-8040,mule,1,0.6931471805599453
MULE-8041,mule,5,1.791759469228055
MULE-8044,mule,8,2.1972245773362196
MULE-8045,mule,5,1.791759469228055
MULE-8046,mule,8,2.1972245773362196
MULE-8047,mule,5,1.791759469228055
MULE-8051,mule,8,2.1972245773362196
MULE-8052,mule,5,1.791759469228055
MULE-8053,mule,3,1.3862943611198906
MULE-8055,mule,8,2.1972245773362196
MULE-8057,mule,3,1.3862943611198906
MULE-8061,mule,8,2.1972245773362196
MULE-8064,mule,5,1.791759469228055
MULE-8065,mule,5,1.791759469228055
MULE-8067,mule,13,2.6390573296152584
MULE-8068,mule,2,1.0986122886681098
MULE-8069,mule,8,2.1972245773362196
MULE-8070,mule,3,1.3862943611198906
MULE-8072,mule,3,1.3862943611198906
MULE-8073,mule,8,2.1972245773362196
MULE-8074,mule,8,2.1972245773362196
MULE-8075,mule,13,2.6390573296152584
MULE-8076,mule,5,1.791759469228055
MULE-8078,mule,1,0.6931471805599453
MULE-8079,mule,3,1.3862943611198906
MULE-8086,mule,5,1.791759469228055
MULE-8089,mule,8,2.1972245773362196
MULE-8092,mule,1,0.6931471805599453
MULE-8094,mule,5,1.791759469228055
MULE-8097,mule,3,1.3862943611198906
MULE-8100,mule,5,1.791759469228055
MULE-8101,mule,8,2.1972245773362196
MULE-8102,mule,1,0.6931471805599453
MULE-8103,mule,1,0.6931471805599453
MULE-8104,mule,3,1.3862943611198906
MULE-8106,mule,3,1.3862943611198906
MULE-8107,mule,3,1.3862943611198906
MULE-8110,mule,3,1.3862943611198906
MULE-8112,mule,1,0.6931471805599453
MULE-8113,mule,1,0.6931471805599453
MULE-8114,mule,3,1.3862943611198906
MULE-8115,mule,8,2.1972245773362196
MULE-8116,mule,3,1.3862943611198906
MULE-8117,mule,3,1.3862943611198906
MULE-8118,mule,8,2.1972245773362196
MULE-8123,mule,5,1.791759469228055
MULE-8124,mule,3,1.3862943611198906
MULE-8127,mule,5,1.791759469228055
MULE-8129,mule,3,1.3862943611198906
MULE-8130,mule,5,1.791759469228055
MULE-8132,mule,2,1.0986122886681098
MULE-8133,mule,3,1.3862943611198906
MULE-8134,mule,3,1.3862943611198906
MULE-8139,mule,3,1.3862943611198906
MULE-8142,mule,8,2.1972245773362196
MULE-8144,mule,5,1.791759469228055
MULE-8146,mule,8,2.1972245773362196
MULE-8147,mule,13,2.6390573296152584
MULE-8148,mule,8,2.1972245773362196
MULE-8149,mule,8,2.1972245773362196
MULE-8150,mule,8,2.1972245773362196
MULE-8151,mule,5,1.791759469228055
MULE-8156,mule,13,2.6390573296152584
MULE-8157,mule,13,2.6390573296152584
MULE-8159,mule,5,1.791759469228055
MULE-8160,mule,8,2.1972245773362196
MULE-8162,mule,5,1.791759469228055
MULE-8163,mule,8,2.1972245773362196
MULE-8165,mule,13,2.6390573296152584
MULE-8166,mule,13,2.6390573296152584
MULE-8167,mule,1,0.6931471805599453
MULE-8169,mule,8,2.1972245773362196
MULE-8170,mule,8,2.1972245773362196
MULE-8172,mule,8,2.1972245773362196
MULE-8173,mule,5,1.791759469228055
MULE-8176,mule,5,1.791759469228055
MULE-8177,mule,3,1.3862943611198906
MULE-8178,mule,3,1.3862943611198906
MULE-8180,mule,5,1.791759469228055
MULE-8181,mule,8,2.1972245773362196
MULE-8184,mule,5,1.791759469228055
MULE-8185,mule,3,1.3862943611198906
MULE-8188,mule,3,1.3862943611198906
MULE-8189,mule,3,1.3862943611198906
MULE-8197,mule,5,1.791759469228055
MULE-8199,mule,8,2.1972245773362196
MULE-8201,mule,3,1.3862943611198906
MULE-8202,mule,5,1.791759469228055
MULE-8205,mule,8,2.1972245773362196
MULE-8206,mule,5,1.791759469228055
MULE-8209,mule,3,1.3862943611198906
MULE-8210,mule,8,2.1972245773362196
MULE-8212,mule,1,0.6931471805599453
MULE-8213,mule,3,1.3862943611198906
MULE-8214,mule,3,1.3862943611198906
MULE-8215,mule,8,2.1972245773362196
MULE-8220,mule,3,1.3862943611198906
MULE-8224,mule,5,1.791759469228055
MULE-8229,mule,5,1.791759469228055
MULE-8232,mule,1,0.6931471805599453
MULE-8233,mule,3,1.3862943611198906
MULE-8234,mule,8,2.1972245773362196
MULE-8235,mule,5,1.791759469228055
MULE-8236,mule,13,2.6390573296152584
MULE-8239,mule,1,0.6931471805599453
MULE-8240,mule,3,1.3862943611198906
MULE-8241,mule,5,1.791759469228055
MULE-8242,mule,1,0.6931471805599453
MULE-8248,mule,5,1.791759469228055
MULE-8253,mule,8,2.1972245773362196
MULE-8254,mule,8,2.1972245773362196
MULE-8257,mule,13,2.6390573296152584
MULE-8260,mule,5,1.791759469228055
MULE-8264,mule,5,1.791759469228055
MULE-8265,mule,8,2.1972245773362196
MULE-8267,mule,8,2.1972245773362196
MULE-8268,mule,3,1.3862943611198906
MULE-8270,mule,8,2.1972245773362196
MULE-8273,mule,5,1.791759469228055
MULE-8274,mule,5,1.791759469228055
MULE-8277,mule,1,0.6931471805599453
MULE-8278,mule,8,2.1972245773362196
MULE-8282,mule,5,1.791759469228055
MULE-8284,mule,5,1.791759469228055
MULE-8287,mule,5,1.791759469228055
MULE-8288,mule,1,0.6931471805599453
MULE-8290,mule,5,1.791759469228055
MULE-8291,mule,5,1.791759469228055
MULE-8292,mule,5,1.791759469228055
MULE-8295,mule,8,2.1972245773362196
MULE-8297,mule,13,2.6390573296152584
MULE-8298,mule,8,2.1972245773362196
MULE-8301,mule,5,1.791759469228055
MULE-8303,mule,5,1.791759469228055
MULE-8304,mule,5,1.791759469228055
MULE-8307,mule,13,2.6390573296152584
MULE-8312,mule,5,1.791759469228055
MULE-8318,mule,5,1.791759469228055
MULE-8325,mule,5,1.791759469228055
MULE-8326,mule,8,2.1972245773362196
MULE-8328,mule,5,1.791759469228055
MULE-8330,mule,3,1.3862943611198906
MULE-8331,mule,8,2.1972245773362196
MULE-8332,mule,3,1.3862943611198906
MULE-8338,mule,1,0.6931471805599453
MULE-8341,mule,5,1.791759469228055
MULE-8343,mule,5,1.791759469228055
MULE-8346,mule,8,2.1972245773362196
MULE-8350,mule,8,2.1972245773362196
MULE-8353,mule,1,0.6931471805599453
MULE-8356,mule,5,1.791759469228055
MULE-8364,mule,1,0.6931471805599453
MULE-8368,mule,1,0.6931471805599453
MULE-8370,mule,3,1.3862943611198906
MULE-8373,mule,3,1.3862943611198906
MULE-8376,mule,8,2.1972245773362196
MULE-8382,mule,2,1.0986122886681098
MULE-8383,mule,5,1.791759469228055
MULE-8388,mule,8,2.1972245773362196
MULE-8407,mule,8,2.1972245773362196
MULE-8408,mule,5,1.791759469228055
MULE-8410,mule,8,2.1972245773362196
MULE-8411,mule,3,1.3862943611198906
MULE-8412,mule,8,2.1972245773362196
MULE-8415,mule,5,1.791759469228055
MULE-8416,mule,5,1.791759469228055
MULE-8421,mule,8,2.1972245773362196
MULE-8422,mule,8,2.1972245773362196
MULE-8423,mule,5,1.791759469228055
MULE-8435,mule,5,1.791759469228055
MULE-8439,mule,3,1.3862943611198906
MULE-8441,mule,5,1.791759469228055
MULE-8442,mule,1,0.6931471805599453
MULE-8447,mule,1,0.6931471805599453
MULE-8448,mule,1,0.6931471805599453
MULE-8450,mule,1,0.6931471805599453
MULE-8451,mule,1,0.6931471805599453
MULE-8452,mule,1,0.6931471805599453
MULE-8453,mule,5,1.791759469228055
MULE-8457,mule,5,1.791759469228055
MULE-8458,mule,13,2.6390573296152584
MULE-8459,mule,5,1.791759469228055
MULE-8464,mule,1,0.6931471805599453
MULE-8465,mule,8,2.1972245773362196
MULE-8466,mule,1,0.6931471805599453
MULE-8467,mule,1,0.6931471805599453
MULE-8468,mule,2,1.0986122886681098
MULE-8469,mule,3,1.3862943611198906
MULE-8473,mule,8,2.1972245773362196
MULE-8474,mule,1,0.6931471805599453
MULE-8475,mule,5,1.791759469228055
MULE-8476,mule,8,2.1972245773362196
MULE-8477,mule,5,1.791759469228055
MULE-8478,mule,5,1.791759469228055
MULE-8479,mule,5,1.791759469228055
MULE-8480,mule,1,0.6931471805599453
MULE-8481,mule,3,1.3862943611198906
MULE-8482,mule,8,2.1972245773362196
MULE-8483,mule,5,1.791759469228055
MULE-8484,mule,1,0.6931471805599453
MULE-8485,mule,1,0.6931471805599453
MULE-8486,mule,3,1.3862943611198906
MULE-8490,mule,3,1.3862943611198906
MULE-8492,mule,1,0.6931471805599453
MULE-8493,mule,5,1.791759469228055
MULE-8495,mule,1,0.6931471805599453
MULE-8496,mule,1,0.6931471805599453
MULE-8497,mule,1,0.6931471805599453
MULE-8498,mule,3,1.3862943611198906
STUDIO-95,mulestudio,13,2.6390573296152584
STUDIO-280,mulestudio,3,1.3862943611198906
STUDIO-382,mulestudio,5,1.791759469228055
STUDIO-459,mulestudio,8,2.1972245773362196
STUDIO-618,mulestudio,8,2.1972245773362196
STUDIO-781,mulestudio,5,1.791759469228055
STUDIO-782,mulestudio,5,1.791759469228055
STUDIO-837,mulestudio,8,2.1972245773362196
STUDIO-853,mulestudio,34,3.5553480614894135
STUDIO-1212,mulestudio,5,1.791759469228055
STUDIO-1311,mulestudio,3,1.3862943611198906
STUDIO-1333,mulestudio,13,2.6390573296152584
STUDIO-1415,mulestudio,8,2.1972245773362196
STUDIO-1428,mulestudio,8,2.1972245773362196
STUDIO-1435,mulestudio,5,1.791759469228055
STUDIO-1538,mulestudio,8,2.1972245773362196
STUDIO-1676,mulestudio,5,1.791759469228055
STUDIO-1694,mulestudio,8,2.1972245773362196
STUDIO-1738,mulestudio,2,1.0986122886681098
STUDIO-1759,mulestudio,13,2.6390573296152584
STUDIO-1811,mulestudio,5,1.791759469228055
STUDIO-2000,mulestudio,21,3.091042453358316
STUDIO-2104,mulestudio,2,1.0986122886681098
STUDIO-2147,mulestudio,2,1.0986122886681098
STUDIO-2154,mulestudio,5,1.791759469228055
STUDIO-2162,mulestudio,2,1.0986122886681098
STUDIO-2179,mulestudio,34,3.5553480614894135
STUDIO-2235,mulestudio,5,1.791759469228055
STUDIO-2278,mulestudio,2,1.0986122886681098
STUDIO-2294,mulestudio,5,1.791759469228055
STUDIO-2299,mulestudio,8,2.1972245773362196
STUDIO-2309,mulestudio,8,2.1972245773362196
STUDIO-2310,mulestudio,8,2.1972245773362196
STUDIO-2312,mulestudio,8,2.1972245773362196
STUDIO-2315,mulestudio,5,1.791759469228055
STUDIO-2321,mulestudio,8,2.1972245773362196
STUDIO-2327,mulestudio,8,2.1972245773362196
STUDIO-2367,mulestudio,8,2.1972245773362196
STUDIO-2368,mulestudio,5,1.791759469228055
STUDIO-2376,mulestudio,3,1.3862943611198906
STUDIO-2383,mulestudio,1,0.6931471805599453
STUDIO-2418,mulestudio,34,3.5553480614894135
STUDIO-2428,mulestudio,2,1.0986122886681098
STUDIO-2438,mulestudio,8,2.1972245773362196
STUDIO-2445,mulestudio,8,2.1972245773362196
STUDIO-2450,mulestudio,8,2.1972245773362196
STUDIO-2456,mulestudio,8,2.1972245773362196
STUDIO-2461,mulestudio,5,1.791759469228055
STUDIO-2481,mulestudio,1,0.6931471805599453
STUDIO-2482,mulestudio,1,0.6931471805599453
STUDIO-2484,mulestudio,8,2.1972245773362196
STUDIO-2487,mulestudio,1,0.6931471805599453
STUDIO-2492,mulestudio,1,0.6931471805599453
STUDIO-2535,mulestudio,3,1.3862943611198906
STUDIO-2586,mulestudio,8,2.1972245773362196
STUDIO-2603,mulestudio,8,2.1972245773362196
STUDIO-2604,mulestudio,5,1.791759469228055
STUDIO-2618,mulestudio,8,2.1972245773362196
STUDIO-2625,mulestudio,5,1.791759469228055
STUDIO-2628,mulestudio,3,1.3862943611198906
STUDIO-2636,mulestudio,5,1.791759469228055
STUDIO-2638,mulestudio,34,3.5553480614894135
STUDIO-2639,mulestudio,1,0.6931471805599453
STUDIO-2643,mulestudio,5,1.791759469228055
STUDIO-2655,mulestudio,5,1.791759469228055
STUDIO-2662,mulestudio,3,1.3862943611198906
STUDIO-2666,mulestudio,8,2.1972245773362196
STUDIO-2671,mulestudio,5,1.791759469228055
STUDIO-2672,mulestudio,21,3.091042453358316
STUDIO-2673,mulestudio,5,1.791759469228055
STUDIO-2678,mulestudio,8,2.1972245773362196
STUDIO-2680,mulestudio,3,1.3862943611198906
STUDIO-2682,mulestudio,5,1.791759469228055
STUDIO-2685,mulestudio,8,2.1972245773362196
STUDIO-2686,mulestudio,8,2.1972245773362196
STUDIO-2693,mulestudio,5,1.791759469228055
STUDIO-2694,mulestudio,13,2.6390573296152584
STUDIO-2700,mulestudio,5,1.791759469228055
STUDIO-2706,mulestudio,13,2.6390573296152584
STUDIO-2716,mulestudio,3,1.3862943611198906
STUDIO-2718,mulestudio,3,1.3862943611198906
STUDIO-2720,mulestudio,13,2.6390573296152584
STUDIO-2721,mulestudio,2,1.0986122886681098
STUDIO-2733,mulestudio,5,1.791759469228055
STUDIO-2737,mulestudio,5,1.791759469228055
STUDIO-2742,mulestudio,8,2.1972245773362196
STUDIO-2748,mulestudio,3,1.3862943611198906
STUDIO-2751,mulestudio,8,2.1972245773362196
STUDIO-2753,mulestudio,8,2.1972245773362196
STUDIO-2756,mulestudio,5,1.791759469228055
STUDIO-2757,mulestudio,3,1.3862943611198906
STUDIO-2760,mulestudio,5,1.791759469228055
STUDIO-2763,mulestudio,5,1.791759469228055
STUDIO-2772,mulestudio,5,1.791759469228055
STUDIO-2773,mulestudio,13,2.6390573296152584
STUDIO-2774,mulestudio,1,0.6931471805599453
STUDIO-2775,mulestudio,13,2.6390573296152584
STUDIO-2777,mulestudio,2,1.0986122886681098
STUDIO-2779,mulestudio,8,2.1972245773362196
STUDIO-2781,mulestudio,8,2.1972245773362196
STUDIO-2782,mulestudio,8,2.1972245773362196
STUDIO-2783,mulestudio,13,2.6390573296152584
STUDIO-2784,mulestudio,8,2.1972245773362196
STUDIO-2787,mulestudio,8,2.1972245773362196
STUDIO-2795,mulestudio,5,1.791759469228055
STUDIO-2812,mulestudio,5,1.791759469228055
STUDIO-2817,mulestudio,5,1.791759469228055
STUDIO-2820,mulestudio,8,2.1972245773362196
STUDIO-2824,mulestudio,5,1.791759469228055
STUDIO-2825,mulestudio,8,2.1972245773362196
STUDIO-2827,mulestudio,8,2.1972245773362196
STUDIO-2828,mulestudio,8,2.1972245773362196
STUDIO-2829,mulestudio,5,1.791759469228055
STUDIO-2831,mulestudio,3,1.3862943611198906
STUDIO-2832,mulestudio,8,2.1972245773362196
STUDIO-2833,mulestudio,2,1.0986122886681098
STUDIO-2841,mulestudio,3,1.3862943611198906
STUDIO-2842,mulestudio,8,2.1972245773362196
STUDIO-2850,mulestudio,8,2.1972245773362196
STUDIO-2863,mulestudio,8,2.1972245773362196
STUDIO-2865,mulestudio,8,2.1972245773362196
STUDIO-2868,mulestudio,8,2.1972245773362196
STUDIO-2875,mulestudio,5,1.791759469228055
STUDIO-2885,mulestudio,8,2.1972245773362196
STUDIO-2887,mulestudio,3,1.3862943611198906
STUDIO-2888,mulestudio,8,2.1972245773362196
STUDIO-2900,mulestudio,13,2.6390573296152584
STUDIO-2904,mulestudio,8,2.1972245773362196
STUDIO-2905,mulestudio,3,1.3862943611198906
STUDIO-2910,mulestudio,5,1.791759469228055
STUDIO-2922,mulestudio,5,1.791759469228055
STUDIO-2923,mulestudio,8,2.1972245773362196
STUDIO-2926,mulestudio,5,1.791759469228055
STUDIO-2928,mulestudio,3,1.3862943611198906
STUDIO-2932,mulestudio,3,1.3862943611198906
STUDIO-2933,mulestudio,8,2.1972245773362196
STUDIO-2940,mulestudio,8,2.1972245773362196
STUDIO-2941,mulestudio,5,1.791759469228055
STUDIO-2943,mulestudio,5,1.791759469228055
STUDIO-2945,mulestudio,13,2.6390573296152584
STUDIO-2946,mulestudio,5,1.791759469228055
STUDIO-2947,mulestudio,8,2.1972245773362196
STUDIO-2950,mulestudio,5,1.791759469228055
STUDIO-2953,mulestudio,1,0.6931471805599453
STUDIO-2955,mulestudio,8,2.1972245773362196
STUDIO-2956,mulestudio,3,1.3862943611198906
STUDIO-2959,mulestudio,2,1.0986122886681098
STUDIO-2964,mulestudio,8,2.1972245773362196
STUDIO-2965,mulestudio,13,2.6390573296152584
STUDIO-2967,mulestudio,8,2.1972245773362196
STUDIO-2968,mulestudio,8,2.1972245773362196
STUDIO-2969,mulestudio,8,2.1972245773362196
STUDIO-2970,mulestudio,3,1.3862943611198906
STUDIO-2972,mulestudio,13,2.6390573296152584
STUDIO-2973,mulestudio,5,1.791759469228055
STUDIO-2976,mulestudio,3,1.3862943611198906
STUDIO-2977,mulestudio,5,1.791759469228055
STUDIO-2979,mulestudio,13,2.6390573296152584
STUDIO-2981,mulestudio,13,2.6390573296152584
STUDIO-2982,mulestudio,13,2.6390573296152584
STUDIO-2987,mulestudio,2,1.0986122886681098
STUDIO-2988,mulestudio,2,1.0986122886681098
STUDIO-2991,mulestudio,1,0.6931471805599453
STUDIO-2994,mulestudio,8,2.1972245773362196
STUDIO-2996,mulestudio,5,1.791759469228055
STUDIO-2999,mulestudio,2,1.0986122886681098
STUDIO-3002,mulestudio,1,0.6931471805599453
STUDIO-3003,mulestudio,3,1.3862943611198906
STUDIO-3010,mulestudio,5,1.791759469228055
STUDIO-3019,mulestudio,8,2.1972245773362196
STUDIO-3021,mulestudio,8,2.1972245773362196
STUDIO-3024,mulestudio,2,1.0986122886681098
STUDIO-3027,mulestudio,1,0.6931471805599453
STUDIO-3031,mulestudio,13,2.6390573296152584
STUDIO-3034,mulestudio,3,1.3862943611198906
STUDIO-3035,mulestudio,5,1.791759469228055
STUDIO-3040,mulestudio,1,0.6931471805599453
STUDIO-3041,mulestudio,8,2.1972245773362196
STUDIO-3042,mulestudio,8,2.1972245773362196
STUDIO-3047,mulestudio,8,2.1972245773362196
STUDIO-3051,mulestudio,2,1.0986122886681098
STUDIO-3052,mulestudio,1,0.6931471805599453
STUDIO-3053,mulestudio,5,1.791759469228055
STUDIO-3054,mulestudio,8,2.1972245773362196
STUDIO-3055,mulestudio,5,1.791759469228055
STUDIO-3056,mulestudio,5,1.791759469228055
STUDIO-3057,mulestudio,5,1.791759469228055
STUDIO-3061,mulestudio,1,0.6931471805599453
STUDIO-3064,mulestudio,5,1.791759469228055
STUDIO-3065,mulestudio,13,2.6390573296152584
STUDIO-3066,mulestudio,8,2.1972245773362196
STUDIO-3073,mulestudio,3,1.3862943611198906
STUDIO-3077,mulestudio,2,1.0986122886681098
STUDIO-3085,mulestudio,2,1.0986122886681098
STUDIO-3086,mulestudio,13,2.6390573296152584
STUDIO-3087,mulestudio,5,1.791759469228055
STUDIO-3088,mulestudio,2,1.0986122886681098
STUDIO-3096,mulestudio,3,1.3862943611198906
STUDIO-3103,mulestudio,3,1.3862943611198906
STUDIO-3104,mulestudio,13,2.6390573296152584
STUDIO-3118,mulestudio,3,1.3862943611198906
STUDIO-3126,mulestudio,3,1.3862943611198906
STUDIO-3128,mulestudio,5,1.791759469228055
STUDIO-3138,mulestudio,5,1.791759469228055
STUDIO-3144,mulestudio,8,2.1972245773362196
STUDIO-3145,mulestudio,8,2.1972245773362196
STUDIO-3146,mulestudio,2,1.0986122886681098
STUDIO-3147,mulestudio,3,1.3862943611198906
STUDIO-3148,mulestudio,13,2.6390573296152584
STUDIO-3149,mulestudio,5,1.791759469228055
STUDIO-3152,mulestudio,5,1.791759469228055
STUDIO-3154,mulestudio,8,2.1972245773362196
STUDIO-3156,mulestudio,5,1.791759469228055
STUDIO-3158,mulestudio,8,2.1972245773362196
STUDIO-3161,mulestudio,3,1.3862943611198906
STUDIO-3165,mulestudio,5,1.791759469228055
STUDIO-3167,mulestudio,13,2.6390573296152584
STUDIO-3172,mulestudio,5,1.791759469228055
STUDIO-3176,mulestudio,3,1.3862943611198906
STUDIO-3180,mulestudio,8,2.1972245773362196
STUDIO-3181,mulestudio,8,2.1972245773362196
STUDIO-3188,mulestudio,3,1.3862943611198906
STUDIO-3205,mulestudio,5,1.791759469228055
STUDIO-3212,mulestudio,5,1.791759469228055
STUDIO-3213,mulestudio,8,2.1972245773362196
STUDIO-3218,mulestudio,5,1.791759469228055
STUDIO-3219,mulestudio,5,1.791759469228055
STUDIO-3220,mulestudio,5,1.791759469228055
STUDIO-3221,mulestudio,5,1.791759469228055
STUDIO-3233,mulestudio,2,1.0986122886681098
STUDIO-3238,mulestudio,5,1.791759469228055
STUDIO-3253,mulestudio,5,1.791759469228055
STUDIO-3254,mulestudio,8,2.1972245773362196
STUDIO-3259,mulestudio,5,1.791759469228055
STUDIO-3260,mulestudio,2,1.0986122886681098
STUDIO-3262,mulestudio,5,1.791759469228055
STUDIO-3263,mulestudio,5,1.791759469228055
STUDIO-3265,mulestudio,3,1.3862943611198906
STUDIO-3266,mulestudio,13,2.6390573296152584
STUDIO-3267,mulestudio,5,1.791759469228055
STUDIO-3269,mulestudio,5,1.791759469228055
STUDIO-3272,mulestudio,3,1.3862943611198906
STUDIO-3274,mulestudio,3,1.3862943611198906
STUDIO-3275,mulestudio,3,1.3862943611198906
STUDIO-3276,mulestudio,3,1.3862943611198906
STUDIO-3278,mulestudio,8,2.1972245773362196
STUDIO-3279,mulestudio,5,1.791759469228055
STUDIO-3283,mulestudio,8,2.1972245773362196
STUDIO-3285,mulestudio,2,1.0986122886681098
STUDIO-3288,mulestudio,5,1.791759469228055
STUDIO-3299,mulestudio,13,2.6390573296152584
STUDIO-3300,mulestudio,8,2.1972245773362196
STUDIO-3301,mulestudio,13,2.6390573296152584
STUDIO-3306,mulestudio,1,0.6931471805599453
STUDIO-3309,mulestudio,5,1.791759469228055
STUDIO-3312,mulestudio,5,1.791759469228055
STUDIO-3313,mulestudio,2,1.0986122886681098
STUDIO-3314,mulestudio,8,2.1972245773362196
STUDIO-3316,mulestudio,5,1.791759469228055
STUDIO-3317,mulestudio,8,2.1972245773362196
STUDIO-3318,mulestudio,5,1.791759469228055
STUDIO-3319,mulestudio,5,1.791759469228055
STUDIO-3331,mulestudio,5,1.791759469228055
STUDIO-3332,mulestudio,5,1.791759469228055
STUDIO-3333,mulestudio,2,1.0986122886681098
STUDIO-3334,mulestudio,2,1.0986122886681098
STUDIO-3335,mulestudio,1,0.6931471805599453
STUDIO-3337,mulestudio,2,1.0986122886681098
STUDIO-3344,mulestudio,13,2.6390573296152584
STUDIO-3350,mulestudio,1,0.6931471805599453
STUDIO-3355,mulestudio,2,1.0986122886681098
STUDIO-3361,mulestudio,5,1.791759469228055
STUDIO-3362,mulestudio,8,2.1972245773362196
STUDIO-3363,mulestudio,5,1.791759469228055
STUDIO-3364,mulestudio,5,1.791759469228055
STUDIO-3365,mulestudio,5,1.791759469228055
STUDIO-3366,mulestudio,3,1.3862943611198906
STUDIO-3368,mulestudio,2,1.0986122886681098
STUDIO-3369,mulestudio,1,0.6931471805599453
STUDIO-3377,mulestudio,3,1.3862943611198906
STUDIO-3382,mulestudio,8,2.1972245773362196
STUDIO-3385,mulestudio,1,0.6931471805599453
STUDIO-3391,mulestudio,3,1.3862943611198906
STUDIO-3395,mulestudio,5,1.791759469228055
STUDIO-3396,mulestudio,2,1.0986122886681098
STUDIO-3403,mulestudio,2,1.0986122886681098
STUDIO-3410,mulestudio,2,1.0986122886681098
STUDIO-3415,mulestudio,3,1.3862943611198906
STUDIO-3430,mulestudio,1,0.6931471805599453
STUDIO-3443,mulestudio,13,2.6390573296152584
STUDIO-3445,mulestudio,3,1.3862943611198906
STUDIO-3448,mulestudio,5,1.791759469228055
STUDIO-3482,mulestudio,5,1.791759469228055
STUDIO-3484,mulestudio,34,3.5553480614894135
STUDIO-3485,mulestudio,1,0.6931471805599453
STUDIO-3497,mulestudio,3,1.3862943611198906
STUDIO-3501,mulestudio,5,1.791759469228055
STUDIO-3502,mulestudio,5,1.791759469228055
STUDIO-3503,mulestudio,5,1.791759469228055
STUDIO-3505,mulestudio,3,1.3862943611198906
STUDIO-3507,mulestudio,8,2.1972245773362196
STUDIO-3509,mulestudio,5,1.791759469228055
STUDIO-3513,mulestudio,1,0.6931471805599453
STUDIO-3514,mulestudio,1,0.6931471805599453
STUDIO-3522,mulestudio,5,1.791759469228055
STUDIO-3527,mulestudio,3,1.3862943611198906
STUDIO-3529,mulestudio,2,1.0986122886681098
STUDIO-3532,mulestudio,1,0.6931471805599453
STUDIO-3535,mulestudio,5,1.791759469228055
STUDIO-3536,mulestudio,3,1.3862943611198906
STUDIO-3539,mulestudio,3,1.3862943611198906
STUDIO-3540,mulestudio,8,2.1972245773362196
STUDIO-3569,mulestudio,2,1.0986122886681098
STUDIO-3573,mulestudio,13,2.6390573296152584
STUDIO-3576,mulestudio,8,2.1972245773362196
STUDIO-3583,mulestudio,3,1.3862943611198906
STUDIO-3593,mulestudio,2,1.0986122886681098
STUDIO-3597,mulestudio,2,1.0986122886681098
STUDIO-3614,mulestudio,3,1.3862943611198906
STUDIO-3617,mulestudio,3,1.3862943611198906
STUDIO-3621,mulestudio,5,1.791759469228055
STUDIO-3623,mulestudio,1,0.6931471805599453
STUDIO-3624,mulestudio,8,2.1972245773362196
STUDIO-3633,mulestudio,5,1.791759469228055
STUDIO-3641,mulestudio,5,1.791759469228055
STUDIO-3642,mulestudio,1,0.6931471805599453
STUDIO-3643,mulestudio,5,1.791759469228055
STUDIO-3651,mulestudio,5,1.791759469228055
STUDIO-3654,mulestudio,5,1.791759469228055
STUDIO-3656,mulestudio,5,1.791759469228055
STUDIO-3662,mulestudio,2,1.0986122886681098
STUDIO-3667,mulestudio,3,1.3862943611198906
STUDIO-3668,mulestudio,5,1.791759469228055
STUDIO-3669,mulestudio,3,1.3862943611198906
STUDIO-3671,mulestudio,1,0.6931471805599453
STUDIO-3676,mulestudio,5,1.791759469228055
STUDIO-3677,mulestudio,1,0.6931471805599453
STUDIO-3695,mulestudio,3,1.3862943611198906
STUDIO-3710,mulestudio,8,2.1972245773362196
STUDIO-3782,mulestudio,3,1.3862943611198906
STUDIO-3797,mulestudio,5,1.791759469228055
STUDIO-3815,mulestudio,3,1.3862943611198906
STUDIO-3818,mulestudio,5,1.791759469228055
STUDIO-3832,mulestudio,5,1.791759469228055
STUDIO-3834,mulestudio,5,1.791759469228055
STUDIO-3835,mulestudio,5,1.791759469228055
STUDIO-3836,mulestudio,5,1.791759469228055
STUDIO-3839,mulestudio,13,2.6390573296152584
STUDIO-3843,mulestudio,3,1.3862943611198906
STUDIO-3844,mulestudio,5,1.791759469228055
STUDIO-3845,mulestudio,5,1.791759469228055
STUDIO-3846,mulestudio,2,1.0986122886681098
STUDIO-3847,mulestudio,3,1.3862943611198906
STUDIO-3852,mulestudio,5,1.791759469228055
STUDIO-3857,mulestudio,8,2.1972245773362196
STUDIO-3858,mulestudio,8,2.1972245773362196
STUDIO-3859,mulestudio,3,1.3862943611198906
STUDIO-3867,mulestudio,5,1.791759469228055
STUDIO-3877,mulestudio,5,1.791759469228055
STUDIO-3879,mulestudio,13,2.6390573296152584
STUDIO-3880,mulestudio,2,1.0986122886681098
STUDIO-3881,mulestudio,5,1.791759469228055
STUDIO-3882,mulestudio,13,2.6390573296152584
STUDIO-3883,mulestudio,2,1.0986122886681098
STUDIO-3884,mulestudio,5,1.791759469228055
STUDIO-3885,mulestudio,3,1.3862943611198906
STUDIO-3888,mulestudio,8,2.1972245773362196
STUDIO-3889,mulestudio,13,2.6390573296152584
STUDIO-3890,mulestudio,5,1.791759469228055
STUDIO-3899,mulestudio,5,1.791759469228055
STUDIO-3917,mulestudio,8,2.1972245773362196
STUDIO-3922,mulestudio,3,1.3862943611198906
STUDIO-3924,mulestudio,1,0.6931471805599453
STUDIO-3929,mulestudio,3,1.3862943611198906
STUDIO-3930,mulestudio,3,1.3862943611198906
STUDIO-3939,mulestudio,3,1.3862943611198906
STUDIO-3940,mulestudio,3,1.3862943611198906
STUDIO-3941,mulestudio,8,2.1972245773362196
STUDIO-3942,mulestudio,3,1.3862943611198906
STUDIO-3943,mulestudio,8,2.1972245773362196
STUDIO-3944,mulestudio,5,1.791759469228055
STUDIO-3945,mulestudio,2,1.0986122886681098
STUDIO-3946,mulestudio,5,1.791759469228055
STUDIO-3947,mulestudio,2,1.0986122886681098
STUDIO-3948,mulestudio,1,0.6931471805599453
STUDIO-3949,mulestudio,2,1.0986122886681098
STUDIO-3950,mulestudio,1,0.6931471805599453
STUDIO-3952,mulestudio,5,1.791759469228055
STUDIO-3956,mulestudio,3,1.3862943611198906
STUDIO-3967,mulestudio,3,1.3862943611198906
STUDIO-3968,mulestudio,5,1.791759469228055
STUDIO-3970,mulestudio,3,1.3862943611198906
STUDIO-3972,mulestudio,1,0.6931471805599453
STUDIO-3973,mulestudio,2,1.0986122886681098
STUDIO-4000,mulestudio,3,1.3862943611198906
STUDIO-4031,mulestudio,2,1.0986122886681098
STUDIO-4044,mulestudio,5,1.791759469228055
STUDIO-4050,mulestudio,8,2.1972245773362196
STUDIO-4051,mulestudio,5,1.791759469228055
STUDIO-4059,mulestudio,2,1.0986122886681098
STUDIO-4062,mulestudio,2,1.0986122886681098
STUDIO-4076,mulestudio,5,1.791759469228055
STUDIO-4079,mulestudio,8,2.1972245773362196
STUDIO-4134,mulestudio,1,0.6931471805599453
STUDIO-4137,mulestudio,5,1.791759469228055
STUDIO-4172,mulestudio,5,1.791759469228055
STUDIO-4191,mulestudio,1,0.6931471805599453
STUDIO-4192,mulestudio,13,2.6390573296152584
STUDIO-4197,mulestudio,1,0.6931471805599453
STUDIO-4207,mulestudio,5,1.791759469228055
STUDIO-4208,mulestudio,5,1.791759469228055
STUDIO-4209,mulestudio,5,1.791759469228055
STUDIO-4211,mulestudio,5,1.791759469228055
STUDIO-4215,mulestudio,3,1.3862943611198906
STUDIO-4216,mulestudio,5,1.791759469228055
STUDIO-4217,mulestudio,8,2.1972245773362196
STUDIO-4227,mulestudio,5,1.791759469228055
STUDIO-4230,mulestudio,2,1.0986122886681098
STUDIO-4240,mulestudio,5,1.791759469228055
STUDIO-4242,mulestudio,13,2.6390573296152584
STUDIO-4243,mulestudio,5,1.791759469228055
STUDIO-4245,mulestudio,5,1.791759469228055
STUDIO-4246,mulestudio,8,2.1972245773362196
STUDIO-4248,mulestudio,8,2.1972245773362196
STUDIO-4250,mulestudio,3,1.3862943611198906
STUDIO-4252,mulestudio,5,1.791759469228055
STUDIO-4259,mulestudio,5,1.791759469228055
STUDIO-4260,mulestudio,5,1.791759469228055
STUDIO-4263,mulestudio,2,1.0986122886681098
STUDIO-4265,mulestudio,5,1.791759469228055
STUDIO-4282,mulestudio,2,1.0986122886681098
STUDIO-4283,mulestudio,2,1.0986122886681098
STUDIO-4294,mulestudio,3,1.3862943611198906
STUDIO-4296,mulestudio,3,1.3862943611198906
STUDIO-4298,mulestudio,2,1.0986122886681098
STUDIO-4299,mulestudio,2,1.0986122886681098
STUDIO-4301,mulestudio,2,1.0986122886681098
STUDIO-4311,mulestudio,3,1.3862943611198906
STUDIO-4313,mulestudio,5,1.791759469228055
STUDIO-4314,mulestudio,1,0.6931471805599453
STUDIO-4315,mulestudio,1,0.6931471805599453
STUDIO-4316,mulestudio,1,0.6931471805599453
STUDIO-4338,mulestudio,8,2.1972245773362196
STUDIO-4346,mulestudio,5,1.791759469228055
STUDIO-4348,mulestudio,21,3.091042453358316
STUDIO-4349,mulestudio,13,2.6390573296152584
STUDIO-4353,mulestudio,13,2.6390573296152584
STUDIO-4354,mulestudio,21,3.091042453358316
STUDIO-4356,mulestudio,34,3.5553480614894135
STUDIO-4358,mulestudio,2,1.0986122886681098
STUDIO-4365,mulestudio,3,1.3862943611198906
STUDIO-4372,mulestudio,3,1.3862943611198906
STUDIO-4374,mulestudio,8,2.1972245773362196
STUDIO-4375,mulestudio,8,2.1972245773362196
STUDIO-4376,mulestudio,1,0.6931471805599453
STUDIO-4377,mulestudio,8,2.1972245773362196
STUDIO-4380,mulestudio,13,2.6390573296152584
STUDIO-4381,mulestudio,5,1.791759469228055
STUDIO-4382,mulestudio,3,1.3862943611198906
STUDIO-4383,mulestudio,5,1.791759469228055
STUDIO-4384,mulestudio,8,2.1972245773362196
STUDIO-4393,mulestudio,1,0.6931471805599453
STUDIO-4442,mulestudio,8,2.1972245773362196
STUDIO-4444,mulestudio,8,2.1972245773362196
STUDIO-4460,mulestudio,5,1.791759469228055
STUDIO-4462,mulestudio,5,1.791759469228055
STUDIO-4466,mulestudio,13,2.6390573296152584
STUDIO-4471,mulestudio,34,3.5553480614894135
STUDIO-4482,mulestudio,2,1.0986122886681098
STUDIO-4484,mulestudio,21,3.091042453358316
STUDIO-4485,mulestudio,2,1.0986122886681098
STUDIO-4493,mulestudio,5,1.791759469228055
STUDIO-4506,mulestudio,8,2.1972245773362196
STUDIO-4517,mulestudio,21,3.091042453358316
STUDIO-4538,mulestudio,13,2.6390573296152584
STUDIO-4543,mulestudio,1,0.6931471805599453
STUDIO-4556,mulestudio,5,1.791759469228055
STUDIO-4568,mulestudio,5,1.791759469228055
STUDIO-4572,mulestudio,34,3.5553480614894135
STUDIO-4600,mulestudio,8,2.1972245773362196
STUDIO-4611,mulestudio,3,1.3862943611198906
STUDIO-4615,mulestudio,3,1.3862943611198906
STUDIO-4689,mulestudio,2,1.0986122886681098
STUDIO-4690,mulestudio,8,2.1972245773362196
STUDIO-4691,mulestudio,8,2.1972245773362196
STUDIO-4692,mulestudio,5,1.791759469228055
STUDIO-4694,mulestudio,8,2.1972245773362196
STUDIO-4695,mulestudio,3,1.3862943611198906
STUDIO-4701,mulestudio,13,2.6390573296152584
STUDIO-4703,mulestudio,2,1.0986122886681098
STUDIO-4718,mulestudio,5,1.791759469228055
STUDIO-4734,mulestudio,5,1.791759469228055
STUDIO-4742,mulestudio,34,3.5553480614894135
STUDIO-4743,mulestudio,5,1.791759469228055
STUDIO-4745,mulestudio,5,1.791759469228055
STUDIO-4749,mulestudio,3,1.3862943611198906
STUDIO-4760,mulestudio,8,2.1972245773362196
STUDIO-4762,mulestudio,13,2.6390573296152584
STUDIO-4764,mulestudio,21,3.091042453358316
STUDIO-4818,mulestudio,3,1.3862943611198906
STUDIO-4828,mulestudio,3,1.3862943611198906
STUDIO-4829,mulestudio,3,1.3862943611198906
STUDIO-4837,mulestudio,5,1.791759469228055
STUDIO-4839,mulestudio,3,1.3862943611198906
STUDIO-4840,mulestudio,5,1.791759469228055
STUDIO-4842,mulestudio,3,1.3862943611198906
STUDIO-4843,mulestudio,2,1.0986122886681098
STUDIO-4863,mulestudio,5,1.791759469228055
STUDIO-4890,mulestudio,2,1.0986122886681098
STUDIO-4897,mulestudio,5,1.791759469228055
STUDIO-4920,mulestudio,8,2.1972245773362196
STUDIO-4921,mulestudio,3,1.3862943611198906
STUDIO-4922,mulestudio,34,3.5553480614894135
STUDIO-4924,mulestudio,3,1.3862943611198906
STUDIO-4975,mulestudio,5,1.791759469228055
STUDIO-4978,mulestudio,13,2.6390573296152584
STUDIO-4979,mulestudio,3,1.3862943611198906
STUDIO-4980,mulestudio,5,1.791759469228055
STUDIO-5003,mulestudio,5,1.791759469228055
STUDIO-5015,mulestudio,21,3.091042453358316
STUDIO-5019,mulestudio,5,1.791759469228055
STUDIO-5050,mulestudio,8,2.1972245773362196
STUDIO-5052,mulestudio,5,1.791759469228055
STUDIO-5058,mulestudio,5,1.791759469228055
STUDIO-5065,mulestudio,3,1.3862943611198906
STUDIO-5067,mulestudio,13,2.6390573296152584
STUDIO-5119,mulestudio,15,2.772588722239781
STUDIO-5124,mulestudio,5,1.791759469228055
STUDIO-5132,mulestudio,13,2.6390573296152584
STUDIO-5135,mulestudio,13,2.6390573296152584
STUDIO-5136,mulestudio,13,2.6390573296152584
STUDIO-5140,mulestudio,2,1.0986122886681098
STUDIO-5142,mulestudio,5,1.791759469228055
STUDIO-5156,mulestudio,8,2.1972245773362196
STUDIO-5193,mulestudio,5,1.791759469228055
STUDIO-5205,mulestudio,8,2.1972245773362196
STUDIO-5222,mulestudio,15,2.772588722239781
STUDIO-5243,mulestudio,2,1.0986122886681098
STUDIO-5245,mulestudio,8,2.1972245773362196
STUDIO-5301,mulestudio,13,2.6390573296152584
STUDIO-5302,mulestudio,26,3.295836866004329
STUDIO-5320,mulestudio,13,2.6390573296152584
STUDIO-5327,mulestudio,3,1.3862943611198906
STUDIO-5328,mulestudio,5,1.791759469228055
STUDIO-5331,mulestudio,1,0.6931471805599453
STUDIO-5350,mulestudio,8,2.1972245773362196
STUDIO-5351,mulestudio,5,1.791759469228055
STUDIO-5360,mulestudio,34,3.5553480614894135
STUDIO-5372,mulestudio,1,0.6931471805599453
STUDIO-5376,mulestudio,8,2.1972245773362196
STUDIO-5383,mulestudio,2,1.0986122886681098
STUDIO-5384,mulestudio,3,1.3862943611198906
STUDIO-5385,mulestudio,8,2.1972245773362196
STUDIO-5386,mulestudio,3,1.3862943611198906
STUDIO-5387,mulestudio,3,1.3862943611198906
STUDIO-5389,mulestudio,3,1.3862943611198906
STUDIO-5390,mulestudio,5,1.791759469228055
STUDIO-5391,mulestudio,3,1.3862943611198906
STUDIO-5426,mulestudio,5,1.791759469228055
STUDIO-5427,mulestudio,3,1.3862943611198906
STUDIO-5430,mulestudio,5,1.791759469228055
STUDIO-5435,mulestudio,5,1.791759469228055
STUDIO-5436,mulestudio,5,1.791759469228055
STUDIO-5437,mulestudio,5,1.791759469228055
STUDIO-5438,mulestudio,8,2.1972245773362196
STUDIO-5481,mulestudio,5,1.791759469228055
STUDIO-5486,mulestudio,13,2.6390573296152584
STUDIO-5499,mulestudio,8,2.1972245773362196
STUDIO-5517,mulestudio,3,1.3862943611198906
STUDIO-5563,mulestudio,21,3.091042453358316
STUDIO-5576,mulestudio,5,1.791759469228055
STUDIO-5586,mulestudio,13,2.6390573296152584
STUDIO-5587,mulestudio,5,1.791759469228055
STUDIO-5588,mulestudio,5,1.791759469228055
STUDIO-5589,mulestudio,3,1.3862943611198906
STUDIO-5590,mulestudio,5,1.791759469228055
STUDIO-5592,mulestudio,13,2.6390573296152584
STUDIO-5593,mulestudio,8,2.1972245773362196
STUDIO-5595,mulestudio,8,2.1972245773362196
STUDIO-5596,mulestudio,8,2.1972245773362196
STUDIO-5597,mulestudio,3,1.3862943611198906
STUDIO-5598,mulestudio,8,2.1972245773362196
STUDIO-5599,mulestudio,3,1.3862943611198906
STUDIO-5601,mulestudio,8,2.1972245773362196
STUDIO-5602,mulestudio,21,3.091042453358316
XD-1,springxd,1,0.6931471805599453
XD-2,springxd,1,0.6931471805599453
XD-6,springxd,3,1.3862943611198906
XD-7,springxd,1,0.6931471805599453
XD-8,springxd,1,0.6931471805599453
XD-9,springxd,13,2.6390573296152584
XD-10,springxd,5,1.791759469228055
XD-11,springxd,5,1.791759469228055
XD-12,springxd,8,2.1972245773362196
XD-13,springxd,8,2.1972245773362196
XD-14,springxd,3,1.3862943611198906
XD-18,springxd,5,1.791759469228055
XD-20,springxd,3,1.3862943611198906
XD-23,springxd,1,0.6931471805599453
XD-24,springxd,2,1.0986122886681098
XD-26,springxd,20,3.044522437723423
XD-27,springxd,1,0.6931471805599453
XD-28,springxd,1,0.6931471805599453
XD-29,springxd,5,1.791759469228055
XD-30,springxd,1,0.6931471805599453
XD-31,springxd,5,1.791759469228055
XD-35,springxd,1,0.6931471805599453
XD-36,springxd,3,1.3862943611198906
XD-37,springxd,2,1.0986122886681098
XD-40,springxd,2,1.0986122886681098
XD-41,springxd,1,0.6931471805599453
XD-43,springxd,5,1.791759469228055
XD-44,springxd,1,0.6931471805599453
XD-45,springxd,1,0.6931471805599453
XD-47,springxd,1,0.6931471805599453
XD-48,springxd,2,1.0986122886681098
XD-49,springxd,3,1.3862943611198906
XD-50,springxd,2,1.0986122886681098
XD-51,springxd,1,0.6931471805599453
XD-52,springxd,1,0.6931471805599453
XD-53,springxd,13,2.6390573296152584
XD-54,springxd,1,0.6931471805599453
XD-55,springxd,3,1.3862943611198906
XD-56,springxd,2,1.0986122886681098
XD-57,springxd,1,0.6931471805599453
XD-58,springxd,1,0.6931471805599453
XD-59,springxd,1,0.6931471805599453
XD-60,springxd,1,0.6931471805599453
XD-61,springxd,8,2.1972245773362196
XD-62,springxd,5,1.791759469228055
XD-63,springxd,2,1.0986122886681098
XD-65,springxd,2,1.0986122886681098
XD-66,springxd,1,0.6931471805599453
XD-67,springxd,8,2.1972245773362196
XD-68,springxd,8,2.1972245773362196
XD-69,springxd,5,1.791759469228055
XD-70,springxd,2,1.0986122886681098
XD-71,springxd,1,0.6931471805599453
XD-72,springxd,5,1.791759469228055
XD-73,springxd,2,1.0986122886681098
XD-74,springxd,1,0.6931471805599453
XD-75,springxd,5,1.791759469228055
XD-76,springxd,1,0.6931471805599453
XD-78,springxd,1,0.6931471805599453
XD-79,springxd,5,1.791759469228055
XD-80,springxd,1,0.6931471805599453
XD-81,springxd,3,1.3862943611198906
XD-82,springxd,3,1.3862943611198906
XD-83,springxd,1,0.6931471805599453
XD-84,springxd,3,1.3862943611198906
XD-85,springxd,3,1.3862943611198906
XD-86,springxd,3,1.3862943611198906
XD-87,springxd,3,1.3862943611198906
XD-88,springxd,3,1.3862943611198906
XD-89,springxd,3,1.3862943611198906
XD-90,springxd,3,1.3862943611198906
XD-91,springxd,3,1.3862943611198906
XD-93,springxd,5,1.791759469228055
XD-94,springxd,3,1.3862943611198906
XD-95,springxd,3,1.3862943611198906
XD-96,springxd,3,1.3862943611198906
XD-97,springxd,8,2.1972245773362196
XD-98,springxd,3,1.3862943611198906
XD-99,springxd,1,0.6931471805599453
XD-100,springxd,2,1.0986122886681098
XD-101,springxd,2,1.0986122886681098
XD-102,springxd,1,0.6931471805599453
XD-103,springxd,1,0.6931471805599453
XD-104,springxd,1,0.6931471805599453
XD-105,springxd,1,0.6931471805599453
XD-106,springxd,1,0.6931471805599453
XD-107,springxd,2,1.0986122886681098
XD-108,springxd,1,0.6931471805599453
XD-109,springxd,1,0.6931471805599453
XD-110,springxd,1,0.6931471805599453
XD-111,springxd,5,1.791759469228055
XD-112,springxd,1,0.6931471805599453
XD-114,springxd,2,1.0986122886681098
XD-115,springxd,1,0.6931471805599453
XD-116,springxd,1,0.6931471805599453
XD-117,springxd,1,0.6931471805599453
XD-118,springxd,1,0.6931471805599453
XD-119,springxd,1,0.6931471805599453
XD-120,springxd,3,1.3862943611198906
XD-121,springxd,10,2.3978952727983707
XD-122,springxd,2,1.0986122886681098
XD-123,springxd,3,1.3862943611198906
XD-124,springxd,2,1.0986122886681098
XD-125,springxd,2,1.0986122886681098
XD-126,springxd,2,1.0986122886681098
XD-127,springxd,3,1.3862943611198906
XD-128,springxd,3,1.3862943611198906
XD-129,springxd,2,1.0986122886681098
XD-130,springxd,3,1.3862943611198906
XD-131,springxd,2,1.0986122886681098
XD-132,springxd,8,2.1972245773362196
XD-133,springxd,1,0.6931471805599453
XD-134,springxd,2,1.0986122886681098
XD-135,springxd,4,1.6094379124341003
XD-136,springxd,3,1.3862943611198906
XD-137,springxd,5,1.791759469228055
XD-138,springxd,5,1.791759469228055
XD-139,springxd,2,1.0986122886681098
XD-140,springxd,2,1.0986122886681098
XD-141,springxd,1,0.6931471805599453
XD-142,springxd,8,2.1972245773362196
XD-143,springxd,3,1.3862943611198906
XD-147,springxd,2,1.0986122886681098
XD-148,springxd,2,1.0986122886681098
XD-149,springxd,4,1.6094379124341003
XD-150,springxd,2,1.0986122886681098
XD-151,springxd,2,1.0986122886681098
XD-152,springxd,5,1.791759469228055
XD-153,springxd,5,1.791759469228055
XD-154,springxd,2,1.0986122886681098
XD-155,springxd,5,1.791759469228055
XD-156,springxd,2,1.0986122886681098
XD-157,springxd,4,1.6094379124341003
XD-158,springxd,4,1.6094379124341003
XD-159,springxd,1,0.6931471805599453
XD-160,springxd,3,1.3862943611198906
XD-161,springxd,5,1.791759469228055
XD-162,springxd,5,1.791759469228055
XD-163,springxd,12,2.5649493574615367
XD-164,springxd,2,1.0986122886681098
XD-165,springxd,2,1.0986122886681098
XD-166,springxd,3,1.3862943611198906
XD-167,springxd,5,1.791759469228055
XD-168,springxd,4,1.6094379124341003
XD-169,springxd,2,1.0986122886681098
XD-170,springxd,2,1.0986122886681098
XD-171,springxd,4,1.6094379124341003
XD-172,springxd,4,1.6094379124341003
XD-173,springxd,6,1.9459101490553132
XD-174,springxd,4,1.6094379124341003
XD-175,springxd,8,2.1972245773362196
XD-176,springxd,2,1.0986122886681098
XD-177,springxd,13,2.6390573296152584
XD-178,springxd,1,0.6931471805599453
XD-179,springxd,1,0.6931471805599453
XD-180,springxd,1,0.6931471805599453
XD-181,springxd,3,1.3862943611198906
XD-182,springxd,3,1.3862943611198906
XD-183,springxd,3,1.3862943611198906
XD-184,springxd,4,1.6094379124341003
XD-185,springxd,2,1.0986122886681098
XD-186,springxd,2,1.0986122886681098
XD-187,springxd,2,1.0986122886681098
XD-188,springxd,1,0.6931471805599453
XD-189,springxd,5,1.791759469228055
XD-190,springxd,1,0.6931471805599453
XD-191,springxd,2,1.0986122886681098
XD-192,springxd,2,1.0986122886681098
XD-193,springxd,3,1.3862943611198906
XD-194,springxd,5,1.791759469228055
XD-195,springxd,1,0.6931471805599453
XD-196,springxd,4,1.6094379124341003
XD-197,springxd,4,1.6094379124341003
XD-198,springxd,1,0.6931471805599453
XD-199,springxd,3,1.3862943611198906
XD-200,springxd,4,1.6094379124341003
XD-201,springxd,2,1.0986122886681098
XD-202,springxd,3,1.3862943611198906
XD-203,springxd,5,1.791759469228055
XD-204,springxd,2,1.0986122886681098
XD-205,springxd,3,1.3862943611198906
XD-206,springxd,1,0.6931471805599453
XD-207,springxd,2,1.0986122886681098
XD-208,springxd,1,0.6931471805599453
XD-209,springxd,3,1.3862943611198906
XD-210,springxd,1,0.6931471805599453
XD-211,springxd,1,0.6931471805599453
XD-212,springxd,2,1.0986122886681098
XD-213,springxd,2,1.0986122886681098
XD-214,springxd,3,1.3862943611198906
XD-215,springxd,1,0.6931471805599453
XD-216,springxd,2,1.0986122886681098
XD-217,springxd,2,1.0986122886681098
XD-218,springxd,1,0.6931471805599453
XD-219,springxd,1,0.6931471805599453
XD-220,springxd,2,1.0986122886681098
XD-221,springxd,2,1.0986122886681098
XD-222,springxd,1,0.6931471805599453
XD-223,springxd,2,1.0986122886681098
XD-224,springxd,2,1.0986122886681098
XD-225,springxd,2,1.0986122886681098
XD-226,springxd,2,1.0986122886681098
XD-227,springxd,1,0.6931471805599453
XD-228,springxd,1,0.6931471805599453
XD-229,springxd,8,2.1972245773362196
XD-230,springxd,3,1.3862943611198906
XD-231,springxd,3,1.3862943611198906
XD-232,springxd,21,3.091042453358316
XD-233,springxd,21,3.091042453358316
XD-234,springxd,21,3.091042453358316
XD-235,springxd,21,3.091042453358316
XD-236,springxd,8,2.1972245773362196
XD-237,springxd,21,3.091042453358316
XD-238,springxd,21,3.091042453358316
XD-240,springxd,21,3.091042453358316
XD-242,springxd,2,1.0986122886681098
XD-244,springxd,8,2.1972245773362196
XD-245,springxd,8,2.1972245773362196
XD-246,springxd,4,1.6094379124341003
XD-247,springxd,2,1.0986122886681098
XD-250,springxd,5,1.791759469228055
XD-251,springxd,10,2.3978952727983707
XD-255,springxd,3,1.3862943611198906
XD-256,springxd,2,1.0986122886681098
XD-257,springxd,3,1.3862943611198906
XD-258,springxd,3,1.3862943611198906
XD-259,springxd,1,0.6931471805599453
XD-260,springxd,3,1.3862943611198906
XD-261,springxd,1,0.6931471805599453
XD-262,springxd,3,1.3862943611198906
XD-263,springxd,5,1.791759469228055
XD-264,springxd,8,2.1972245773362196
XD-265,springxd,5,1.791759469228055
XD-266,springxd,8,2.1972245773362196
XD-267,springxd,10,2.3978952727983707
XD-268,springxd,2,1.0986122886681098
XD-269,springxd,4,1.6094379124341003
XD-270,springxd,8,2.1972245773362196
XD-271,springxd,8,2.1972245773362196
XD-282,springxd,10,2.3978952727983707
XD-290,springxd,2,1.0986122886681098
XD-291,springxd,1,0.6931471805599453
XD-292,springxd,1,0.6931471805599453
XD-293,springxd,4,1.6094379124341003
XD-294,springxd,1,0.6931471805599453
XD-295,springxd,1,0.6931471805599453
XD-296,springxd,1,0.6931471805599453
XD-297,springxd,2,1.0986122886681098
XD-298,springxd,2,1.0986122886681098
XD-299,springxd,5,1.791759469228055
XD-301,springxd,4,1.6094379124341003
XD-302,springxd,8,2.1972245773362196
XD-303,springxd,8,2.1972245773362196
XD-304,springxd,8,2.1972245773362196
XD-305,springxd,8,2.1972245773362196
XD-306,springxd,8,2.1972245773362196
XD-307,springxd,8,2.1972245773362196
XD-308,springxd,8,2.1972245773362196
XD-309,springxd,8,2.1972245773362196
XD-312,springxd,5,1.791759469228055
XD-313,springxd,8,2.1972245773362196
XD-315,springxd,3,1.3862943611198906
XD-316,springxd,5,1.791759469228055
XD-317,springxd,4,1.6094379124341003
XD-318,springxd,10,2.3978952727983707
XD-319,springxd,1,0.6931471805599453
XD-320,springxd,1,0.6931471805599453
XD-321,springxd,1,0.6931471805599453
XD-322,springxd,1,0.6931471805599453
XD-323,springxd,1,0.6931471805599453
XD-328,springxd,5,1.791759469228055
XD-329,springxd,3,1.3862943611198906
XD-330,springxd,3,1.3862943611198906
XD-331,springxd,3,1.3862943611198906
XD-332,springxd,3,1.3862943611198906
XD-334,springxd,5,1.791759469228055
XD-335,springxd,14,2.70805020110221
XD-336,springxd,2,1.0986122886681098
XD-337,springxd,2,1.0986122886681098
XD-338,springxd,4,1.6094379124341003
XD-339,springxd,1,0.6931471805599453
XD-340,springxd,8,2.1972245773362196
XD-341,springxd,2,1.0986122886681098
XD-342,springxd,3,1.3862943611198906
XD-343,springxd,5,1.791759469228055
XD-344,springxd,5,1.791759469228055
XD-345,springxd,1,0.6931471805599453
XD-346,springxd,1,0.6931471805599453
XD-347,springxd,2,1.0986122886681098
XD-348,springxd,1,0.6931471805599453
XD-349,springxd,4,1.6094379124341003
XD-350,springxd,4,1.6094379124341003
XD-351,springxd,4,1.6094379124341003
XD-352,springxd,3,1.3862943611198906
XD-353,springxd,5,1.791759469228055
XD-354,springxd,8,2.1972245773362196
XD-355,springxd,8,2.1972245773362196
XD-356,springxd,1,0.6931471805599453
XD-357,springxd,4,1.6094379124341003
XD-358,springxd,2,1.0986122886681098
XD-359,springxd,1,0.6931471805599453
XD-360,springxd,2,1.0986122886681098
XD-361,springxd,1,0.6931471805599453
XD-363,springxd,1,0.6931471805599453
XD-364,springxd,1,0.6931471805599453
XD-365,springxd,4,1.6094379124341003
XD-366,springxd,3,1.3862943611198906
XD-367,springxd,3,1.3862943611198906
XD-368,springxd,2,1.0986122886681098
XD-369,springxd,3,1.3862943611198906
XD-370,springxd,3,1.3862943611198906
XD-371,springxd,1,0.6931471805599453
XD-372,springxd,1,0.6931471805599453
XD-373,springxd,1,0.6931471805599453
XD-374,springxd,1,0.6931471805599453
XD-375,springxd,1,0.6931471805599453
XD-376,springxd,1,0.6931471805599453
XD-377,springxd,1,0.6931471805599453
XD-378,springxd,1,0.6931471805599453
XD-379,springxd,1,0.6931471805599453
XD-380,springxd,1,0.6931471805599453
XD-381,springxd,1,0.6931471805599453
XD-382,springxd,1,0.6931471805599453
XD-383,springxd,1,0.6931471805599453
XD-384,springxd,1,0.6931471805599453
XD-385,springxd,5,1.791759469228055
XD-386,springxd,3,1.3862943611198906
XD-388,springxd,3,1.3862943611198906
XD-392,springxd,1,0.6931471805599453
XD-393,springxd,1,0.6931471805599453
XD-395,springxd,20,3.044522437723423
XD-396,springxd,1,0.6931471805599453
XD-397,springxd,2,1.0986122886681098
XD-398,springxd,1,0.6931471805599453
XD-399,springxd,1,0.6931471805599453
XD-400,springxd,1,0.6931471805599453
XD-401,springxd,1,0.6931471805599453
XD-402,springxd,4,1.6094379124341003
XD-403,springxd,1,0.6931471805599453
XD-404,springxd,3,1.3862943611198906
XD-405,springxd,1,0.6931471805599453
XD-406,springxd,1,0.6931471805599453
XD-407,springxd,1,0.6931471805599453
XD-408,springxd,1,0.6931471805599453
XD-409,springxd,1,0.6931471805599453
XD-410,springxd,1,0.6931471805599453
XD-411,springxd,1,0.6931471805599453
XD-412,springxd,1,0.6931471805599453
XD-413,springxd,1,0.6931471805599453
XD-414,springxd,1,0.6931471805599453
XD-415,springxd,1,0.6931471805599453
XD-416,springxd,1,0.6931471805599453
XD-417,springxd,1,0.6931471805599453
XD-418,springxd,1,0.6931471805599453
XD-419,springxd,2,1.0986122886681098
XD-420,springxd,3,1.3862943611198906
XD-421,springxd,1,0.6931471805599453
XD-422,springxd,1,0.6931471805599453
XD-423,springxd,1,0.6931471805599453
XD-424,springxd,1,0.6931471805599453
XD-425,springxd,1,0.6931471805599453
XD-426,springxd,1,0.6931471805599453
XD-427,springxd,1,0.6931471805599453
XD-428,springxd,1,0.6931471805599453
XD-429,springxd,1,0.6931471805599453
XD-430,springxd,1,0.6931471805599453
XD-431,springxd,5,1.791759469228055
XD-433,springxd,5,1.791759469228055
XD-434,springxd,5,1.791759469228055
XD-435,springxd,2,1.0986122886681098
XD-437,springxd,4,1.6094379124341003
XD-438,springxd,4,1.6094379124341003
XD-439,springxd,2,1.0986122886681098
XD-440,springxd,3,1.3862943611198906
XD-441,springxd,3,1.3862943611198906
XD-442,springxd,2,1.0986122886681098
XD-443,springxd,3,1.3862943611198906
XD-444,springxd,1,0.6931471805599453
XD-445,springxd,1,0.6931471805599453
XD-446,springxd,1,0.6931471805599453
XD-447,springxd,1,0.6931471805599453
XD-448,springxd,1,0.6931471805599453
XD-449,springxd,1,0.6931471805599453
XD-450,springxd,5,1.791759469228055
XD-451,springxd,5,1.791759469228055
XD-452,springxd,1,0.6931471805599453
XD-453,springxd,1,0.6931471805599453
XD-454,springxd,1,0.6931471805599453
XD-455,springxd,1,0.6931471805599453
XD-456,springxd,1,0.6931471805599453
XD-457,springxd,1,0.6931471805599453
XD-458,springxd,1,0.6931471805599453
XD-459,springxd,1,0.6931471805599453
XD-460,springxd,1,0.6931471805599453
XD-461,springxd,1,0.6931471805599453
XD-462,springxd,1,0.6931471805599453
XD-464,springxd,1,0.6931471805599453
XD-465,springxd,2,1.0986122886681098
XD-466,springxd,3,1.3862943611198906
XD-467,springxd,3,1.3862943611198906
XD-469,springxd,1,0.6931471805599453
XD-470,springxd,3,1.3862943611198906
XD-471,springxd,8,2.1972245773362196
XD-472,springxd,8,2.1972245773362196
XD-473,springxd,5,1.791759469228055
XD-474,springxd,8,2.1972245773362196
XD-475,springxd,8,2.1972245773362196
XD-476,springxd,2,1.0986122886681098
XD-477,springxd,5,1.791759469228055
XD-478,springxd,3,1.3862943611198906
XD-479,springxd,8,2.1972245773362196
XD-480,springxd,2,1.0986122886681098
XD-481,springxd,2,1.0986122886681098
XD-482,springxd,1,0.6931471805599453
XD-483,springxd,2,1.0986122886681098
XD-484,springxd,10,2.3978952727983707
XD-485,springxd,5,1.791759469228055
XD-486,springxd,2,1.0986122886681098
XD-487,springxd,4,1.6094379124341003
XD-488,springxd,1,0.6931471805599453
XD-489,springxd,3,1.3862943611198906
XD-490,springxd,4,1.6094379124341003
XD-491,springxd,3,1.3862943611198906
XD-492,springxd,1,0.6931471805599453
XD-493,springxd,4,1.6094379124341003
XD-494,springxd,2,1.0986122886681098
XD-495,springxd,1,0.6931471805599453
XD-496,springxd,3,1.3862943611198906
XD-497,springxd,3,1.3862943611198906
XD-498,springxd,1,0.6931471805599453
XD-499,springxd,3,1.3862943611198906
XD-500,springxd,2,1.0986122886681098
XD-501,springxd,1,0.6931471805599453
XD-502,springxd,1,0.6931471805599453
XD-503,springxd,2,1.0986122886681098
XD-504,springxd,1,0.6931471805599453
XD-505,springxd,2,1.0986122886681098
XD-506,springxd,1,0.6931471805599453
XD-507,springxd,1,0.6931471805599453
XD-508,springxd,1,0.6931471805599453
XD-509,springxd,3,1.3862943611198906
XD-510,springxd,4,1.6094379124341003
XD-511,springxd,2,1.0986122886681098
XD-512,springxd,3,1.3862943611198906
XD-513,springxd,1,0.6931471805599453
XD-514,springxd,8,2.1972245773362196
XD-515,springxd,3,1.3862943611198906
XD-516,springxd,3,1.3862943611198906
XD-517,springxd,3,1.3862943611198906
XD-518,springxd,2,1.0986122886681098
XD-519,springxd,3,1.3862943611198906
XD-520,springxd,1,0.6931471805599453
XD-521,springxd,1,0.6931471805599453
XD-522,springxd,1,0.6931471805599453
XD-523,springxd,5,1.791759469228055
XD-524,springxd,1,0.6931471805599453
XD-525,springxd,3,1.3862943611198906
XD-526,springxd,5,1.791759469228055
XD-527,springxd,10,2.3978952727983707
XD-528,springxd,4,1.6094379124341003
XD-529,springxd,2,1.0986122886681098
XD-530,springxd,3,1.3862943611198906
XD-531,springxd,2,1.0986122886681098
XD-532,springxd,6,1.9459101490553132
XD-533,springxd,2,1.0986122886681098
XD-534,springxd,2,1.0986122886681098
XD-535,springxd,4,1.6094379124341003
XD-536,springxd,4,1.6094379124341003
XD-538,springxd,5,1.791759469228055
XD-539,springxd,5,1.791759469228055
XD-540,springxd,5,1.791759469228055
XD-541,springxd,3,1.3862943611198906
XD-542,springxd,2,1.0986122886681098
XD-543,springxd,5,1.791759469228055
XD-544,springxd,3,1.3862943611198906
XD-545,springxd,2,1.0986122886681098
XD-546,springxd,2,1.0986122886681098
XD-547,springxd,3,1.3862943611198906
XD-548,springxd,1,0.6931471805599453
XD-549,springxd,2,1.0986122886681098
XD-550,springxd,3,1.3862943611198906
XD-551,springxd,1,0.6931471805599453
XD-552,springxd,1,0.6931471805599453
XD-553,springxd,3,1.3862943611198906
XD-554,springxd,5,1.791759469228055
XD-555,springxd,2,1.0986122886681098
XD-556,springxd,5,1.791759469228055
XD-557,springxd,3,1.3862943611198906
XD-558,springxd,3,1.3862943611198906
XD-559,springxd,1,0.6931471805599453
XD-560,springxd,3,1.3862943611198906
XD-561,springxd,4,1.6094379124341003
XD-562,springxd,2,1.0986122886681098
XD-563,springxd,2,1.0986122886681098
XD-564,springxd,2,1.0986122886681098
XD-565,springxd,1,0.6931471805599453
XD-566,springxd,1,0.6931471805599453
XD-567,springxd,1,0.6931471805599453
XD-568,springxd,1,0.6931471805599453
XD-569,springxd,2,1.0986122886681098
XD-571,springxd,3,1.3862943611198906
XD-572,springxd,5,1.791759469228055
XD-574,springxd,1,0.6931471805599453
XD-575,springxd,1,0.6931471805599453
XD-576,springxd,1,0.6931471805599453
XD-577,springxd,1,0.6931471805599453
XD-578,springxd,3,1.3862943611198906
XD-579,springxd,1,0.6931471805599453
XD-580,springxd,3,1.3862943611198906
XD-581,springxd,2,1.0986122886681098
XD-582,springxd,4,1.6094379124341003
XD-583,springxd,5,1.791759469228055
XD-585,springxd,1,0.6931471805599453
XD-586,springxd,3,1.3862943611198906
XD-587,springxd,3,1.3862943611198906
XD-588,springxd,3,1.3862943611198906
XD-589,springxd,1,0.6931471805599453
XD-591,springxd,1,0.6931471805599453
XD-592,springxd,8,2.1972245773362196
XD-593,springxd,1,0.6931471805599453
XD-594,springxd,2,1.0986122886681098
XD-595,springxd,1,0.6931471805599453
XD-596,springxd,1,0.6931471805599453
XD-597,springxd,4,1.6094379124341003
XD-598,springxd,4,1.6094379124341003
XD-599,springxd,1,0.6931471805599453
XD-600,springxd,5,1.791759469228055
XD-601,springxd,2,1.0986122886681098
XD-602,springxd,2,1.0986122886681098
XD-603,springxd,2,1.0986122886681098
XD-605,springxd,2,1.0986122886681098
XD-606,springxd,3,1.3862943611198906
XD-607,springxd,5,1.791759469228055
XD-608,springxd,1,0.6931471805599453
XD-609,springxd,1,0.6931471805599453
XD-610,springxd,1,0.6931471805599453
XD-611,springxd,1,0.6931471805599453
XD-612,springxd,2,1.0986122886681098
XD-613,springxd,5,1.791759469228055
XD-614,springxd,8,2.1972245773362196
XD-615,springxd,3,1.3862943611198906
XD-617,springxd,2,1.0986122886681098
XD-618,springxd,1,0.6931471805599453
XD-619,springxd,2,1.0986122886681098
XD-620,springxd,2,1.0986122886681098
XD-621,springxd,2,1.0986122886681098
XD-622,springxd,1,0.6931471805599453
XD-623,springxd,2,1.0986122886681098
XD-624,springxd,1,0.6931471805599453
XD-625,springxd,1,0.6931471805599453
XD-626,springxd,1,0.6931471805599453
XD-627,springxd,1,0.6931471805599453
XD-628,springxd,3,1.3862943611198906
XD-629,springxd,2,1.0986122886681098
XD-630,springxd,2,1.0986122886681098
XD-631,springxd,1,0.6931471805599453
XD-632,springxd,4,1.6094379124341003
XD-633,springxd,1,0.6931471805599453
XD-634,springxd,3,1.3862943611198906
XD-635,springxd,1,0.6931471805599453
XD-636,springxd,1,0.6931471805599453
XD-637,springxd,4,1.6094379124341003
XD-638,springxd,1,0.6931471805599453
XD-639,springxd,2,1.0986122886681098
XD-640,springxd,3,1.3862943611198906
XD-641,springxd,4,1.6094379124341003
XD-642,springxd,1,0.6931471805599453
XD-643,springxd,3,1.3862943611198906
XD-644,springxd,2,1.0986122886681098
XD-645,springxd,3,1.3862943611198906
XD-646,springxd,5,1.791759469228055
XD-647,springxd,8,2.1972245773362196
XD-648,springxd,3,1.3862943611198906
XD-649,springxd,1,0.6931471805599453
XD-650,springxd,5,1.791759469228055
XD-651,springxd,5,1.791759469228055
XD-652,springxd,2,1.0986122886681098
XD-653,springxd,1,0.6931471805599453
XD-655,springxd,1,0.6931471805599453
XD-656,springxd,3,1.3862943611198906
XD-658,springxd,2,1.0986122886681098
XD-660,springxd,1,0.6931471805599453
XD-661,springxd,4,1.6094379124341003
XD-662,springxd,2,1.0986122886681098
XD-663,springxd,3,1.3862943611198906
XD-664,springxd,1,0.6931471805599453
XD-665,springxd,1,0.6931471805599453
XD-666,springxd,2,1.0986122886681098
XD-667,springxd,5,1.791759469228055
XD-668,springxd,2,1.0986122886681098
XD-669,springxd,3,1.3862943611198906
XD-670,springxd,4,1.6094379124341003
XD-671,springxd,16,2.833213344056216
XD-672,springxd,5,1.791759469228055
XD-673,springxd,1,0.6931471805599453
XD-674,springxd,2,1.0986122886681098
XD-675,springxd,1,0.6931471805599453
XD-676,springxd,5,1.791759469228055
XD-677,springxd,2,1.0986122886681098
XD-678,springxd,1,0.6931471805599453
XD-679,springxd,1,0.6931471805599453
XD-680,springxd,2,1.0986122886681098
XD-682,springxd,1,0.6931471805599453
XD-683,springxd,2,1.0986122886681098
XD-685,springxd,16,2.833213344056216
XD-686,springxd,8,2.1972245773362196
XD-687,springxd,4,1.6094379124341003
XD-688,springxd,4,1.6094379124341003
XD-689,springxd,1,0.6931471805599453
XD-690,springxd,8,2.1972245773362196
XD-691,springxd,2,1.0986122886681098
XD-692,springxd,1,0.6931471805599453
XD-693,springxd,3,1.3862943611198906
XD-694,springxd,2,1.0986122886681098
XD-695,springxd,3,1.3862943611198906
XD-698,springxd,10,2.3978952727983707
XD-699,springxd,2,1.0986122886681098
XD-700,springxd,1,0.6931471805599453
XD-701,springxd,10,2.3978952727983707
XD-702,springxd,2,1.0986122886681098
XD-703,springxd,8,2.1972245773362196
XD-704,springxd,2,1.0986122886681098
XD-705,springxd,16,2.833213344056216
XD-707,springxd,2,1.0986122886681098
XD-708,springxd,3,1.3862943611198906
XD-713,springxd,3,1.3862943611198906
XD-715,springxd,2,1.0986122886681098
XD-716,springxd,5,1.791759469228055
XD-717,springxd,2,1.0986122886681098
XD-718,springxd,5,1.791759469228055
XD-719,springxd,5,1.791759469228055
XD-720,springxd,5,1.791759469228055
XD-721,springxd,5,1.791759469228055
XD-722,springxd,8,2.1972245773362196
XD-723,springxd,8,2.1972245773362196
XD-724,springxd,5,1.791759469228055
XD-725,springxd,5,1.791759469228055
XD-726,springxd,5,1.791759469228055
XD-727,springxd,4,1.6094379124341003
XD-728,springxd,2,1.0986122886681098
XD-729,springxd,2,1.0986122886681098
XD-730,springxd,2,1.0986122886681098
XD-731,springxd,1,0.6931471805599453
XD-732,springxd,4,1.6094379124341003
XD-733,springxd,6,1.9459101490553132
XD-734,springxd,5,1.791759469228055
XD-735,springxd,5,1.791759469228055
XD-736,springxd,5,1.791759469228055
XD-737,springxd,3,1.3862943611198906
XD-738,springxd,2,1.0986122886681098
XD-739,springxd,4,1.6094379124341003
XD-740,springxd,3,1.3862943611198906
XD-741,springxd,2,1.0986122886681098
XD-742,springxd,20,3.044522437723423
XD-743,springxd,1,0.6931471805599453
XD-744,springxd,2,1.0986122886681098
XD-745,springxd,5,1.791759469228055
XD-746,springxd,1,0.6931471805599453
XD-747,springxd,1,0.6931471805599453
XD-748,springxd,1,0.6931471805599453
XD-749,springxd,1,0.6931471805599453
XD-750,springxd,1,0.6931471805599453
XD-751,springxd,1,0.6931471805599453
XD-752,springxd,2,1.0986122886681098
XD-753,springxd,2,1.0986122886681098
XD-754,springxd,1,0.6931471805599453
XD-755,springxd,3,1.3862943611198906
XD-756,springxd,2,1.0986122886681098
XD-757,springxd,3,1.3862943611198906
XD-758,springxd,2,1.0986122886681098
XD-759,springxd,1,0.6931471805599453
XD-760,springxd,3,1.3862943611198906
XD-761,springxd,8,2.1972245773362196
XD-762,springxd,2,1.0986122886681098
XD-763,springxd,5,1.791759469228055
XD-764,springxd,5,1.791759469228055
XD-765,springxd,1,0.6931471805599453
XD-766,springxd,8,2.1972245773362196
XD-767,springxd,8,2.1972245773362196
XD-768,springxd,8,2.1972245773362196
XD-769,springxd,5,1.791759469228055
XD-770,springxd,2,1.0986122886681098
XD-771,springxd,10,2.3978952727983707
XD-772,springxd,3,1.3862943611198906
XD-773,springxd,2,1.0986122886681098
XD-774,springxd,2,1.0986122886681098
XD-775,springxd,2,1.0986122886681098
XD-776,springxd,1,0.6931471805599453
XD-777,springxd,2,1.0986122886681098
XD-778,springxd,2,1.0986122886681098
XD-779,springxd,2,1.0986122886681098
XD-780,springxd,2,1.0986122886681098
XD-781,springxd,8,2.1972245773362196
XD-782,springxd,3,1.3862943611198906
XD-783,springxd,8,2.1972245773362196
XD-784,springxd,2,1.0986122886681098
XD-785,springxd,5,1.791759469228055
XD-786,springxd,1,0.6931471805599453
XD-787,springxd,2,1.0986122886681098
XD-788,springxd,8,2.1972245773362196
XD-789,springxd,2,1.0986122886681098
XD-790,springxd,1,0.6931471805599453
XD-791,springxd,5,1.791759469228055
XD-792,springxd,2,1.0986122886681098
XD-793,springxd,1,0.6931471805599453
XD-794,springxd,4,1.6094379124341003
XD-795,springxd,3,1.3862943611198906
XD-796,springxd,5,1.791759469228055
XD-797,springxd,1,0.6931471805599453
XD-798,springxd,3,1.3862943611198906
XD-799,springxd,3,1.3862943611198906
XD-800,springxd,2,1.0986122886681098
XD-801,springxd,1,0.6931471805599453
XD-802,springxd,3,1.3862943611198906
XD-803,springxd,3,1.3862943611198906
XD-804,springxd,8,2.1972245773362196
XD-805,springxd,8,2.1972245773362196
XD-806,springxd,3,1.3862943611198906
XD-807,springxd,2,1.0986122886681098
XD-808,springxd,3,1.3862943611198906
XD-809,springxd,1,0.6931471805599453
XD-810,springxd,3,1.3862943611198906
XD-811,springxd,2,1.0986122886681098
XD-812,springxd,8,2.1972245773362196
XD-813,springxd,4,1.6094379124341003
XD-814,springxd,5,1.791759469228055
XD-815,springxd,1,0.6931471805599453
XD-816,springxd,2,1.0986122886681098
XD-817,springxd,5,1.791759469228055
XD-818,springxd,5,1.791759469228055
XD-819,springxd,3,1.3862943611198906
XD-820,springxd,3,1.3862943611198906
XD-821,springxd,5,1.791759469228055
XD-822,springxd,2,1.0986122886681098
XD-823,springxd,1,0.6931471805599453
XD-824,springxd,3,1.3862943611198906
XD-825,springxd,1,0.6931471805599453
XD-826,springxd,3,1.3862943611198906
XD-827,springxd,2,1.0986122886681098
XD-828,springxd,2,1.0986122886681098
XD-829,springxd,3,1.3862943611198906
XD-830,springxd,5,1.791759469228055
XD-831,springxd,2,1.0986122886681098
XD-832,springxd,2,1.0986122886681098
XD-833,springxd,5,1.791759469228055
XD-834,springxd,2,1.0986122886681098
XD-835,springxd,4,1.6094379124341003
XD-837,springxd,5,1.791759469228055
XD-838,springxd,2,1.0986122886681098
XD-839,springxd,1,0.6931471805599453
XD-840,springxd,1,0.6931471805599453
XD-841,springxd,9,2.302585092994046
XD-842,springxd,1,0.6931471805599453
XD-843,springxd,20,3.044522437723423
XD-844,springxd,3,1.3862943611198906
XD-845,springxd,3,1.3862943611198906
XD-846,springxd,2,1.0986122886681098
XD-847,springxd,5,1.791759469228055
XD-848,springxd,1,0.6931471805599453
XD-849,springxd,2,1.0986122886681098
XD-850,springxd,3,1.3862943611198906
XD-851,springxd,4,1.6094379124341003
XD-852,springxd,5,1.791759469228055
XD-853,springxd,2,1.0986122886681098
XD-854,springxd,2,1.0986122886681098
XD-855,springxd,5,1.791759469228055
XD-857,springxd,5,1.791759469228055
XD-858,springxd,1,0.6931471805599453
XD-859,springxd,8,2.1972245773362196
XD-861,springxd,10,2.3978952727983707
XD-862,springxd,10,2.3978952727983707
XD-863,springxd,4,1.6094379124341003
XD-864,springxd,1,0.6931471805599453
XD-865,springxd,5,1.791759469228055
XD-866,springxd,1,0.6931471805599453
XD-867,springxd,5,1.791759469228055
XD-868,springxd,4,1.6094379124341003
XD-869,springxd,6,1.9459101490553132
XD-870,springxd,4,1.6094379124341003
XD-871,springxd,4,1.6094379124341003
XD-872,springxd,8,2.1972245773362196
XD-873,springxd,8,2.1972245773362196
XD-874,springxd,8,2.1972245773362196
XD-875,springxd,2,1.0986122886681098
XD-876,springxd,1,0.6931471805599453
XD-877,springxd,3,1.3862943611198906
XD-878,springxd,3,1.3862943611198906
XD-879,springxd,2,1.0986122886681098
XD-880,springxd,1,0.6931471805599453
XD-881,springxd,5,1.791759469228055
XD-882,springxd,1,0.6931471805599453
XD-883,springxd,5,1.791759469228055
XD-884,springxd,3,1.3862943611198906
XD-885,springxd,8,2.1972245773362196
XD-886,springxd,1,0.6931471805599453
XD-887,springxd,6,1.9459101490553132
XD-888,springxd,1,0.6931471805599453
XD-889,springxd,1,0.6931471805599453
XD-890,springxd,8,2.1972245773362196
XD-891,springxd,3,1.3862943611198906
XD-892,springxd,1,0.6931471805599453
XD-893,springxd,2,1.0986122886681098
XD-894,springxd,8,2.1972245773362196
XD-896,springxd,8,2.1972245773362196
XD-897,springxd,8,2.1972245773362196
XD-898,springxd,5,1.791759469228055
XD-899,springxd,2,1.0986122886681098
XD-900,springxd,1,0.6931471805599453
XD-901,springxd,3,1.3862943611198906
XD-902,springxd,2,1.0986122886681098
XD-903,springxd,8,2.1972245773362196
XD-904,springxd,1,0.6931471805599453
XD-905,springxd,2,1.0986122886681098
XD-906,springxd,5,1.791759469228055
XD-907,springxd,3,1.3862943611198906
XD-908,springxd,3,1.3862943611198906
XD-909,springxd,5,1.791759469228055
XD-910,springxd,1,0.6931471805599453
XD-911,springxd,1,0.6931471805599453
XD-912,springxd,5,1.791759469228055
XD-913,springxd,1,0.6931471805599453
XD-914,springxd,2,1.0986122886681098
XD-915,springxd,8,2.1972245773362196
XD-916,springxd,4,1.6094379124341003
XD-917,springxd,8,2.1972245773362196
XD-918,springxd,1,0.6931471805599453
XD-919,springxd,2,1.0986122886681098
XD-920,springxd,2,1.0986122886681098
XD-921,springxd,3,1.3862943611198906
XD-922,springxd,2,1.0986122886681098
XD-923,springxd,8,2.1972245773362196
XD-924,springxd,3,1.3862943611198906
XD-925,springxd,3,1.3862943611198906
XD-926,springxd,8,2.1972245773362196
XD-927,springxd,3,1.3862943611198906
XD-928,springxd,1,0.6931471805599453
XD-929,springxd,1,0.6931471805599453
XD-930,springxd,2,1.0986122886681098
XD-931,springxd,2,1.0986122886681098
XD-932,springxd,2,1.0986122886681098
XD-933,springxd,2,1.0986122886681098
XD-934,springxd,2,1.0986122886681098
XD-935,springxd,3,1.3862943611198906
XD-936,springxd,3,1.3862943611198906
XD-937,springxd,1,0.6931471805599453
XD-938,springxd,1,0.6931471805599453
XD-939,springxd,2,1.0986122886681098
XD-940,springxd,1,0.6931471805599453
XD-941,springxd,3,1.3862943611198906
XD-942,springxd,1,0.6931471805599453
XD-943,springxd,3,1.3862943611198906
XD-944,springxd,1,0.6931471805599453
XD-945,springxd,10,2.3978952727983707
XD-946,springxd,20,3.044522437723423
XD-947,springxd,20,3.044522437723423
XD-948,springxd,10,2.3978952727983707
XD-949,springxd,10,2.3978952727983707
XD-950,springxd,20,3.044522437723423
XD-952,springxd,5,1.791759469228055
XD-953,springxd,10,2.3978952727983707
XD-954,springxd,3,1.3862943611198906
XD-955,springxd,1,0.6931471805599453
XD-956,springxd,12,2.5649493574615367
XD-957,springxd,3,1.3862943611198906
XD-958,springxd,3,1.3862943611198906
XD-959,springxd,3,1.3862943611198906
XD-961,springxd,1,0.6931471805599453
XD-962,springxd,1,0.6931471805599453
XD-963,springxd,10,2.3978952727983707
XD-964,springxd,40,3.713572066704308
XD-965,springxd,20,3.044522437723423
XD-966,springxd,5,1.791759469228055
XD-967,springxd,5,1.791759469228055
XD-968,springxd,3,1.3862943611198906
XD-969,springxd,10,2.3978952727983707
XD-970,springxd,10,2.3978952727983707
XD-972,springxd,5,1.791759469228055
XD-974,springxd,8,2.1972245773362196
XD-975,springxd,40,3.713572066704308
XD-976,springxd,5,1.791759469228055
XD-977,springxd,5,1.791759469228055
XD-978,springxd,10,2.3978952727983707
XD-979,springxd,3,1.3862943611198906
XD-980,springxd,10,2.3978952727983707
XD-981,springxd,3,1.3862943611198906
XD-982,springxd,20,3.044522437723423
XD-983,springxd,1,0.6931471805599453
XD-984,springxd,10,2.3978952727983707
XD-985,springxd,5,1.791759469228055
XD-986,springxd,10,2.3978952727983707
XD-987,springxd,8,2.1972245773362196
XD-988,springxd,5,1.791759469228055
XD-989,springxd,5,1.791759469228055
XD-990,springxd,8,2.1972245773362196
XD-991,springxd,8,2.1972245773362196
XD-992,springxd,8,2.1972245773362196
XD-993,springxd,8,2.1972245773362196
XD-994,springxd,8,2.1972245773362196
XD-995,springxd,5,1.791759469228055
XD-997,springxd,4,1.6094379124341003
XD-998,springxd,1,0.6931471805599453
XD-999,springxd,4,1.6094379124341003
XD-1000,springxd,4,1.6094379124341003
XD-1001,springxd,2,1.0986122886681098
XD-1002,springxd,3,1.3862943611198906
XD-1003,springxd,2,1.0986122886681098
XD-1004,springxd,4,1.6094379124341003
XD-1005,springxd,3,1.3862943611198906
XD-1006,springxd,3,1.3862943611198906
XD-1007,springxd,3,1.3862943611198906
XD-1008,springxd,4,1.6094379124341003
XD-1009,springxd,2,1.0986122886681098
XD-1010,springxd,5,1.791759469228055
XD-1011,springxd,2,1.0986122886681098
XD-1012,springxd,8,2.1972245773362196
XD-1013,springxd,8,2.1972245773362196
XD-1014,springxd,8,2.1972245773362196
XD-1015,springxd,5,1.791759469228055
XD-1016,springxd,3,1.3862943611198906
XD-1017,springxd,5,1.791759469228055
XD-1018,springxd,1,0.6931471805599453
XD-1019,springxd,2,1.0986122886681098
XD-1020,springxd,5,1.791759469228055
XD-1021,springxd,5,1.791759469228055
XD-1022,springxd,5,1.791759469228055
XD-1023,springxd,4,1.6094379124341003
XD-1024,springxd,5,1.791759469228055
XD-1025,springxd,2,1.0986122886681098
XD-1026,springxd,10,2.3978952727983707
XD-1027,springxd,10,2.3978952727983707
XD-1028,springxd,1,0.6931471805599453
XD-1029,springxd,3,1.3862943611198906
XD-1030,springxd,1,0.6931471805599453
XD-1031,springxd,8,2.1972245773362196
XD-1032,springxd,8,2.1972245773362196
XD-1033,springxd,5,1.791759469228055
XD-1034,springxd,4,1.6094379124341003
XD-1035,springxd,5,1.791759469228055
XD-1036,springxd,10,2.3978952727983707
XD-1037,springxd,15,2.772588722239781
XD-1038,springxd,2,1.0986122886681098
XD-1039,springxd,5,1.791759469228055
XD-1040,springxd,2,1.0986122886681098
XD-1041,springxd,3,1.3862943611198906
XD-1042,springxd,3,1.3862943611198906
XD-1043,springxd,8,2.1972245773362196
XD-1044,springxd,8,2.1972245773362196
XD-1045,springxd,5,1.791759469228055
XD-1046,springxd,4,1.6094379124341003
XD-1047,springxd,5,1.791759469228055
XD-1048,springxd,5,1.791759469228055
XD-1049,springxd,3,1.3862943611198906
XD-1050,springxd,12,2.5649493574615367
XD-1051,springxd,1,0.6931471805599453
XD-1052,springxd,4,1.6094379124341003
XD-1053,springxd,3,1.3862943611198906
XD-1054,springxd,4,1.6094379124341003
XD-1055,springxd,5,1.791759469228055
XD-1056,springxd,5,1.791759469228055
XD-1057,springxd,1,0.6931471805599453
XD-1058,springxd,2,1.0986122886681098
XD-1059,springxd,2,1.0986122886681098
XD-1060,springxd,1,0.6931471805599453
XD-1061,springxd,2,1.0986122886681098
XD-1062,springxd,1,0.6931471805599453
XD-1063,springxd,2,1.0986122886681098
XD-1064,springxd,4,1.6094379124341003
XD-1065,springxd,2,1.0986122886681098
XD-1066,springxd,5,1.791759469228055
XD-1067,springxd,3,1.3862943611198906
XD-1068,springxd,2,1.0986122886681098
XD-1070,springxd,4,1.6094379124341003
XD-1071,springxd,6,1.9459101490553132
XD-1072,springxd,1,0.6931471805599453
XD-1073,springxd,1,0.6931471805599453
XD-1074,springxd,2,1.0986122886681098
XD-1075,springxd,3,1.3862943611198906
XD-1076,springxd,16,2.833213344056216
XD-1077,springxd,40,3.713572066704308
XD-1078,springxd,1,0.6931471805599453
XD-1079,springxd,1,0.6931471805599453
XD-1080,springxd,1,0.6931471805599453
XD-1081,springxd,1,0.6931471805599453
XD-1082,springxd,2,1.0986122886681098
XD-1083,springxd,4,1.6094379124341003
XD-1084,springxd,4,1.6094379124341003
XD-1085,springxd,3,1.3862943611198906
XD-1086,springxd,3,1.3862943611198906
XD-1087,springxd,3,1.3862943611198906
XD-1088,springxd,4,1.6094379124341003
XD-1089,springxd,2,1.0986122886681098
XD-1090,springxd,2,1.0986122886681098
XD-1091,springxd,2,1.0986122886681098
XD-1092,springxd,2,1.0986122886681098
XD-1093,springxd,2,1.0986122886681098
XD-1094,springxd,2,1.0986122886681098
XD-1095,springxd,2,1.0986122886681098
XD-1096,springxd,3,1.3862943611198906
XD-1097,springxd,8,2.1972245773362196
XD-1098,springxd,8,2.1972245773362196
XD-1099,springxd,2,1.0986122886681098
XD-1100,springxd,4,1.6094379124341003
XD-1101,springxd,8,2.1972245773362196
XD-1102,springxd,8,2.1972245773362196
XD-1103,springxd,5,1.791759469228055
XD-1104,springxd,5,1.791759469228055
XD-1105,springxd,3,1.3862943611198906
XD-1106,springxd,6,1.9459101490553132
XD-1107,springxd,1,0.6931471805599453
XD-1108,springxd,2,1.0986122886681098
XD-1109,springxd,2,1.0986122886681098
XD-1110,springxd,2,1.0986122886681098
XD-1111,springxd,2,1.0986122886681098
XD-1113,springxd,2,1.0986122886681098
XD-1114,springxd,5,1.791759469228055
XD-1115,springxd,3,1.3862943611198906
XD-1116,springxd,2,1.0986122886681098
XD-1117,springxd,1,0.6931471805599453
XD-1118,springxd,5,1.791759469228055
XD-1119,springxd,3,1.3862943611198906
XD-1120,springxd,8,2.1972245773362196
XD-1121,springxd,2,1.0986122886681098
XD-1122,springxd,2,1.0986122886681098
XD-1123,springxd,5,1.791759469228055
XD-1124,springxd,1,0.6931471805599453
XD-1125,springxd,5,1.791759469228055
XD-1126,springxd,1,0.6931471805599453
XD-1127,springxd,20,3.044522437723423
XD-1128,springxd,1,0.6931471805599453
XD-1129,springxd,2,1.0986122886681098
XD-1130,springxd,5,1.791759469228055
XD-1131,springxd,4,1.6094379124341003
XD-1132,springxd,2,1.0986122886681098
XD-1133,springxd,2,1.0986122886681098
XD-1134,springxd,1,0.6931471805599453
XD-1135,springxd,1,0.6931471805599453
XD-1136,springxd,3,1.3862943611198906
XD-1137,springxd,3,1.3862943611198906
XD-1138,springxd,4,1.6094379124341003
XD-1139,springxd,3,1.3862943611198906
XD-1140,springxd,16,2.833213344056216
XD-1142,springxd,8,2.1972245773362196
XD-1143,springxd,10,2.3978952727983707
XD-1144,springxd,10,2.3978952727983707
XD-1145,springxd,4,1.6094379124341003
XD-1146,springxd,16,2.833213344056216
XD-1148,springxd,2,1.0986122886681098
XD-1149,springxd,4,1.6094379124341003
XD-1150,springxd,1,0.6931471805599453
XD-1151,springxd,8,2.1972245773362196
XD-1152,springxd,2,1.0986122886681098
XD-1153,springxd,3,1.3862943611198906
XD-1154,springxd,3,1.3862943611198906
XD-1155,springxd,3,1.3862943611198906
XD-1156,springxd,2,1.0986122886681098
XD-1157,springxd,1,0.6931471805599453
XD-1158,springxd,3,1.3862943611198906
XD-1159,springxd,5,1.791759469228055
XD-1160,springxd,8,2.1972245773362196
XD-1161,springxd,3,1.3862943611198906
XD-1162,springxd,1,0.6931471805599453
XD-1163,springxd,1,0.6931471805599453
XD-1164,springxd,1,0.6931471805599453
XD-1165,springxd,2,1.0986122886681098
XD-1166,springxd,3,1.3862943611198906
XD-1167,springxd,2,1.0986122886681098
XD-1168,springxd,5,1.791759469228055
XD-1169,springxd,1,0.6931471805599453
XD-1170,springxd,2,1.0986122886681098
XD-1171,springxd,3,1.3862943611198906
XD-1172,springxd,4,1.6094379124341003
XD-1173,springxd,3,1.3862943611198906
XD-1174,springxd,2,1.0986122886681098
XD-1175,springxd,5,1.791759469228055
XD-1176,springxd,1,0.6931471805599453
XD-1177,springxd,4,1.6094379124341003
XD-1178,springxd,3,1.3862943611198906
XD-1179,springxd,5,1.791759469228055
XD-1180,springxd,4,1.6094379124341003
XD-1181,springxd,3,1.3862943611198906
XD-1182,springxd,3,1.3862943611198906
XD-1183,springxd,1,0.6931471805599453
XD-1184,springxd,2,1.0986122886681098
XD-1185,springxd,1,0.6931471805599453
XD-1186,springxd,3,1.3862943611198906
XD-1187,springxd,3,1.3862943611198906
XD-1188,springxd,2,1.0986122886681098
XD-1189,springxd,2,1.0986122886681098
XD-1190,springxd,5,1.791759469228055
XD-1191,springxd,3,1.3862943611198906
XD-1192,springxd,2,1.0986122886681098
XD-1193,springxd,1,0.6931471805599453
XD-1194,springxd,2,1.0986122886681098
XD-1195,springxd,5,1.791759469228055
XD-1196,springxd,5,1.791759469228055
XD-1197,springxd,5,1.791759469228055
XD-1198,springxd,4,1.6094379124341003
XD-1199,springxd,3,1.3862943611198906
XD-1200,springxd,5,1.791759469228055
XD-1201,springxd,2,1.0986122886681098
XD-1202,springxd,1,0.6931471805599453
XD-1203,springxd,2,1.0986122886681098
XD-1204,springxd,3,1.3862943611198906
XD-1205,springxd,3,1.3862943611198906
XD-1206,springxd,1,0.6931471805599453
XD-1207,springxd,4,1.6094379124341003
XD-1208,springxd,5,1.791759469228055
XD-1209,springxd,4,1.6094379124341003
XD-1210,springxd,2,1.0986122886681098
XD-1211,springxd,1,0.6931471805599453
XD-1212,springxd,3,1.3862943611198906
XD-1213,springxd,4,1.6094379124341003
XD-1214,springxd,3,1.3862943611198906
XD-1215,springxd,5,1.791759469228055
XD-1216,springxd,2,1.0986122886681098
XD-1217,springxd,5,1.791759469228055
XD-1218,springxd,20,3.044522437723423
XD-1219,springxd,8,2.1972245773362196
XD-1220,springxd,5,1.791759469228055
XD-1221,springxd,2,1.0986122886681098
XD-1222,springxd,1,0.6931471805599453
XD-1223,springxd,5,1.791759469228055
XD-1224,springxd,3,1.3862943611198906
XD-1225,springxd,4,1.6094379124341003
XD-1226,springxd,6,1.9459101490553132
XD-1227,springxd,6,1.9459101490553132
XD-1228,springxd,8,2.1972245773362196
XD-1229,springxd,8,2.1972245773362196
XD-1230,springxd,5,1.791759469228055
XD-1231,springxd,6,1.9459101490553132
XD-1232,springxd,4,1.6094379124341003
XD-1233,springxd,3,1.3862943611198906
XD-1234,springxd,8,2.1972245773362196
XD-1235,springxd,5,1.791759469228055
XD-1236,springxd,5,1.791759469228055
XD-1237,springxd,4,1.6094379124341003
XD-1238,springxd,8,2.1972245773362196
XD-1239,springxd,2,1.0986122886681098
XD-1240,springxd,8,2.1972245773362196
XD-1241,springxd,8,2.1972245773362196
XD-1242,springxd,6,1.9459101490553132
XD-1243,springxd,5,1.791759469228055
XD-1244,springxd,8,2.1972245773362196
XD-1245,springxd,5,1.791759469228055
XD-1246,springxd,3,1.3862943611198906
XD-1247,springxd,1,0.6931471805599453
XD-1248,springxd,2,1.0986122886681098
XD-1249,springxd,5,1.791759469228055
XD-1250,springxd,5,1.791759469228055
XD-1251,springxd,4,1.6094379124341003
XD-1252,springxd,5,1.791759469228055
XD-1253,springxd,1,0.6931471805599453
XD-1254,springxd,2,1.0986122886681098
XD-1255,springxd,5,1.791759469228055
XD-1256,springxd,2,1.0986122886681098
XD-1261,springxd,4,1.6094379124341003
XD-1262,springxd,3,1.3862943611198906
XD-1263,springxd,5,1.791759469228055
XD-1264,springxd,4,1.6094379124341003
XD-1265,springxd,7,2.0794415416798357
XD-1266,springxd,3,1.3862943611198906
XD-1268,springxd,4,1.6094379124341003
XD-1269,springxd,3,1.3862943611198906
XD-1270,springxd,20,3.044522437723423
XD-1271,springxd,3,1.3862943611198906
XD-1272,springxd,4,1.6094379124341003
XD-1273,springxd,1,0.6931471805599453
XD-1274,springxd,1,0.6931471805599453
XD-1276,springxd,8,2.1972245773362196
XD-1277,springxd,4,1.6094379124341003
XD-1278,springxd,2,1.0986122886681098
XD-1279,springxd,4,1.6094379124341003
XD-1280,springxd,3,1.3862943611198906
XD-1281,springxd,6,1.9459101490553132
XD-1282,springxd,5,1.791759469228055
XD-1283,springxd,4,1.6094379124341003
XD-1284,springxd,8,2.1972245773362196
XD-1285,springxd,4,1.6094379124341003
XD-1286,springxd,6,1.9459101490553132
XD-1287,springxd,4,1.6094379124341003
XD-1288,springxd,2,1.0986122886681098
XD-1289,springxd,4,1.6094379124341003
XD-1290,springxd,4,1.6094379124341003
XD-1291,springxd,2,1.0986122886681098
XD-1292,springxd,4,1.6094379124341003
XD-1293,springxd,3,1.3862943611198906
XD-1294,springxd,1,0.6931471805599453
XD-1295,springxd,3,1.3862943611198906
XD-1296,springxd,2,1.0986122886681098
XD-1297,springxd,5,1.791759469228055
XD-1298,springxd,5,1.791759469228055
XD-1299,springxd,3,1.3862943611198906
XD-1300,springxd,3,1.3862943611198906
XD-1301,springxd,5,1.791759469228055
XD-1302,springxd,5,1.791759469228055
XD-1303,springxd,3,1.3862943611198906
XD-1304,springxd,3,1.3862943611198906
XD-1305,springxd,5,1.791759469228055
XD-1306,springxd,1,0.6931471805599453
XD-1307,springxd,5,1.791759469228055
XD-1308,springxd,4,1.6094379124341003
XD-1309,springxd,5,1.791759469228055
XD-1310,springxd,1,0.6931471805599453
XD-1311,springxd,3,1.3862943611198906
XD-1312,springxd,5,1.791759469228055
XD-1314,springxd,3,1.3862943611198906
XD-1315,springxd,5,1.791759469228055
XD-1316,springxd,2,1.0986122886681098
XD-1318,springxd,3,1.3862943611198906
XD-1319,springxd,5,1.791759469228055
XD-1321,springxd,8,2.1972245773362196
XD-1322,springxd,5,1.791759469228055
XD-1323,springxd,5,1.791759469228055
XD-1324,springxd,4,1.6094379124341003
XD-1325,springxd,8,2.1972245773362196
XD-1326,springxd,8,2.1972245773362196
XD-1327,springxd,1,0.6931471805599453
XD-1328,springxd,8,2.1972245773362196
XD-1329,springxd,8,2.1972245773362196
XD-1330,springxd,3,1.3862943611198906
XD-1331,springxd,4,1.6094379124341003
XD-1332,springxd,5,1.791759469228055
XD-1333,springxd,2,1.0986122886681098
XD-1334,springxd,3,1.3862943611198906
XD-1335,springxd,1,0.6931471805599453
XD-1336,springxd,1,0.6931471805599453
XD-1337,springxd,8,2.1972245773362196
XD-1338,springxd,16,2.833213344056216
XD-1339,springxd,8,2.1972245773362196
XD-1340,springxd,4,1.6094379124341003
XD-1341,springxd,2,1.0986122886681098
XD-1342,springxd,1,0.6931471805599453
XD-1343,springxd,8,2.1972245773362196
XD-1344,springxd,1,0.6931471805599453
XD-1345,springxd,4,1.6094379124341003
XD-1346,springxd,6,1.9459101490553132
XD-1347,springxd,8,2.1972245773362196
XD-1348,springxd,1,0.6931471805599453
XD-1349,springxd,3,1.3862943611198906
XD-1350,springxd,4,1.6094379124341003
XD-1351,springxd,8,2.1972245773362196
XD-1352,springxd,1,0.6931471805599453
XD-1353,springxd,4,1.6094379124341003
XD-1354,springxd,5,1.791759469228055
XD-1355,springxd,2,1.0986122886681098
XD-1356,springxd,3,1.3862943611198906
XD-1357,springxd,4,1.6094379124341003
XD-1358,springxd,2,1.0986122886681098
XD-1359,springxd,5,1.791759469228055
XD-1360,springxd,3,1.3862943611198906
XD-1361,springxd,1,0.6931471805599453
XD-1362,springxd,5,1.791759469228055
XD-1363,springxd,5,1.791759469228055
XD-1364,springxd,5,1.791759469228055
XD-1365,springxd,2,1.0986122886681098
XD-1366,springxd,3,1.3862943611198906
XD-1367,springxd,1,0.6931471805599453
XD-1368,springxd,8,2.1972245773362196
XD-1369,springxd,5,1.791759469228055
XD-1370,springxd,3,1.3862943611198906
XD-1371,springxd,3,1.3862943611198906
XD-1373,springxd,5,1.791759469228055
XD-1374,springxd,5,1.791759469228055
XD-1375,springxd,10,2.3978952727983707
XD-1376,springxd,2,1.0986122886681098
XD-1377,springxd,4,1.6094379124341003
XD-1378,springxd,3,1.3862943611198906
XD-1379,springxd,4,1.6094379124341003
XD-1380,springxd,5,1.791759469228055
XD-1381,springxd,5,1.791759469228055
XD-1382,springxd,1,0.6931471805599453
XD-1383,springxd,5,1.791759469228055
XD-1384,springxd,8,2.1972245773362196
XD-1385,springxd,10,2.3978952727983707
XD-1386,springxd,4,1.6094379124341003
XD-1387,springxd,5,1.791759469228055
XD-1388,springxd,2,1.0986122886681098
XD-1389,springxd,5,1.791759469228055
XD-1390,springxd,3,1.3862943611198906
XD-1391,springxd,40,3.713572066704308
XD-1392,springxd,20,3.044522437723423
XD-1393,springxd,4,1.6094379124341003
XD-1394,springxd,1,0.6931471805599453
XD-1395,springxd,5,1.791759469228055
XD-1396,springxd,5,1.791759469228055
XD-1397,springxd,4,1.6094379124341003
XD-1398,springxd,8,2.1972245773362196
XD-1399,springxd,8,2.1972245773362196
XD-1400,springxd,8,2.1972245773362196
XD-1401,springxd,8,2.1972245773362196
XD-1402,springxd,4,1.6094379124341003
XD-1403,springxd,10,2.3978952727983707
XD-1404,springxd,4,1.6094379124341003
XD-1405,springxd,10,2.3978952727983707
XD-1406,springxd,1,0.6931471805599453
XD-1407,springxd,5,1.791759469228055
XD-1408,springxd,3,1.3862943611198906
XD-1410,springxd,5,1.791759469228055
XD-1411,springxd,5,1.791759469228055
XD-1412,springxd,5,1.791759469228055
XD-1413,springxd,4,1.6094379124341003
XD-1414,springxd,3,1.3862943611198906
XD-1415,springxd,3,1.3862943611198906
XD-1416,springxd,8,2.1972245773362196
XD-1417,springxd,8,2.1972245773362196
XD-1418,springxd,8,2.1972245773362196
XD-1419,springxd,4,1.6094379124341003
XD-1420,springxd,8,2.1972245773362196
XD-1421,springxd,5,1.791759469228055
XD-1422,springxd,4,1.6094379124341003
XD-1423,springxd,4,1.6094379124341003
XD-1425,springxd,4,1.6094379124341003
XD-1426,springxd,4,1.6094379124341003
XD-1427,springxd,2,1.0986122886681098
XD-1428,springxd,3,1.3862943611198906
XD-1429,springxd,4,1.6094379124341003
XD-1430,springxd,5,1.791759469228055
XD-1431,springxd,5,1.791759469228055
XD-1432,springxd,3,1.3862943611198906
XD-1433,springxd,2,1.0986122886681098
XD-1434,springxd,8,2.1972245773362196
XD-1435,springxd,1,0.6931471805599453
XD-1436,springxd,5,1.791759469228055
XD-1437,springxd,3,1.3862943611198906
XD-1439,springxd,5,1.791759469228055
XD-1440,springxd,8,2.1972245773362196
XD-1441,springxd,5,1.791759469228055
XD-1442,springxd,3,1.3862943611198906
XD-1443,springxd,2,1.0986122886681098
XD-1444,springxd,2,1.0986122886681098
XD-1445,springxd,4,1.6094379124341003
XD-1446,springxd,8,2.1972245773362196
XD-1447,springxd,2,1.0986122886681098
XD-1448,springxd,1,0.6931471805599453
XD-1449,springxd,2,1.0986122886681098
XD-1451,springxd,1,0.6931471805599453
XD-1452,springxd,5,1.791759469228055
XD-1453,springxd,1,0.6931471805599453
XD-1454,springxd,2,1.0986122886681098
XD-1455,springxd,4,1.6094379124341003
XD-1456,springxd,3,1.3862943611198906
XD-1457,springxd,3,1.3862943611198906
XD-1458,springxd,2,1.0986122886681098
XD-1459,springxd,5,1.791759469228055
XD-1460,springxd,3,1.3862943611198906
XD-1461,springxd,3,1.3862943611198906
XD-1462,springxd,3,1.3862943611198906
XD-1463,springxd,1,0.6931471805599453
XD-1464,springxd,1,0.6931471805599453
XD-1465,springxd,1,0.6931471805599453
XD-1466,springxd,2,1.0986122886681098
XD-1467,springxd,4,1.6094379124341003
XD-1468,springxd,1,0.6931471805599453
XD-1469,springxd,2,1.0986122886681098
XD-1470,springxd,3,1.3862943611198906
XD-1471,springxd,10,2.3978952727983707
XD-1472,springxd,4,1.6094379124341003
XD-1473,springxd,40,3.713572066704308
XD-1474,springxd,8,2.1972245773362196
XD-1475,springxd,8,2.1972245773362196
XD-1476,springxd,6,1.9459101490553132
XD-1477,springxd,4,1.6094379124341003
XD-1478,springxd,8,2.1972245773362196
XD-1479,springxd,2,1.0986122886681098
XD-1480,springxd,2,1.0986122886681098
XD-1481,springxd,2,1.0986122886681098
XD-1482,springxd,5,1.791759469228055
XD-1483,springxd,4,1.6094379124341003
XD-1484,springxd,4,1.6094379124341003
XD-1485,springxd,4,1.6094379124341003
XD-1486,springxd,4,1.6094379124341003
XD-1487,springxd,2,1.0986122886681098
XD-1488,springxd,2,1.0986122886681098
XD-1489,springxd,3,1.3862943611198906
XD-1490,springxd,1,0.6931471805599453
XD-1491,springxd,2,1.0986122886681098
XD-1492,springxd,2,1.0986122886681098
XD-1493,springxd,1,0.6931471805599453
XD-1494,springxd,1,0.6931471805599453
XD-1495,springxd,1,0.6931471805599453
XD-1496,springxd,5,1.791759469228055
XD-1497,springxd,3,1.3862943611198906
XD-1498,springxd,2,1.0986122886681098
XD-1499,springxd,1,0.6931471805599453
XD-1500,springxd,5,1.791759469228055
XD-1501,springxd,1,0.6931471805599453
XD-1502,springxd,1,0.6931471805599453
XD-1503,springxd,10,2.3978952727983707
XD-1504,springxd,10,2.3978952727983707
XD-1505,springxd,1,0.6931471805599453
XD-1506,springxd,1,0.6931471805599453
XD-1507,springxd,3,1.3862943611198906
XD-1508,springxd,3,1.3862943611198906
XD-1509,springxd,4,1.6094379124341003
XD-1510,springxd,1,0.6931471805599453
XD-1511,springxd,3,1.3862943611198906
XD-1512,springxd,4,1.6094379124341003
XD-1513,springxd,2,1.0986122886681098
XD-1514,springxd,3,1.3862943611198906
XD-1515,springxd,3,1.3862943611198906
XD-1516,springxd,1,0.6931471805599453
XD-1517,springxd,3,1.3862943611198906
XD-1518,springxd,4,1.6094379124341003
XD-1519,springxd,3,1.3862943611198906
XD-1520,springxd,8,2.1972245773362196
XD-1521,springxd,4,1.6094379124341003
XD-1522,springxd,2,1.0986122886681098
XD-1523,springxd,2,1.0986122886681098
XD-1524,springxd,1,0.6931471805599453
XD-1525,springxd,1,0.6931471805599453
XD-1526,springxd,3,1.3862943611198906
XD-1527,springxd,2,1.0986122886681098
XD-1528,springxd,3,1.3862943611198906
XD-1529,springxd,1,0.6931471805599453
XD-1530,springxd,3,1.3862943611198906
XD-1531,springxd,3,1.3862943611198906
XD-1532,springxd,2,1.0986122886681098
XD-1533,springxd,2,1.0986122886681098
XD-1534,springxd,3,1.3862943611198906
XD-1535,springxd,3,1.3862943611198906
XD-1536,springxd,4,1.6094379124341003
XD-1537,springxd,1,0.6931471805599453
XD-1538,springxd,4,1.6094379124341003
XD-1539,springxd,4,1.6094379124341003
XD-1540,springxd,2,1.0986122886681098
XD-1541,springxd,3,1.3862943611198906
XD-1542,springxd,1,0.6931471805599453
XD-1543,springxd,2,1.0986122886681098
XD-1544,springxd,5,1.791759469228055
XD-1545,springxd,5,1.791759469228055
XD-1546,springxd,3,1.3862943611198906
XD-1547,springxd,3,1.3862943611198906
XD-1548,springxd,10,2.3978952727983707
XD-1549,springxd,10,2.3978952727983707
XD-1550,springxd,1,0.6931471805599453
XD-1551,springxd,1,0.6931471805599453
XD-1552,springxd,2,1.0986122886681098
XD-1553,springxd,3,1.3862943611198906
XD-1554,springxd,3,1.3862943611198906
XD-1555,springxd,2,1.0986122886681098
XD-1556,springxd,3,1.3862943611198906
XD-1557,springxd,3,1.3862943611198906
XD-1558,springxd,4,1.6094379124341003
XD-1559,springxd,2,1.0986122886681098
XD-1560,springxd,2,1.0986122886681098
XD-1561,springxd,3,1.3862943611198906
XD-1562,springxd,3,1.3862943611198906
XD-1564,springxd,2,1.0986122886681098
XD-1565,springxd,3,1.3862943611198906
XD-1566,springxd,3,1.3862943611198906
XD-1567,springxd,3,1.3862943611198906
XD-1568,springxd,2,1.0986122886681098
XD-1569,springxd,2,1.0986122886681098
XD-1570,springxd,5,1.791759469228055
XD-1571,springxd,1,0.6931471805599453
XD-1572,springxd,3,1.3862943611198906
XD-1573,springxd,4,1.6094379124341003
XD-1574,springxd,3,1.3862943611198906
XD-1575,springxd,8,2.1972245773362196
XD-1576,springxd,3,1.3862943611198906
XD-1577,springxd,4,1.6094379124341003
XD-1579,springxd,4,1.6094379124341003
XD-1580,springxd,4,1.6094379124341003
XD-1581,springxd,2,1.0986122886681098
XD-1582,springxd,3,1.3862943611198906
XD-1583,springxd,4,1.6094379124341003
XD-1584,springxd,1,0.6931471805599453
XD-1585,springxd,8,2.1972245773362196
XD-1586,springxd,3,1.3862943611198906
XD-1587,springxd,2,1.0986122886681098
XD-1588,springxd,5,1.791759469228055
XD-1589,springxd,3,1.3862943611198906
XD-1590,springxd,2,1.0986122886681098
XD-1591,springxd,5,1.791759469228055
XD-1592,springxd,1,0.6931471805599453
XD-1593,springxd,4,1.6094379124341003
XD-1594,springxd,5,1.791759469228055
XD-1595,springxd,3,1.3862943611198906
XD-1596,springxd,3,1.3862943611198906
XD-1597,springxd,3,1.3862943611198906
XD-1598,springxd,1,0.6931471805599453
XD-1599,springxd,3,1.3862943611198906
XD-1600,springxd,1,0.6931471805599453
XD-1601,springxd,4,1.6094379124341003
XD-1602,springxd,3,1.3862943611198906
XD-1611,springxd,3,1.3862943611198906
XD-1612,springxd,3,1.3862943611198906
XD-1613,springxd,2,1.0986122886681098
XD-1614,springxd,1,0.6931471805599453
XD-1615,springxd,6,1.9459101490553132
XD-1616,springxd,3,1.3862943611198906
XD-1617,springxd,6,1.9459101490553132
XD-1618,springxd,3,1.3862943611198906
XD-1619,springxd,4,1.6094379124341003
XD-1620,springxd,1,0.6931471805599453
XD-1621,springxd,4,1.6094379124341003
XD-1622,springxd,8,2.1972245773362196
XD-1623,springxd,6,1.9459101490553132
XD-1624,springxd,12,2.5649493574615367
XD-1625,springxd,4,1.6094379124341003
XD-1626,springxd,4,1.6094379124341003
XD-1627,springxd,6,1.9459101490553132
XD-1628,springxd,6,1.9459101490553132
XD-1629,springxd,3,1.3862943611198906
XD-1630,springxd,2,1.0986122886681098
XD-1631,springxd,1,0.6931471805599453
XD-1632,springxd,1,0.6931471805599453
XD-1633,springxd,2,1.0986122886681098
XD-1634,springxd,1,0.6931471805599453
XD-1635,springxd,2,1.0986122886681098
XD-1636,springxd,1,0.6931471805599453
XD-1637,springxd,1,0.6931471805599453
XD-1638,springxd,5,1.791759469228055
XD-1639,springxd,10,2.3978952727983707
XD-1640,springxd,8,2.1972245773362196
XD-1641,springxd,2,1.0986122886681098
XD-1642,springxd,1,0.6931471805599453
XD-1643,springxd,4,1.6094379124341003
XD-1644,springxd,4,1.6094379124341003
XD-1645,springxd,3,1.3862943611198906
XD-1646,springxd,3,1.3862943611198906
XD-1649,springxd,5,1.791759469228055
XD-1650,springxd,8,2.1972245773362196
XD-1651,springxd,5,1.791759469228055
XD-1652,springxd,1,0.6931471805599453
XD-1653,springxd,8,2.1972245773362196
XD-1654,springxd,1,0.6931471805599453
XD-1655,springxd,5,1.791759469228055
XD-1656,springxd,1,0.6931471805599453
XD-1657,springxd,4,1.6094379124341003
XD-1658,springxd,4,1.6094379124341003
XD-1659,springxd,8,2.1972245773362196
XD-1660,springxd,1,0.6931471805599453
XD-1661,springxd,2,1.0986122886681098
XD-1662,springxd,4,1.6094379124341003
XD-1663,springxd,2,1.0986122886681098
XD-1664,springxd,1,0.6931471805599453
XD-1665,springxd,1,0.6931471805599453
XD-1666,springxd,1,0.6931471805599453
XD-1667,springxd,2,1.0986122886681098
XD-1668,springxd,5,1.791759469228055
XD-1669,springxd,1,0.6931471805599453
XD-1670,springxd,2,1.0986122886681098
XD-1671,springxd,4,1.6094379124341003
XD-1672,springxd,5,1.791759469228055
XD-1673,springxd,2,1.0986122886681098
XD-1674,springxd,3,1.3862943611198906
XD-1675,springxd,5,1.791759469228055
XD-1676,springxd,5,1.791759469228055
XD-1677,springxd,1,0.6931471805599453
XD-1678,springxd,5,1.791759469228055
XD-1679,springxd,1,0.6931471805599453
XD-1680,springxd,5,1.791759469228055
XD-1681,springxd,4,1.6094379124341003
XD-1682,springxd,8,2.1972245773362196
XD-1683,springxd,5,1.791759469228055
XD-1684,springxd,3,1.3862943611198906
XD-1685,springxd,5,1.791759469228055
XD-1686,springxd,1,0.6931471805599453
XD-1687,springxd,4,1.6094379124341003
XD-1688,springxd,16,2.833213344056216
XD-1689,springxd,8,2.1972245773362196
XD-1690,springxd,8,2.1972245773362196
XD-1691,springxd,8,2.1972245773362196
XD-1692,springxd,8,2.1972245773362196
XD-1693,springxd,8,2.1972245773362196
XD-1694,springxd,16,2.833213344056216
XD-1695,springxd,8,2.1972245773362196
XD-1696,springxd,8,2.1972245773362196
XD-1697,springxd,5,1.791759469228055
XD-1698,springxd,8,2.1972245773362196
XD-1699,springxd,5,1.791759469228055
XD-1700,springxd,1,0.6931471805599453
XD-1701,springxd,3,1.3862943611198906
XD-1702,springxd,1,0.6931471805599453
XD-1703,springxd,3,1.3862943611198906
XD-1704,springxd,5,1.791759469228055
XD-1705,springxd,3,1.3862943611198906
XD-1706,springxd,1,0.6931471805599453
XD-1707,springxd,1,0.6931471805599453
XD-1708,springxd,4,1.6094379124341003
XD-1709,springxd,1,0.6931471805599453
XD-1710,springxd,5,1.791759469228055
XD-1712,springxd,3,1.3862943611198906
XD-1713,springxd,5,1.791759469228055
XD-1714,springxd,4,1.6094379124341003
XD-1715,springxd,3,1.3862943611198906
XD-1716,springxd,1,0.6931471805599453
XD-1717,springxd,5,1.791759469228055
XD-1718,springxd,3,1.3862943611198906
XD-1719,springxd,1,0.6931471805599453
XD-1720,springxd,4,1.6094379124341003
XD-1721,springxd,2,1.0986122886681098
XD-1722,springxd,5,1.791759469228055
XD-1723,springxd,1,0.6931471805599453
XD-1724,springxd,2,1.0986122886681098
XD-1725,springxd,1,0.6931471805599453
XD-1726,springxd,1,0.6931471805599453
XD-1727,springxd,3,1.3862943611198906
XD-1728,springxd,2,1.0986122886681098
XD-1729,springxd,4,1.6094379124341003
XD-1730,springxd,2,1.0986122886681098
XD-1731,springxd,3,1.3862943611198906
XD-1732,springxd,1,0.6931471805599453
XD-1733,springxd,3,1.3862943611198906
XD-1734,springxd,2,1.0986122886681098
XD-1735,springxd,5,1.791759469228055
XD-1736,springxd,8,2.1972245773362196
XD-1737,springxd,1,0.6931471805599453
XD-1738,springxd,5,1.791759469228055
XD-1739,springxd,2,1.0986122886681098
XD-1740,springxd,1,0.6931471805599453
XD-1741,springxd,1,0.6931471805599453
XD-1742,springxd,1,0.6931471805599453
XD-1743,springxd,4,1.6094379124341003
XD-1744,springxd,2,1.0986122886681098
XD-1745,springxd,5,1.791759469228055
XD-1746,springxd,8,2.1972245773362196
XD-1747,springxd,4,1.6094379124341003
XD-1748,springxd,1,0.6931471805599453
XD-1749,springxd,8,2.1972245773362196
XD-1750,springxd,2,1.0986122886681098
XD-1751,springxd,8,2.1972245773362196
XD-1752,springxd,4,1.6094379124341003
XD-1753,springxd,3,1.3862943611198906
XD-1754,springxd,4,1.6094379124341003
XD-1755,springxd,2,1.0986122886681098
XD-1756,springxd,3,1.3862943611198906
XD-1757,springxd,2,1.0986122886681098
XD-1758,springxd,2,1.0986122886681098
XD-1759,springxd,5,1.791759469228055
XD-1760,springxd,8,2.1972245773362196
XD-1761,springxd,4,1.6094379124341003
XD-1762,springxd,2,1.0986122886681098
XD-1763,springxd,2,1.0986122886681098
XD-1764,springxd,2,1.0986122886681098
XD-1765,springxd,1,0.6931471805599453
XD-1766,springxd,2,1.0986122886681098
XD-1767,springxd,3,1.3862943611198906
XD-1768,springxd,3,1.3862943611198906
XD-1769,springxd,3,1.3862943611198906
XD-1770,springxd,1,0.6931471805599453
XD-1771,springxd,5,1.791759469228055
XD-1772,springxd,4,1.6094379124341003
XD-1773,springxd,1,0.6931471805599453
XD-1774,springxd,3,1.3862943611198906
XD-1775,springxd,8,2.1972245773362196
XD-1776,springxd,16,2.833213344056216
XD-1777,springxd,20,3.044522437723423
XD-1778,springxd,2,1.0986122886681098
XD-1779,springxd,10,2.3978952727983707
XD-1780,springxd,10,2.3978952727983707
XD-1781,springxd,10,2.3978952727983707
XD-1782,springxd,2,1.0986122886681098
XD-1783,springxd,2,1.0986122886681098
XD-1784,springxd,5,1.791759469228055
XD-1785,springxd,3,1.3862943611198906
XD-1786,springxd,5,1.791759469228055
XD-1787,springxd,3,1.3862943611198906
XD-1788,springxd,4,1.6094379124341003
XD-1789,springxd,5,1.791759469228055
XD-1790,springxd,5,1.791759469228055
XD-1791,springxd,5,1.791759469228055
XD-1792,springxd,1,0.6931471805599453
XD-1793,springxd,10,2.3978952727983707
XD-1794,springxd,5,1.791759469228055
XD-1795,springxd,8,2.1972245773362196
XD-1796,springxd,15,2.772588722239781
XD-1797,springxd,5,1.791759469228055
XD-1798,springxd,8,2.1972245773362196
XD-1799,springxd,2,1.0986122886681098
XD-1801,springxd,2,1.0986122886681098
XD-1802,springxd,1,0.6931471805599453
XD-1803,springxd,2,1.0986122886681098
XD-1804,springxd,5,1.791759469228055
XD-1805,springxd,8,2.1972245773362196
XD-1806,springxd,5,1.791759469228055
XD-1807,springxd,3,1.3862943611198906
XD-1808,springxd,4,1.6094379124341003
XD-1809,springxd,3,1.3862943611198906
XD-1810,springxd,5,1.791759469228055
XD-1811,springxd,1,0.6931471805599453
XD-1812,springxd,2,1.0986122886681098
XD-1813,springxd,1,0.6931471805599453
XD-1814,springxd,8,2.1972245773362196
XD-1815,springxd,4,1.6094379124341003
XD-1816,springxd,3,1.3862943611198906
XD-1817,springxd,5,1.791759469228055
XD-1818,springxd,8,2.1972245773362196
XD-1819,springxd,2,1.0986122886681098
XD-1822,springxd,5,1.791759469228055
XD-1823,springxd,8,2.1972245773362196
XD-1824,springxd,1,0.6931471805599453
XD-1825,springxd,5,1.791759469228055
XD-1826,springxd,6,1.9459101490553132
XD-1827,springxd,2,1.0986122886681098
XD-1828,springxd,4,1.6094379124341003
XD-1829,springxd,8,2.1972245773362196
XD-1830,springxd,6,1.9459101490553132
XD-1831,springxd,2,1.0986122886681098
XD-1833,springxd,1,0.6931471805599453
XD-1834,springxd,2,1.0986122886681098
XD-1835,springxd,2,1.0986122886681098
XD-1836,springxd,6,1.9459101490553132
XD-1837,springxd,1,0.6931471805599453
XD-1838,springxd,3,1.3862943611198906
XD-1839,springxd,8,2.1972245773362196
XD-1840,springxd,8,2.1972245773362196
XD-1841,springxd,5,1.791759469228055
XD-1842,springxd,2,1.0986122886681098
XD-1843,springxd,6,1.9459101490553132
XD-1844,springxd,4,1.6094379124341003
XD-1845,springxd,10,2.3978952727983707
XD-1846,springxd,3,1.3862943611198906
XD-1847,springxd,3,1.3862943611198906
XD-1848,springxd,5,1.791759469228055
XD-1849,springxd,4,1.6094379124341003
XD-1850,springxd,3,1.3862943611198906
XD-1851,springxd,5,1.791759469228055
XD-1852,springxd,8,2.1972245773362196
XD-1853,springxd,3,1.3862943611198906
XD-1854,springxd,5,1.791759469228055
XD-1855,springxd,1,0.6931471805599453
XD-1856,springxd,5,1.791759469228055
XD-1857,springxd,3,1.3862943611198906
XD-1858,springxd,3,1.3862943611198906
XD-1859,springxd,4,1.6094379124341003
XD-1861,springxd,3,1.3862943611198906
XD-1862,springxd,2,1.0986122886681098
XD-1863,springxd,5,1.791759469228055
XD-1864,springxd,5,1.791759469228055
XD-1865,springxd,3,1.3862943611198906
XD-1866,springxd,1,0.6931471805599453
XD-1867,springxd,6,1.9459101490553132
XD-1868,springxd,6,1.9459101490553132
XD-1869,springxd,1,0.6931471805599453
XD-1870,springxd,5,1.791759469228055
XD-1871,springxd,1,0.6931471805599453
XD-1872,springxd,1,0.6931471805599453
XD-1873,springxd,4,1.6094379124341003
XD-1874,springxd,4,1.6094379124341003
XD-1876,springxd,2,1.0986122886681098
XD-1877,springxd,5,1.791759469228055
XD-1878,springxd,2,1.0986122886681098
XD-1879,springxd,2,1.0986122886681098
XD-1880,springxd,3,1.3862943611198906
XD-1881,springxd,3,1.3862943611198906
XD-1882,springxd,16,2.833213344056216
XD-1883,springxd,5,1.791759469228055
XD-1884,springxd,2,1.0986122886681098
XD-1885,springxd,3,1.3862943611198906
XD-1886,springxd,1,0.6931471805599453
XD-1887,springxd,8,2.1972245773362196
XD-1888,springxd,1,0.6931471805599453
XD-1889,springxd,4,1.6094379124341003
XD-1890,springxd,8,2.1972245773362196
XD-1891,springxd,1,0.6931471805599453
XD-1892,springxd,2,1.0986122886681098
XD-1893,springxd,1,0.6931471805599453
XD-1894,springxd,4,1.6094379124341003
XD-1895,springxd,4,1.6094379124341003
XD-1896,springxd,3,1.3862943611198906
XD-1897,springxd,3,1.3862943611198906
XD-1898,springxd,1,0.6931471805599453
XD-1899,springxd,2,1.0986122886681098
XD-1900,springxd,4,1.6094379124341003
XD-1901,springxd,2,1.0986122886681098
XD-1902,springxd,3,1.3862943611198906
XD-1903,springxd,4,1.6094379124341003
XD-1904,springxd,4,1.6094379124341003
XD-1905,springxd,1,0.6931471805599453
XD-1906,springxd,3,1.3862943611198906
XD-1907,springxd,3,1.3862943611198906
XD-1908,springxd,1,0.6931471805599453
XD-1909,springxd,2,1.0986122886681098
XD-1910,springxd,1,0.6931471805599453
XD-1912,springxd,3,1.3862943611198906
XD-1913,springxd,4,1.6094379124341003
XD-1914,springxd,4,1.6094379124341003
XD-1915,springxd,3,1.3862943611198906
XD-1917,springxd,1,0.6931471805599453
XD-1918,springxd,1,0.6931471805599453
XD-1919,springxd,3,1.3862943611198906
XD-1920,springxd,1,0.6931471805599453
XD-1921,springxd,2,1.0986122886681098
XD-1922,springxd,8,2.1972245773362196
XD-1923,springxd,8,2.1972245773362196
XD-1924,springxd,1,0.6931471805599453
XD-1925,springxd,1,0.6931471805599453
XD-1926,springxd,5,1.791759469228055
XD-1927,springxd,2,1.0986122886681098
XD-1928,springxd,7,2.0794415416798357
XD-1929,springxd,4,1.6094379124341003
XD-1930,springxd,1,0.6931471805599453
XD-1931,springxd,1,0.6931471805599453
XD-1932,springxd,4,1.6094379124341003
XD-1933,springxd,4,1.6094379124341003
XD-1934,springxd,1,0.6931471805599453
XD-1935,springxd,4,1.6094379124341003
XD-1936,springxd,3,1.3862943611198906
XD-1937,springxd,4,1.6094379124341003
XD-1938,springxd,2,1.0986122886681098
XD-1939,springxd,1,0.6931471805599453
XD-1940,springxd,3,1.3862943611198906
XD-1941,springxd,3,1.3862943611198906
XD-1942,springxd,3,1.3862943611198906
XD-1943,springxd,1,0.6931471805599453
XD-1944,springxd,3,1.3862943611198906
XD-1945,springxd,3,1.3862943611198906
XD-1946,springxd,3,1.3862943611198906
XD-1947,springxd,3,1.3862943611198906
XD-1948,springxd,1,0.6931471805599453
XD-1949,springxd,2,1.0986122886681098
XD-1950,springxd,1,0.6931471805599453
XD-1951,springxd,1,0.6931471805599453
XD-1952,springxd,2,1.0986122886681098
XD-1953,springxd,2,1.0986122886681098
XD-1954,springxd,3,1.3862943611198906
XD-1955,springxd,1,0.6931471805599453
XD-1956,springxd,3,1.3862943611198906
XD-1957,springxd,1,0.6931471805599453
XD-1958,springxd,5,1.791759469228055
XD-1959,springxd,1,0.6931471805599453
XD-1960,springxd,2,1.0986122886681098
XD-1961,springxd,3,1.3862943611198906
XD-1962,springxd,3,1.3862943611198906
XD-1963,springxd,1,0.6931471805599453
XD-1964,springxd,2,1.0986122886681098
XD-1965,springxd,3,1.3862943611198906
XD-1967,springxd,5,1.791759469228055
XD-1968,springxd,3,1.3862943611198906
XD-1969,springxd,5,1.791759469228055
XD-1971,springxd,4,1.6094379124341003
XD-1972,springxd,3,1.3862943611198906
XD-1973,springxd,2,1.0986122886681098
XD-1974,springxd,3,1.3862943611198906
XD-1975,springxd,3,1.3862943611198906
XD-1976,springxd,5,1.791759469228055
XD-1977,springxd,4,1.6094379124341003
XD-1978,springxd,3,1.3862943611198906
XD-1979,springxd,2,1.0986122886681098
XD-1980,springxd,1,0.6931471805599453
XD-1981,springxd,2,1.0986122886681098
XD-1982,springxd,7,2.0794415416798357
XD-1983,springxd,3,1.3862943611198906
XD-1984,springxd,8,2.1972245773362196
XD-1985,springxd,5,1.791759469228055
XD-1986,springxd,1,0.6931471805599453
XD-1987,springxd,3,1.3862943611198906
XD-1988,springxd,5,1.791759469228055
XD-1989,springxd,5,1.791759469228055
XD-1990,springxd,1,0.6931471805599453
XD-1991,springxd,4,1.6094379124341003
XD-1992,springxd,2,1.0986122886681098
XD-1993,springxd,2,1.0986122886681098
XD-1994,springxd,4,1.6094379124341003
XD-1995,springxd,4,1.6094379124341003
XD-1996,springxd,3,1.3862943611198906
XD-1997,springxd,2,1.0986122886681098
XD-1998,springxd,1,0.6931471805599453
XD-1999,springxd,1,0.6931471805599453
XD-2000,springxd,3,1.3862943611198906
XD-2001,springxd,4,1.6094379124341003
XD-2002,springxd,1,0.6931471805599453
XD-2003,springxd,5,1.791759469228055
XD-2004,springxd,12,2.5649493574615367
XD-2005,springxd,3,1.3862943611198906
XD-2006,springxd,2,1.0986122886681098
XD-2007,springxd,4,1.6094379124341003
XD-2008,springxd,3,1.3862943611198906
XD-2009,springxd,1,0.6931471805599453
XD-2010,springxd,2,1.0986122886681098
XD-2011,springxd,3,1.3862943611198906
XD-2012,springxd,1,0.6931471805599453
XD-2013,springxd,3,1.3862943611198906
XD-2014,springxd,2,1.0986122886681098
XD-2015,springxd,2,1.0986122886681098
XD-2016,springxd,2,1.0986122886681098
XD-2017,springxd,2,1.0986122886681098
XD-2018,springxd,3,1.3862943611198906
XD-2019,springxd,4,1.6094379124341003
XD-2020,springxd,4,1.6094379124341003
XD-2021,springxd,1,0.6931471805599453
XD-2022,springxd,24,3.2188758248682006
XD-2023,springxd,1,0.6931471805599453
XD-2024,springxd,2,1.0986122886681098
XD-2025,springxd,3,1.3862943611198906
XD-2026,springxd,5,1.791759469228055
XD-2027,springxd,2,1.0986122886681098
XD-2028,springxd,2,1.0986122886681098
XD-2029,springxd,1,0.6931471805599453
XD-2030,springxd,1,0.6931471805599453
XD-2031,springxd,1,0.6931471805599453
XD-2032,springxd,2,1.0986122886681098
XD-2033,springxd,1,0.6931471805599453
XD-2034,springxd,3,1.3862943611198906
XD-2035,springxd,1,0.6931471805599453
XD-2036,springxd,2,1.0986122886681098
XD-2037,springxd,1,0.6931471805599453
XD-2038,springxd,2,1.0986122886681098
XD-2039,springxd,2,1.0986122886681098
XD-2040,springxd,2,1.0986122886681098
XD-2041,springxd,8,2.1972245773362196
XD-2042,springxd,3,1.3862943611198906
XD-2044,springxd,2,1.0986122886681098
XD-2045,springxd,5,1.791759469228055
XD-2046,springxd,1,0.6931471805599453
XD-2047,springxd,1,0.6931471805599453
XD-2048,springxd,20,3.044522437723423
XD-2049,springxd,4,1.6094379124341003
XD-2050,springxd,8,2.1972245773362196
XD-2051,springxd,5,1.791759469228055
XD-2052,springxd,8,2.1972245773362196
XD-2053,springxd,8,2.1972245773362196
XD-2054,springxd,8,2.1972245773362196
XD-2055,springxd,8,2.1972245773362196
XD-2057,springxd,3,1.3862943611198906
XD-2058,springxd,4,1.6094379124341003
XD-2059,springxd,3,1.3862943611198906
XD-2060,springxd,3,1.3862943611198906
XD-2061,springxd,3,1.3862943611198906
XD-2062,springxd,32,3.4965075614664802
XD-2063,springxd,8,2.1972245773362196
XD-2064,springxd,4,1.6094379124341003
XD-2065,springxd,4,1.6094379124341003
XD-2066,springxd,5,1.791759469228055
XD-2067,springxd,3,1.3862943611198906
XD-2068,springxd,13,2.6390573296152584
XD-2069,springxd,5,1.791759469228055
XD-2070,springxd,2,1.0986122886681098
XD-2071,springxd,2,1.0986122886681098
XD-2072,springxd,2,1.0986122886681098
XD-2073,springxd,8,2.1972245773362196
XD-2074,springxd,5,1.791759469228055
XD-2075,springxd,1,0.6931471805599453
XD-2076,springxd,1,0.6931471805599453
XD-2077,springxd,3,1.3862943611198906
XD-2079,springxd,2,1.0986122886681098
XD-2080,springxd,5,1.791759469228055
XD-2081,springxd,5,1.791759469228055
XD-2082,springxd,4,1.6094379124341003
XD-2083,springxd,2,1.0986122886681098
XD-2084,springxd,8,2.1972245773362196
XD-2085,springxd,5,1.791759469228055
XD-2086,springxd,8,2.1972245773362196
XD-2087,springxd,8,2.1972245773362196
XD-2088,springxd,8,2.1972245773362196
XD-2089,springxd,16,2.833213344056216
XD-2090,springxd,1,0.6931471805599453
XD-2091,springxd,5,1.791759469228055
XD-2092,springxd,2,1.0986122886681098
XD-2093,springxd,3,1.3862943611198906
XD-2094,springxd,5,1.791759469228055
XD-2095,springxd,2,1.0986122886681098
XD-2096,springxd,5,1.791759469228055
XD-2097,springxd,5,1.791759469228055
XD-2098,springxd,3,1.3862943611198906
XD-2099,springxd,1,0.6931471805599453
XD-2100,springxd,3,1.3862943611198906
XD-2101,springxd,8,2.1972245773362196
XD-2103,springxd,8,2.1972245773362196
XD-2104,springxd,8,2.1972245773362196
XD-2105,springxd,5,1.791759469228055
XD-2106,springxd,2,1.0986122886681098
XD-2107,springxd,3,1.3862943611198906
XD-2108,springxd,13,2.6390573296152584
XD-2109,springxd,3,1.3862943611198906
XD-2110,springxd,3,1.3862943611198906
XD-2111,springxd,3,1.3862943611198906
XD-2112,springxd,3,1.3862943611198906
XD-2113,springxd,2,1.0986122886681098
XD-2114,springxd,5,1.791759469228055
XD-2116,springxd,5,1.791759469228055
XD-2117,springxd,8,2.1972245773362196
XD-2118,springxd,5,1.791759469228055
XD-2119,springxd,1,0.6931471805599453
XD-2120,springxd,5,1.791759469228055
XD-2121,springxd,8,2.1972245773362196
XD-2122,springxd,8,2.1972245773362196
XD-2123,springxd,3,1.3862943611198906
XD-2124,springxd,5,1.791759469228055
XD-2125,springxd,8,2.1972245773362196
XD-2126,springxd,8,2.1972245773362196
XD-2127,springxd,3,1.3862943611198906
XD-2128,springxd,3,1.3862943611198906
XD-2129,springxd,5,1.791759469228055
XD-2130,springxd,3,1.3862943611198906
XD-2131,springxd,5,1.791759469228055
XD-2132,springxd,3,1.3862943611198906
XD-2133,springxd,5,1.791759469228055
XD-2134,springxd,16,2.833213344056216
XD-2135,springxd,8,2.1972245773362196
XD-2136,springxd,5,1.791759469228055
XD-2137,springxd,5,1.791759469228055
XD-2138,springxd,1,0.6931471805599453
XD-2139,springxd,2,1.0986122886681098
XD-2140,springxd,3,1.3862943611198906
XD-2141,springxd,2,1.0986122886681098
XD-2142,springxd,2,1.0986122886681098
XD-2143,springxd,1,0.6931471805599453
XD-2144,springxd,1,0.6931471805599453
XD-2145,springxd,5,1.791759469228055
XD-2146,springxd,1,0.6931471805599453
XD-2147,springxd,1,0.6931471805599453
XD-2148,springxd,1,0.6931471805599453
XD-2149,springxd,1,0.6931471805599453
XD-2150,springxd,3,1.3862943611198906
XD-2151,springxd,3,1.3862943611198906
XD-2152,springxd,16,2.833213344056216
XD-2153,springxd,1,0.6931471805599453
XD-2154,springxd,8,2.1972245773362196
XD-2155,springxd,1,0.6931471805599453
XD-2156,springxd,16,2.833213344056216
XD-2157,springxd,16,2.833213344056216
XD-2158,springxd,5,1.791759469228055
XD-2159,springxd,8,2.1972245773362196
XD-2163,springxd,8,2.1972245773362196
XD-2164,springxd,8,2.1972245773362196
XD-2165,springxd,8,2.1972245773362196
XD-2166,springxd,8,2.1972245773362196
XD-2167,springxd,16,2.833213344056216
XD-2169,springxd,3,1.3862943611198906
XD-2170,springxd,5,1.791759469228055
XD-2171,springxd,1,0.6931471805599453
XD-2172,springxd,1,0.6931471805599453
XD-2173,springxd,3,1.3862943611198906
XD-2174,springxd,3,1.3862943611198906
XD-2175,springxd,1,0.6931471805599453
XD-2176,springxd,3,1.3862943611198906
XD-2177,springxd,3,1.3862943611198906
XD-2178,springxd,8,2.1972245773362196
XD-2179,springxd,3,1.3862943611198906
XD-2180,springxd,3,1.3862943611198906
XD-2181,springxd,1,0.6931471805599453
XD-2182,springxd,1,0.6931471805599453
XD-2183,springxd,3,1.3862943611198906
XD-2184,springxd,3,1.3862943611198906
XD-2185,springxd,3,1.3862943611198906
XD-2186,springxd,3,1.3862943611198906
XD-2187,springxd,3,1.3862943611198906
XD-2188,springxd,3,1.3862943611198906
XD-2189,springxd,3,1.3862943611198906
XD-2190,springxd,1,0.6931471805599453
XD-2191,springxd,1,0.6931471805599453
XD-2192,springxd,3,1.3862943611198906
XD-2193,springxd,2,1.0986122886681098
XD-2194,springxd,2,1.0986122886681098
XD-2195,springxd,4,1.6094379124341003
XD-2196,springxd,3,1.3862943611198906
XD-2197,springxd,5,1.791759469228055
XD-2198,springxd,5,1.791759469228055
XD-2199,springxd,8,2.1972245773362196
XD-2200,springxd,5,1.791759469228055
XD-2201,springxd,5,1.791759469228055
XD-2202,springxd,5,1.791759469228055
XD-2205,springxd,8,2.1972245773362196
XD-2206,springxd,8,2.1972245773362196
XD-2207,springxd,5,1.791759469228055
XD-2208,springxd,3,1.3862943611198906
XD-2209,springxd,2,1.0986122886681098
XD-2210,springxd,2,1.0986122886681098
XD-2211,springxd,2,1.0986122886681098
XD-2212,springxd,3,1.3862943611198906
XD-2213,springxd,3,1.3862943611198906
XD-2214,springxd,1,0.6931471805599453
XD-2215,springxd,2,1.0986122886681098
XD-2216,springxd,3,1.3862943611198906
XD-2217,springxd,5,1.791759469228055
XD-2218,springxd,8,2.1972245773362196
XD-2219,springxd,8,2.1972245773362196
XD-2220,springxd,8,2.1972245773362196
XD-2222,springxd,1,0.6931471805599453
XD-2223,springxd,8,2.1972245773362196
XD-2224,springxd,2,1.0986122886681098
XD-2225,springxd,8,2.1972245773362196
XD-2226,springxd,5,1.791759469228055
XD-2227,springxd,3,1.3862943611198906
XD-2228,springxd,5,1.791759469228055
XD-2229,springxd,3,1.3862943611198906
XD-2230,springxd,5,1.791759469228055
XD-2231,springxd,2,1.0986122886681098
XD-2232,springxd,5,1.791759469228055
XD-2233,springxd,8,2.1972245773362196
XD-2234,springxd,1,0.6931471805599453
XD-2235,springxd,1,0.6931471805599453
XD-2237,springxd,2,1.0986122886681098
XD-2238,springxd,5,1.791759469228055
XD-2239,springxd,5,1.791759469228055
XD-2240,springxd,2,1.0986122886681098
XD-2241,springxd,1,0.6931471805599453
XD-2242,springxd,1,0.6931471805599453
XD-2243,springxd,1,0.6931471805599453
XD-2244,springxd,1,0.6931471805599453
XD-2245,springxd,1,0.6931471805599453
XD-2246,springxd,1,0.6931471805599453
XD-2247,springxd,2,1.0986122886681098
XD-2248,springxd,2,1.0986122886681098
XD-2249,springxd,2,1.0986122886681098
XD-2250,springxd,5,1.791759469228055
XD-2251,springxd,1,0.6931471805599453
XD-2252,springxd,16,2.833213344056216
XD-2253,springxd,1,0.6931471805599453
XD-2254,springxd,1,0.6931471805599453
XD-2255,springxd,1,0.6931471805599453
XD-2256,springxd,1,0.6931471805599453
XD-2257,springxd,1,0.6931471805599453
XD-2258,springxd,8,2.1972245773362196
XD-2259,springxd,1,0.6931471805599453
XD-2261,springxd,2,1.0986122886681098
XD-2262,springxd,1,0.6931471805599453
XD-2264,springxd,5,1.791759469228055
XD-2265,springxd,3,1.3862943611198906
XD-2266,springxd,3,1.3862943611198906
XD-2268,springxd,5,1.791759469228055
XD-2269,springxd,3,1.3862943611198906
XD-2270,springxd,3,1.3862943611198906
XD-2271,springxd,3,1.3862943611198906
XD-2272,springxd,1,0.6931471805599453
XD-2273,springxd,5,1.791759469228055
XD-2274,springxd,1,0.6931471805599453
XD-2275,springxd,3,1.3862943611198906
XD-2276,springxd,3,1.3862943611198906
XD-2277,springxd,3,1.3862943611198906
XD-2278,springxd,3,1.3862943611198906
XD-2279,springxd,2,1.0986122886681098
XD-2280,springxd,3,1.3862943611198906
XD-2281,springxd,1,0.6931471805599453
XD-2282,springxd,1,0.6931471805599453
XD-2283,springxd,5,1.791759469228055
XD-2284,springxd,5,1.791759469228055
XD-2285,springxd,8,2.1972245773362196
XD-2286,springxd,2,1.0986122886681098
XD-2287,springxd,5,1.791759469228055
XD-2288,springxd,8,2.1972245773362196
XD-2289,springxd,8,2.1972245773362196
XD-2290,springxd,1,0.6931471805599453
XD-2291,springxd,8,2.1972245773362196
XD-2293,springxd,3,1.3862943611198906
XD-2294,springxd,1,0.6931471805599453
XD-2295,springxd,8,2.1972245773362196
XD-2296,springxd,2,1.0986122886681098
XD-2298,springxd,5,1.791759469228055
XD-2299,springxd,8,2.1972245773362196
XD-2301,springxd,8,2.1972245773362196
XD-2302,springxd,4,1.6094379124341003
XD-2303,springxd,1,0.6931471805599453
XD-2304,springxd,8,2.1972245773362196
XD-2305,springxd,8,2.1972245773362196
XD-2306,springxd,8,2.1972245773362196
XD-2307,springxd,3,1.3862943611198906
XD-2308,springxd,8,2.1972245773362196
XD-2309,springxd,5,1.791759469228055
XD-2310,springxd,1,0.6931471805599453
XD-2311,springxd,8,2.1972245773362196
XD-2312,springxd,8,2.1972245773362196
XD-2313,springxd,8,2.1972245773362196
XD-2314,springxd,8,2.1972245773362196
XD-2315,springxd,3,1.3862943611198906
XD-2316,springxd,3,1.3862943611198906
XD-2317,springxd,3,1.3862943611198906
XD-2318,springxd,5,1.791759469228055
XD-2319,springxd,1,0.6931471805599453
XD-2320,springxd,4,1.6094379124341003
XD-2321,springxd,4,1.6094379124341003
XD-2322,springxd,3,1.3862943611198906
XD-2323,springxd,3,1.3862943611198906
XD-2324,springxd,8,2.1972245773362196
XD-2325,springxd,1,0.6931471805599453
XD-2326,springxd,3,1.3862943611198906
XD-2330,springxd,1,0.6931471805599453
XD-2331,springxd,5,1.791759469228055
XD-2332,springxd,5,1.791759469228055
XD-2333,springxd,8,2.1972245773362196
XD-2334,springxd,2,1.0986122886681098
XD-2335,springxd,1,0.6931471805599453
XD-2337,springxd,5,1.791759469228055
XD-2338,springxd,3,1.3862943611198906
XD-2339,springxd,5,1.791759469228055
XD-2340,springxd,3,1.3862943611198906
XD-2341,springxd,5,1.791759469228055
XD-2342,springxd,3,1.3862943611198906
XD-2343,springxd,8,2.1972245773362196
XD-2344,springxd,3,1.3862943611198906
XD-2345,springxd,5,1.791759469228055
XD-2347,springxd,2,1.0986122886681098
XD-2348,springxd,1,0.6931471805599453
XD-2349,springxd,1,0.6931471805599453
XD-2350,springxd,8,2.1972245773362196
XD-2351,springxd,8,2.1972245773362196
XD-2353,springxd,3,1.3862943611198906
XD-2354,springxd,1,0.6931471805599453
XD-2355,springxd,2,1.0986122886681098
XD-2358,springxd,8,2.1972245773362196
XD-2359,springxd,8,2.1972245773362196
XD-2360,springxd,8,2.1972245773362196
XD-2361,springxd,8,2.1972245773362196
XD-2362,springxd,5,1.791759469228055
XD-2364,springxd,5,1.791759469228055
XD-2365,springxd,3,1.3862943611198906
XD-2366,springxd,2,1.0986122886681098
XD-2367,springxd,1,0.6931471805599453
XD-2368,springxd,8,2.1972245773362196
XD-2369,springxd,3,1.3862943611198906
XD-2370,springxd,1,0.6931471805599453
XD-2371,springxd,8,2.1972245773362196
XD-2372,springxd,4,1.6094379124341003
XD-2373,springxd,2,1.0986122886681098
XD-2375,springxd,8,2.1972245773362196
XD-2376,springxd,5,1.791759469228055
XD-2377,springxd,1,0.6931471805599453
XD-2378,springxd,5,1.791759469228055
XD-2379,springxd,2,1.0986122886681098
XD-2380,springxd,5,1.791759469228055
XD-2381,springxd,8,2.1972245773362196
XD-2382,springxd,8,2.1972245773362196
XD-2383,springxd,3,1.3862943611198906
XD-2384,springxd,3,1.3862943611198906
XD-2385,springxd,8,2.1972245773362196
XD-2386,springxd,3,1.3862943611198906
XD-2387,springxd,5,1.791759469228055
XD-2388,springxd,8,2.1972245773362196
XD-2389,springxd,2,1.0986122886681098
XD-2390,springxd,3,1.3862943611198906
XD-2392,springxd,5,1.791759469228055
XD-2394,springxd,5,1.791759469228055
XD-2395,springxd,3,1.3862943611198906
XD-2396,springxd,8,2.1972245773362196
XD-2397,springxd,3,1.3862943611198906
XD-2398,springxd,8,2.1972245773362196
XD-2401,springxd,5,1.791759469228055
XD-2402,springxd,3,1.3862943611198906
XD-2403,springxd,5,1.791759469228055
XD-2404,springxd,3,1.3862943611198906
XD-2405,springxd,5,1.791759469228055
XD-2406,springxd,3,1.3862943611198906
XD-2407,springxd,3,1.3862943611198906
XD-2408,springxd,1,0.6931471805599453
XD-2409,springxd,1,0.6931471805599453
XD-2410,springxd,1,0.6931471805599453
XD-2411,springxd,5,1.791759469228055
XD-2412,springxd,2,1.0986122886681098
XD-2413,springxd,5,1.791759469228055
XD-2414,springxd,1,0.6931471805599453
XD-2415,springxd,1,0.6931471805599453
XD-2416,springxd,1,0.6931471805599453
XD-2417,springxd,1,0.6931471805599453
XD-2418,springxd,1,0.6931471805599453
XD-2419,springxd,3,1.3862943611198906
XD-2420,springxd,5,1.791759469228055
XD-2421,springxd,2,1.0986122886681098
XD-2422,springxd,1,0.6931471805599453
XD-2423,springxd,1,0.6931471805599453
XD-2424,springxd,5,1.791759469228055
XD-2425,springxd,5,1.791759469228055
XD-2426,springxd,2,1.0986122886681098
XD-2427,springxd,1,0.6931471805599453
XD-2429,springxd,1,0.6931471805599453
XD-2430,springxd,8,2.1972245773362196
XD-2431,springxd,3,1.3862943611198906
XD-2432,springxd,3,1.3862943611198906
XD-2433,springxd,8,2.1972245773362196
XD-2434,springxd,3,1.3862943611198906
XD-2435,springxd,3,1.3862943611198906
XD-2436,springxd,3,1.3862943611198906
XD-2437,springxd,3,1.3862943611198906
XD-2438,springxd,3,1.3862943611198906
XD-2439,springxd,3,1.3862943611198906
XD-2440,springxd,3,1.3862943611198906
XD-2441,springxd,3,1.3862943611198906
XD-2442,springxd,3,1.3862943611198906
XD-2443,springxd,3,1.3862943611198906
XD-2444,springxd,3,1.3862943611198906
XD-2445,springxd,3,1.3862943611198906
XD-2446,springxd,3,1.3862943611198906
XD-2447,springxd,3,1.3862943611198906
XD-2448,springxd,3,1.3862943611198906
XD-2449,springxd,3,1.3862943611198906
XD-2450,springxd,3,1.3862943611198906
XD-2451,springxd,3,1.3862943611198906
XD-2452,springxd,3,1.3862943611198906
XD-2453,springxd,5,1.791759469228055
XD-2454,springxd,3,1.3862943611198906
XD-2455,springxd,3,1.3862943611198906
XD-2456,springxd,5,1.791759469228055
XD-2457,springxd,3,1.3862943611198906
XD-2458,springxd,3,1.3862943611198906
XD-2459,springxd,3,1.3862943611198906
XD-2460,springxd,3,1.3862943611198906
XD-2461,springxd,3,1.3862943611198906
XD-2462,springxd,5,1.791759469228055
XD-2463,springxd,3,1.3862943611198906
XD-2465,springxd,8,2.1972245773362196
XD-2466,springxd,5,1.791759469228055
XD-2467,springxd,8,2.1972245773362196
XD-2468,springxd,5,1.791759469228055
XD-2469,springxd,8,2.1972245773362196
XD-2470,springxd,3,1.3862943611198906
XD-2471,springxd,3,1.3862943611198906
XD-2473,springxd,3,1.3862943611198906
XD-2474,springxd,3,1.3862943611198906
XD-2475,springxd,8,2.1972245773362196
XD-2477,springxd,8,2.1972245773362196
XD-2478,springxd,5,1.791759469228055
XD-2479,springxd,5,1.791759469228055
XD-2480,springxd,5,1.791759469228055
XD-2481,springxd,2,1.0986122886681098
XD-2482,springxd,1,0.6931471805599453
XD-2483,springxd,1,0.6931471805599453
XD-2484,springxd,1,0.6931471805599453
XD-2485,springxd,1,0.6931471805599453
XD-2486,springxd,8,2.1972245773362196
XD-2487,springxd,5,1.791759469228055
XD-2488,springxd,3,1.3862943611198906
XD-2489,springxd,3,1.3862943611198906
XD-2490,springxd,2,1.0986122886681098
XD-2491,springxd,3,1.3862943611198906
XD-2492,springxd,2,1.0986122886681098
XD-2493,springxd,1,0.6931471805599453
XD-2494,springxd,1,0.6931471805599453
XD-2495,springxd,3,1.3862943611198906
XD-2496,springxd,1,0.6931471805599453
XD-2497,springxd,2,1.0986122886681098
XD-2498,springxd,1,0.6931471805599453
XD-2499,springxd,1,0.6931471805599453
XD-2501,springxd,5,1.791759469228055
XD-2502,springxd,2,1.0986122886681098
XD-2503,springxd,3,1.3862943611198906
XD-2504,springxd,5,1.791759469228055
XD-2505,springxd,3,1.3862943611198906
XD-2506,springxd,1,0.6931471805599453
XD-2507,springxd,5,1.791759469228055
XD-2508,springxd,3,1.3862943611198906
XD-2509,springxd,2,1.0986122886681098
XD-2510,springxd,1,0.6931471805599453
XD-2511,springxd,8,2.1972245773362196
XD-2512,springxd,2,1.0986122886681098
XD-2513,springxd,3,1.3862943611198906
XD-2514,springxd,8,2.1972245773362196
XD-2515,springxd,5,1.791759469228055
XD-2516,springxd,3,1.3862943611198906
XD-2517,springxd,3,1.3862943611198906
XD-2518,springxd,2,1.0986122886681098
XD-2519,springxd,3,1.3862943611198906
XD-2520,springxd,5,1.791759469228055
XD-2521,springxd,2,1.0986122886681098
XD-2522,springxd,8,2.1972245773362196
XD-2523,springxd,3,1.3862943611198906
XD-2524,springxd,1,0.6931471805599453
XD-2525,springxd,2,1.0986122886681098
XD-2526,springxd,3,1.3862943611198906
XD-2527,springxd,3,1.3862943611198906
XD-2531,springxd,1,0.6931471805599453
XD-2532,springxd,5,1.791759469228055
XD-2533,springxd,1,0.6931471805599453
XD-2534,springxd,3,1.3862943611198906
XD-2535,springxd,3,1.3862943611198906
XD-2536,springxd,1,0.6931471805599453
XD-2537,springxd,1,0.6931471805599453
XD-2538,springxd,8,2.1972245773362196
XD-2539,springxd,5,1.791759469228055
XD-2541,springxd,1,0.6931471805599453
XD-2542,springxd,8,2.1972245773362196
XD-2543,springxd,8,2.1972245773362196
XD-2544,springxd,5,1.791759469228055
XD-2545,springxd,2,1.0986122886681098
XD-2546,springxd,2,1.0986122886681098
XD-2547,springxd,3,1.3862943611198906
XD-2548,springxd,8,2.1972245773362196
XD-2549,springxd,1,0.6931471805599453
XD-2550,springxd,3,1.3862943611198906
XD-2551,springxd,3,1.3862943611198906
XD-2552,springxd,3,1.3862943611198906
XD-2553,springxd,3,1.3862943611198906
XD-2554,springxd,3,1.3862943611198906
XD-2555,springxd,2,1.0986122886681098
XD-2556,springxd,1,0.6931471805599453
XD-2557,springxd,5,1.791759469228055
XD-2558,springxd,5,1.791759469228055
XD-2559,springxd,3,1.3862943611198906
XD-2560,springxd,3,1.3862943611198906
XD-2561,springxd,1,0.6931471805599453
XD-2562,springxd,3,1.3862943611198906
XD-2563,springxd,1,0.6931471805599453
XD-2564,springxd,2,1.0986122886681098
XD-2565,springxd,1,0.6931471805599453
XD-2566,springxd,8,2.1972245773362196
XD-2567,springxd,1,0.6931471805599453
XD-2568,springxd,5,1.791759469228055
XD-2569,springxd,3,1.3862943611198906
XD-2570,springxd,2,1.0986122886681098
XD-2571,springxd,1,0.6931471805599453
XD-2572,springxd,1,0.6931471805599453
XD-2573,springxd,5,1.791759469228055
XD-2574,springxd,5,1.791759469228055
XD-2575,springxd,5,1.791759469228055
XD-2577,springxd,5,1.791759469228055
XD-2578,springxd,2,1.0986122886681098
XD-2579,springxd,1,0.6931471805599453
XD-2580,springxd,1,0.6931471805599453
XD-2581,springxd,2,1.0986122886681098
XD-2582,springxd,1,0.6931471805599453
XD-2583,springxd,5,1.791759469228055
XD-2584,springxd,1,0.6931471805599453
XD-2585,springxd,3,1.3862943611198906
XD-2586,springxd,1,0.6931471805599453
XD-2588,springxd,3,1.3862943611198906
XD-2589,springxd,2,1.0986122886681098
XD-2590,springxd,3,1.3862943611198906
XD-2591,springxd,1,0.6931471805599453
XD-2592,springxd,3,1.3862943611198906
XD-2593,springxd,3,1.3862943611198906
XD-2594,springxd,3,1.3862943611198906
XD-2595,springxd,8,2.1972245773362196
XD-2596,springxd,3,1.3862943611198906
XD-2597,springxd,5,1.791759469228055
XD-2598,springxd,2,1.0986122886681098
XD-2599,springxd,2,1.0986122886681098
XD-2600,springxd,1,0.6931471805599453
XD-2601,springxd,1,0.6931471805599453
XD-2603,springxd,3,1.3862943611198906
XD-2604,springxd,2,1.0986122886681098
XD-2605,springxd,3,1.3862943611198906
XD-2606,springxd,3,1.3862943611198906
XD-2607,springxd,1,0.6931471805599453
XD-2608,springxd,3,1.3862943611198906
XD-2609,springxd,1,0.6931471805599453
XD-2610,springxd,2,1.0986122886681098
XD-2611,springxd,1,0.6931471805599453
XD-2612,springxd,1,0.6931471805599453
XD-2613,springxd,2,1.0986122886681098
XD-2614,springxd,5,1.791759469228055
XD-2615,springxd,8,2.1972245773362196
XD-2616,springxd,3,1.3862943611198906
XD-2617,springxd,3,1.3862943611198906
XD-2618,springxd,1,0.6931471805599453
XD-2619,springxd,2,1.0986122886681098
XD-2620,springxd,8,2.1972245773362196
XD-2621,springxd,3,1.3862943611198906
XD-2622,springxd,1,0.6931471805599453
XD-2623,springxd,1,0.6931471805599453
XD-2624,springxd,3,1.3862943611198906
XD-2625,springxd,2,1.0986122886681098
XD-2626,springxd,1,0.6931471805599453
XD-2627,springxd,5,1.791759469228055
XD-2628,springxd,5,1.791759469228055
XD-2630,springxd,5,1.791759469228055
XD-2631,springxd,1,0.6931471805599453
XD-2632,springxd,2,1.0986122886681098
XD-2633,springxd,3,1.3862943611198906
XD-2635,springxd,1,0.6931471805599453
XD-2636,springxd,5,1.791759469228055
XD-2637,springxd,1,0.6931471805599453
XD-2638,springxd,1,0.6931471805599453
XD-2639,springxd,8,2.1972245773362196
XD-2640,springxd,3,1.3862943611198906
XD-2641,springxd,1,0.6931471805599453
XD-2642,springxd,3,1.3862943611198906
XD-2643,springxd,3,1.3862943611198906
XD-2644,springxd,8,2.1972245773362196
XD-2645,springxd,1,0.6931471805599453
XD-2646,springxd,1,0.6931471805599453
XD-2647,springxd,3,1.3862943611198906
XD-2648,springxd,3,1.3862943611198906
XD-2649,springxd,2,1.0986122886681098
XD-2650,springxd,2,1.0986122886681098
XD-2651,springxd,5,1.791759469228055
XD-2652,springxd,2,1.0986122886681098
XD-2653,springxd,1,0.6931471805599453
XD-2654,springxd,1,0.6931471805599453
XD-2655,springxd,1,0.6931471805599453
XD-2656,springxd,5,1.791759469228055
XD-2657,springxd,1,0.6931471805599453
XD-2658,springxd,1,0.6931471805599453
XD-2659,springxd,3,1.3862943611198906
XD-2661,springxd,5,1.791759469228055
XD-2662,springxd,3,1.3862943611198906
XD-2664,springxd,8,2.1972245773362196
XD-2665,springxd,1,0.6931471805599453
XD-2666,springxd,5,1.791759469228055
XD-2667,springxd,1,0.6931471805599453
XD-2668,springxd,3,1.3862943611198906
XD-2669,springxd,5,1.791759469228055
XD-2670,springxd,1,0.6931471805599453
XD-2671,springxd,8,2.1972245773362196
XD-2672,springxd,8,2.1972245773362196
XD-2673,springxd,2,1.0986122886681098
XD-2674,springxd,1,0.6931471805599453
XD-2675,springxd,3,1.3862943611198906
XD-2676,springxd,8,2.1972245773362196
XD-2677,springxd,1,0.6931471805599453
XD-2678,springxd,5,1.791759469228055
XD-2679,springxd,3,1.3862943611198906
XD-2680,springxd,3,1.3862943611198906
XD-2681,springxd,1,0.6931471805599453
XD-2682,springxd,2,1.0986122886681098
XD-2683,springxd,5,1.791759469228055
XD-2684,springxd,1,0.6931471805599453
XD-2685,springxd,3,1.3862943611198906
XD-2686,springxd,1,0.6931471805599453
XD-2687,springxd,1,0.6931471805599453
XD-2688,springxd,1,0.6931471805599453
XD-2689,springxd,3,1.3862943611198906
XD-2690,springxd,1,0.6931471805599453
XD-2691,springxd,5,1.791759469228055
XD-2693,springxd,3,1.3862943611198906
XD-2694,springxd,2,1.0986122886681098
XD-2695,springxd,8,2.1972245773362196
XD-2696,springxd,1,0.6931471805599453
XD-2697,springxd,5,1.791759469228055
XD-2698,springxd,2,1.0986122886681098
XD-2699,springxd,3,1.3862943611198906
XD-2700,springxd,2,1.0986122886681098
XD-2701,springxd,8,2.1972245773362196
XD-2702,springxd,8,2.1972245773362196
XD-2703,springxd,8,2.1972245773362196
XD-2704,springxd,8,2.1972245773362196
XD-2705,springxd,5,1.791759469228055
XD-2706,springxd,1,0.6931471805599453
XD-2707,springxd,1,0.6931471805599453
XD-2708,springxd,2,1.0986122886681098
XD-2709,springxd,5,1.791759469228055
XD-2710,springxd,1,0.6931471805599453
XD-2711,springxd,3,1.3862943611198906
XD-2712,springxd,2,1.0986122886681098
XD-2713,springxd,8,2.1972245773362196
XD-2714,springxd,8,2.1972245773362196
XD-2715,springxd,8,2.1972245773362196
XD-2716,springxd,8,2.1972245773362196
XD-2717,springxd,1,0.6931471805599453
XD-2718,springxd,3,1.3862943611198906
XD-2719,springxd,3,1.3862943611198906
XD-2720,springxd,5,1.791759469228055
XD-2721,springxd,2,1.0986122886681098
XD-2722,springxd,5,1.791759469228055
XD-2723,springxd,1,0.6931471805599453
XD-2724,springxd,8,2.1972245773362196
XD-2725,springxd,3,1.3862943611198906
XD-2726,springxd,5,1.791759469228055
XD-2727,springxd,3,1.3862943611198906
XD-2728,springxd,3,1.3862943611198906
XD-2729,springxd,3,1.3862943611198906
XD-2730,springxd,3,1.3862943611198906
XD-2731,springxd,3,1.3862943611198906
XD-2732,springxd,2,1.0986122886681098
XD-2733,springxd,3,1.3862943611198906
XD-2734,springxd,8,2.1972245773362196
XD-2735,springxd,1,0.6931471805599453
XD-2736,springxd,1,0.6931471805599453
XD-2737,springxd,8,2.1972245773362196
XD-2738,springxd,8,2.1972245773362196
XD-2739,springxd,3,1.3862943611198906
XD-2740,springxd,10,2.3978952727983707
XD-2741,springxd,1,0.6931471805599453
XD-2742,springxd,8,2.1972245773362196
XD-2743,springxd,5,1.791759469228055
XD-2744,springxd,8,2.1972245773362196
XD-2745,springxd,5,1.791759469228055
XD-2746,springxd,3,1.3862943611198906
XD-2747,springxd,8,2.1972245773362196
XD-2748,springxd,3,1.3862943611198906
XD-2749,springxd,8,2.1972245773362196
XD-2750,springxd,8,2.1972245773362196
XD-2751,springxd,1,0.6931471805599453
XD-2752,springxd,8,2.1972245773362196
XD-2753,springxd,8,2.1972245773362196
XD-2754,springxd,8,2.1972245773362196
XD-2755,springxd,5,1.791759469228055
XD-2756,springxd,5,1.791759469228055
XD-2757,springxd,3,1.3862943611198906
XD-2758,springxd,3,1.3862943611198906
XD-2759,springxd,1,0.6931471805599453
XD-2760,springxd,1,0.6931471805599453
XD-2761,springxd,5,1.791759469228055
XD-2762,springxd,2,1.0986122886681098
XD-2763,springxd,3,1.3862943611198906
XD-2764,springxd,1,0.6931471805599453
XD-2765,springxd,8,2.1972245773362196
XD-2766,springxd,8,2.1972245773362196
XD-2767,springxd,1,0.6931471805599453
XD-2768,springxd,3,1.3862943611198906
XD-2769,springxd,1,0.6931471805599453
XD-2770,springxd,5,1.791759469228055
XD-2771,springxd,2,1.0986122886681098
XD-2772,springxd,2,1.0986122886681098
XD-2773,springxd,1,0.6931471805599453
XD-2774,springxd,5,1.791759469228055
XD-2775,springxd,1,0.6931471805599453
XD-2776,springxd,8,2.1972245773362196
XD-2777,springxd,1,0.6931471805599453
XD-2778,springxd,1,0.6931471805599453
XD-2779,springxd,3,1.3862943611198906
XD-2780,springxd,2,1.0986122886681098
XD-2781,springxd,3,1.3862943611198906
XD-2782,springxd,2,1.0986122886681098
XD-2783,springxd,2,1.0986122886681098
XD-2784,springxd,3,1.3862943611198906
XD-2785,springxd,3,1.3862943611198906
XD-2786,springxd,2,1.0986122886681098
XD-2787,springxd,3,1.3862943611198906
XD-2788,springxd,3,1.3862943611198906
XD-2789,springxd,3,1.3862943611198906
XD-2790,springxd,1,0.6931471805599453
XD-2791,springxd,1,0.6931471805599453
XD-2792,springxd,8,2.1972245773362196
XD-2793,springxd,8,2.1972245773362196
XD-2794,springxd,5,1.791759469228055
XD-2795,springxd,8,2.1972245773362196
XD-2796,springxd,8,2.1972245773362196
XD-2797,springxd,5,1.791759469228055
XD-2798,springxd,1,0.6931471805599453
XD-2799,springxd,5,1.791759469228055
XD-2800,springxd,2,1.0986122886681098
XD-2801,springxd,3,1.3862943611198906
XD-2802,springxd,8,2.1972245773362196
XD-2803,springxd,5,1.791759469228055
XD-2804,springxd,1,0.6931471805599453
XD-2805,springxd,3,1.3862943611198906
XD-2806,springxd,3,1.3862943611198906
XD-2807,springxd,3,1.3862943611198906
XD-2808,springxd,1,0.6931471805599453
XD-2809,springxd,5,1.791759469228055
XD-2810,springxd,5,1.791759469228055
XD-2811,springxd,5,1.791759469228055
XD-2812,springxd,5,1.791759469228055
XD-2813,springxd,5,1.791759469228055
XD-2814,springxd,3,1.3862943611198906
XD-2815,springxd,2,1.0986122886681098
XD-2816,springxd,5,1.791759469228055
XD-2817,springxd,3,1.3862943611198906
XD-2818,springxd,2,1.0986122886681098
XD-2819,springxd,1,0.6931471805599453
XD-2820,springxd,2,1.0986122886681098
XD-2821,springxd,5,1.791759469228055
XD-2822,springxd,3,1.3862943611198906
XD-2823,springxd,2,1.0986122886681098
XD-2824,springxd,5,1.791759469228055
XD-2825,springxd,1,0.6931471805599453
XD-2826,springxd,1,0.6931471805599453
XD-2827,springxd,3,1.3862943611198906
XD-2828,springxd,1,0.6931471805599453
XD-2829,springxd,1,0.6931471805599453
XD-2830,springxd,2,1.0986122886681098
XD-2831,springxd,8,2.1972245773362196
XD-2832,springxd,5,1.791759469228055
XD-2833,springxd,1,0.6931471805599453
XD-2834,springxd,2,1.0986122886681098
XD-2835,springxd,8,2.1972245773362196
XD-2836,springxd,1,0.6931471805599453
XD-2837,springxd,3,1.3862943611198906
XD-2838,springxd,2,1.0986122886681098
XD-2839,springxd,8,2.1972245773362196
XD-2840,springxd,8,2.1972245773362196
XD-2841,springxd,3,1.3862943611198906
XD-2842,springxd,2,1.0986122886681098
XD-2843,springxd,5,1.791759469228055
XD-2844,springxd,8,2.1972245773362196
XD-2845,springxd,5,1.791759469228055
XD-2846,springxd,1,0.6931471805599453
XD-2847,springxd,1,0.6931471805599453
XD-2848,springxd,3,1.3862943611198906
XD-2849,springxd,3,1.3862943611198906
XD-2850,springxd,5,1.791759469228055
XD-2851,springxd,2,1.0986122886681098
XD-2852,springxd,5,1.791759469228055
XD-2853,springxd,1,0.6931471805599453
XD-2854,springxd,5,1.791759469228055
XD-2855,springxd,2,1.0986122886681098
XD-2856,springxd,1,0.6931471805599453
XD-2857,springxd,8,2.1972245773362196
XD-2858,springxd,5,1.791759469228055
XD-2859,springxd,1,0.6931471805599453
XD-2860,springxd,2,1.0986122886681098
XD-2861,springxd,1,0.6931471805599453
XD-2862,springxd,2,1.0986122886681098
XD-2863,springxd,4,1.6094379124341003
XD-2864,springxd,2,1.0986122886681098
XD-2865,springxd,2,1.0986122886681098
XD-2866,springxd,5,1.791759469228055
XD-2867,springxd,3,1.3862943611198906
XD-2868,springxd,5,1.791759469228055
XD-2869,springxd,1,0.6931471805599453
XD-2870,springxd,3,1.3862943611198906
XD-2871,springxd,5,1.791759469228055
XD-2872,springxd,3,1.3862943611198906
XD-2873,springxd,3,1.3862943611198906
XD-2874,springxd,5,1.791759469228055
XD-2875,springxd,3,1.3862943611198906
XD-2876,springxd,1,0.6931471805599453
XD-2877,springxd,8,2.1972245773362196
XD-2878,springxd,3,1.3862943611198906
XD-2879,springxd,5,1.791759469228055
XD-2880,springxd,5,1.791759469228055
XD-2881,springxd,1,0.6931471805599453
XD-2882,springxd,3,1.3862943611198906
XD-2883,springxd,5,1.791759469228055
XD-2884,springxd,3,1.3862943611198906
XD-2885,springxd,1,0.6931471805599453
XD-2886,springxd,1,0.6931471805599453
XD-2887,springxd,3,1.3862943611198906
XD-2888,springxd,2,1.0986122886681098
XD-2889,springxd,5,1.791759469228055
XD-2890,springxd,8,2.1972245773362196
XD-2891,springxd,3,1.3862943611198906
XD-2892,springxd,3,1.3862943611198906
XD-2893,springxd,2,1.0986122886681098
XD-2894,springxd,2,1.0986122886681098
XD-2895,springxd,5,1.791759469228055
XD-2896,springxd,3,1.3862943611198906
XD-2897,springxd,8,2.1972245773362196
XD-2898,springxd,5,1.791759469228055
XD-2899,springxd,3,1.3862943611198906
XD-2900,springxd,2,1.0986122886681098
XD-2901,springxd,8,2.1972245773362196
XD-2902,springxd,1,0.6931471805599453
XD-2903,springxd,1,0.6931471805599453
XD-2904,springxd,1,0.6931471805599453
XD-2905,springxd,2,1.0986122886681098
XD-2906,springxd,2,1.0986122886681098
XD-2907,springxd,5,1.791759469228055
XD-2908,springxd,5,1.791759469228055
XD-2909,springxd,5,1.791759469228055
XD-2910,springxd,1,0.6931471805599453
XD-2911,springxd,8,2.1972245773362196
XD-2913,springxd,8,2.1972245773362196
XD-2914,springxd,8,2.1972245773362196
XD-2915,springxd,8,2.1972245773362196
XD-2916,springxd,8,2.1972245773362196
XD-2917,springxd,8,2.1972245773362196
XD-2918,springxd,5,1.791759469228055
XD-2919,springxd,5,1.791759469228055
XD-2920,springxd,2,1.0986122886681098
XD-2921,springxd,1,0.6931471805599453
XD-2922,springxd,3,1.3862943611198906
XD-2923,springxd,3,1.3862943611198906
XD-2924,springxd,3,1.3862943611198906
XD-2925,springxd,2,1.0986122886681098
XD-2926,springxd,3,1.3862943611198906
XD-2927,springxd,1,0.6931471805599453
XD-2929,springxd,1,0.6931471805599453
XD-2930,springxd,5,1.791759469228055
XD-2931,springxd,1,0.6931471805599453
XD-2932,springxd,3,1.3862943611198906
XD-2933,springxd,2,1.0986122886681098
XD-2934,springxd,5,1.791759469228055
XD-2935,springxd,5,1.791759469228055
XD-2936,springxd,3,1.3862943611198906
XD-2937,springxd,2,1.0986122886681098
XD-2938,springxd,5,1.791759469228055
XD-2940,springxd,2,1.0986122886681098
XD-2941,springxd,3,1.3862943611198906
XD-2942,springxd,2,1.0986122886681098
XD-2943,springxd,3,1.3862943611198906
XD-2944,springxd,2,1.0986122886681098
XD-2945,springxd,1,0.6931471805599453
XD-2946,springxd,2,1.0986122886681098
XD-2947,springxd,5,1.791759469228055
XD-2948,springxd,1,0.6931471805599453
XD-2949,springxd,2,1.0986122886681098
XD-2950,springxd,1,0.6931471805599453
XD-2951,springxd,3,1.3862943611198906
XD-2952,springxd,1,0.6931471805599453
XD-2953,springxd,3,1.3862943611198906
XD-2955,springxd,5,1.791759469228055
XD-2956,springxd,1,0.6931471805599453
XD-2957,springxd,3,1.3862943611198906
XD-2958,springxd,8,2.1972245773362196
XD-2959,springxd,3,1.3862943611198906
XD-2960,springxd,3,1.3862943611198906
XD-2961,springxd,8,2.1972245773362196
XD-2962,springxd,8,2.1972245773362196
XD-2964,springxd,8,2.1972245773362196
XD-2965,springxd,8,2.1972245773362196
XD-2966,springxd,8,2.1972245773362196
XD-2967,springxd,8,2.1972245773362196
XD-2968,springxd,3,1.3862943611198906
XD-2969,springxd,3,1.3862943611198906
XD-2970,springxd,8,2.1972245773362196
XD-2971,springxd,1,0.6931471805599453
XD-2972,springxd,3,1.3862943611198906
XD-2973,springxd,3,1.3862943611198906
XD-2974,springxd,2,1.0986122886681098
XD-2975,springxd,3,1.3862943611198906
XD-2976,springxd,1,0.6931471805599453
XD-2977,springxd,1,0.6931471805599453
XD-2979,springxd,8,2.1972245773362196
XD-2980,springxd,8,2.1972245773362196
XD-2981,springxd,1,0.6931471805599453
XD-2982,springxd,2,1.0986122886681098
XD-2983,springxd,3,1.3862943611198906
XD-2984,springxd,3,1.3862943611198906
XD-2985,springxd,2,1.0986122886681098
XD-2986,springxd,8,2.1972245773362196
XD-2987,springxd,2,1.0986122886681098
XD-2988,springxd,1,0.6931471805599453
XD-2990,springxd,5,1.791759469228055
XD-2991,springxd,5,1.791759469228055
XD-2992,springxd,3,1.3862943611198906
XD-2993,springxd,8,2.1972245773362196
XD-2994,springxd,3,1.3862943611198906
XD-2995,springxd,1,0.6931471805599453
XD-2996,springxd,5,1.791759469228055
XD-2997,springxd,5,1.791759469228055
XD-2998,springxd,5,1.791759469228055
XD-2999,springxd,3,1.3862943611198906
XD-3000,springxd,5,1.791759469228055
XD-3001,springxd,5,1.791759469228055
XD-3002,springxd,3,1.3862943611198906
XD-3003,springxd,1,0.6931471805599453
XD-3004,springxd,3,1.3862943611198906
XD-3005,springxd,1,0.6931471805599453
XD-3006,springxd,5,1.791759469228055
XD-3007,springxd,1,0.6931471805599453
XD-3008,springxd,1,0.6931471805599453
XD-3009,springxd,1,0.6931471805599453
XD-3010,springxd,2,1.0986122886681098
XD-3011,springxd,3,1.3862943611198906
XD-3012,springxd,3,1.3862943611198906
XD-3013,springxd,2,1.0986122886681098
XD-3014,springxd,1,0.6931471805599453
XD-3015,springxd,2,1.0986122886681098
TDQ-249,talenddataquality,3,1.3862943611198906
TDQ-309,talenddataquality,8,2.1972245773362196
TDQ-616,talenddataquality,3,1.3862943611198906
TDQ-655,talenddataquality,5,1.791759469228055
TDQ-785,talenddataquality,8,2.1972245773362196
TDQ-854,talenddataquality,3,1.3862943611198906
TDQ-855,talenddataquality,3,1.3862943611198906
TDQ-856,talenddataquality,3,1.3862943611198906
TDQ-903,talenddataquality,5,1.791759469228055
TDQ-962,talenddataquality,5,1.791759469228055
TDQ-1230,talenddataquality,1,0.6931471805599453
TDQ-1254,talenddataquality,3,1.3862943611198906
TDQ-1340,talenddataquality,8,2.1972245773362196
TDQ-1359,talenddataquality,13,2.6390573296152584
TDQ-1556,talenddataquality,8,2.1972245773362196
TDQ-1576,talenddataquality,3,1.3862943611198906
TDQ-1584,talenddataquality,13,2.6390573296152584
TDQ-1816,talenddataquality,8,2.1972245773362196
TDQ-1875,talenddataquality,20,3.044522437723423
TDQ-1901,talenddataquality,40,3.713572066704308
TDQ-1980,talenddataquality,3,1.3862943611198906
TDQ-2018,talenddataquality,5,1.791759469228055
TDQ-2045,talenddataquality,20,3.044522437723423
TDQ-2104,talenddataquality,20,3.044522437723423
TDQ-2217,talenddataquality,2,1.0986122886681098
TDQ-2350,talenddataquality,3,1.3862943611198906
TDQ-2391,talenddataquality,13,2.6390573296152584
TDQ-2699,talenddataquality,3,1.3862943611198906
TDQ-3227,talenddataquality,13,2.6390573296152584
TDQ-3228,talenddataquality,5,1.791759469228055
TDQ-3249,talenddataquality,8,2.1972245773362196
TDQ-3298,talenddataquality,3,1.3862943611198906
TDQ-3322,talenddataquality,13,2.6390573296152584
TDQ-3330,talenddataquality,1,0.6931471805599453
TDQ-3389,talenddataquality,40,3.713572066704308
TDQ-3470,talenddataquality,5,1.791759469228055
TDQ-3490,talenddataquality,3,1.3862943611198906
TDQ-3605,talenddataquality,3,1.3862943611198906
TDQ-3606,talenddataquality,13,2.6390573296152584
TDQ-3608,talenddataquality,1,0.6931471805599453
TDQ-3617,talenddataquality,8,2.1972245773362196
TDQ-3625,talenddataquality,5,1.791759469228055
TDQ-3642,talenddataquality,2,1.0986122886681098
TDQ-3676,talenddataquality,8,2.1972245773362196
TDQ-3684,talenddataquality,3,1.3862943611198906
TDQ-3688,talenddataquality,3,1.3862943611198906
TDQ-3691,talenddataquality,3,1.3862943611198906
TDQ-3692,talenddataquality,5,1.791759469228055
TDQ-3769,talenddataquality,5,1.791759469228055
TDQ-3811,talenddataquality,5,1.791759469228055
TDQ-3840,talenddataquality,8,2.1972245773362196
TDQ-3903,talenddataquality,2,1.0986122886681098
TDQ-3906,talenddataquality,13,2.6390573296152584
TDQ-3917,talenddataquality,8,2.1972245773362196
TDQ-3978,talenddataquality,2,1.0986122886681098
TDQ-3995,talenddataquality,3,1.3862943611198906
TDQ-4018,talenddataquality,3,1.3862943611198906
TDQ-4036,talenddataquality,8,2.1972245773362196
TDQ-4037,talenddataquality,13,2.6390573296152584
TDQ-4039,talenddataquality,8,2.1972245773362196
TDQ-4054,talenddataquality,5,1.791759469228055
TDQ-4056,talenddataquality,1,0.6931471805599453
TDQ-4067,talenddataquality,5,1.791759469228055
TDQ-4108,talenddataquality,3,1.3862943611198906
TDQ-4116,talenddataquality,5,1.791759469228055
TDQ-4117,talenddataquality,5,1.791759469228055
TDQ-4133,talenddataquality,13,2.6390573296152584
TDQ-4159,talenddataquality,5,1.791759469228055
TDQ-4179,talenddataquality,5,1.791759469228055
TDQ-4183,talenddataquality,13,2.6390573296152584
TDQ-4189,talenddataquality,28,3.367295829986474
TDQ-4193,talenddataquality,2,1.0986122886681098
TDQ-4234,talenddataquality,5,1.791759469228055
TDQ-4268,talenddataquality,8,2.1972245773362196
TDQ-4313,talenddataquality,3,1.3862943611198906
TDQ-4327,talenddataquality,2,1.0986122886681098
TDQ-4329,talenddataquality,40,3.713572066704308
TDQ-4351,talenddataquality,2,1.0986122886681098
TDQ-4377,talenddataquality,2,1.0986122886681098
TDQ-4378,talenddataquality,8,2.1972245773362196
TDQ-4393,talenddataquality,8,2.1972245773362196
TDQ-4433,talenddataquality,13,2.6390573296152584
TDQ-4437,talenddataquality,1,0.6931471805599453
TDQ-4453,talenddataquality,8,2.1972245773362196
TDQ-4513,talenddataquality,8,2.1972245773362196
TDQ-4522,talenddataquality,8,2.1972245773362196
TDQ-4523,talenddataquality,8,2.1972245773362196
TDQ-4526,talenddataquality,13,2.6390573296152584
TDQ-4527,talenddataquality,20,3.044522437723423
TDQ-4534,talenddataquality,3,1.3862943611198906
TDQ-4535,talenddataquality,5,1.791759469228055
TDQ-4539,talenddataquality,5,1.791759469228055
TDQ-4544,talenddataquality,8,2.1972245773362196
TDQ-4545,talenddataquality,13,2.6390573296152584
TDQ-4550,talenddataquality,3,1.3862943611198906
TDQ-4553,talenddataquality,5,1.791759469228055
TDQ-4555,talenddataquality,3,1.3862943611198906
TDQ-4558,talenddataquality,13,2.6390573296152584
TDQ-4559,talenddataquality,5,1.791759469228055
TDQ-4570,talenddataquality,13,2.6390573296152584
TDQ-4584,talenddataquality,5,1.791759469228055
TDQ-4594,talenddataquality,1,0.6931471805599453
TDQ-4599,talenddataquality,2,1.0986122886681098
TDQ-4601,talenddataquality,2,1.0986122886681098
TDQ-4602,talenddataquality,2,1.0986122886681098
TDQ-4603,talenddataquality,13,2.6390573296152584
TDQ-4604,talenddataquality,8,2.1972245773362196
TDQ-4607,talenddataquality,3,1.3862943611198906
TDQ-4608,talenddataquality,5,1.791759469228055
TDQ-4609,talenddataquality,20,3.044522437723423
TDQ-4612,talenddataquality,13,2.6390573296152584
TDQ-4614,talenddataquality,20,3.044522437723423
TDQ-4615,talenddataquality,13,2.6390573296152584
TDQ-4616,talenddataquality,20,3.044522437723423
TDQ-4627,talenddataquality,2,1.0986122886681098
TDQ-4628,talenddataquality,3,1.3862943611198906
TDQ-4630,talenddataquality,3,1.3862943611198906
TDQ-4632,talenddataquality,5,1.791759469228055
TDQ-4644,talenddataquality,3,1.3862943611198906
TDQ-4645,talenddataquality,5,1.791759469228055
TDQ-4646,talenddataquality,8,2.1972245773362196
TDQ-4654,talenddataquality,5,1.791759469228055
TDQ-4655,talenddataquality,1,0.6931471805599453
TDQ-4665,talenddataquality,1,0.6931471805599453
TDQ-4669,talenddataquality,8,2.1972245773362196
TDQ-4672,talenddataquality,13,2.6390573296152584
TDQ-4673,talenddataquality,1,0.6931471805599453
TDQ-4674,talenddataquality,2,1.0986122886681098
TDQ-4675,talenddataquality,8,2.1972245773362196
TDQ-4676,talenddataquality,3,1.3862943611198906
TDQ-4688,talenddataquality,3,1.3862943611198906
TDQ-4691,talenddataquality,5,1.791759469228055
TDQ-4705,talenddataquality,5,1.791759469228055
TDQ-4706,talenddataquality,5,1.791759469228055
TDQ-4710,talenddataquality,8,2.1972245773362196
TDQ-4711,talenddataquality,5,1.791759469228055
TDQ-4712,talenddataquality,1,0.6931471805599453
TDQ-4713,talenddataquality,5,1.791759469228055
TDQ-4714,talenddataquality,13,2.6390573296152584
TDQ-4720,talenddataquality,5,1.791759469228055
TDQ-4722,talenddataquality,13,2.6390573296152584
TDQ-4724,talenddataquality,8,2.1972245773362196
TDQ-4729,talenddataquality,40,3.713572066704308
TDQ-4732,talenddataquality,8,2.1972245773362196
TDQ-4733,talenddataquality,3,1.3862943611198906
TDQ-4734,talenddataquality,3,1.3862943611198906
TDQ-4738,talenddataquality,8,2.1972245773362196
TDQ-4739,talenddataquality,3,1.3862943611198906
TDQ-4740,talenddataquality,2,1.0986122886681098
TDQ-4747,talenddataquality,8,2.1972245773362196
TDQ-4748,talenddataquality,5,1.791759469228055
TDQ-4752,talenddataquality,8,2.1972245773362196
TDQ-4753,talenddataquality,5,1.791759469228055
TDQ-4754,talenddataquality,3,1.3862943611198906
TDQ-4755,talenddataquality,3,1.3862943611198906
TDQ-4757,talenddataquality,5,1.791759469228055
TDQ-4760,talenddataquality,3,1.3862943611198906
TDQ-4769,talenddataquality,8,2.1972245773362196
TDQ-4770,talenddataquality,1,0.6931471805599453
TDQ-4771,talenddataquality,13,2.6390573296152584
TDQ-4772,talenddataquality,5,1.791759469228055
TDQ-4773,talenddataquality,6,1.9459101490553132
TDQ-4774,talenddataquality,2,1.0986122886681098
TDQ-4775,talenddataquality,2,1.0986122886681098
TDQ-4781,talenddataquality,3,1.3862943611198906
TDQ-4783,talenddataquality,5,1.791759469228055
TDQ-4784,talenddataquality,3,1.3862943611198906
TDQ-4791,talenddataquality,8,2.1972245773362196
TDQ-4794,talenddataquality,20,3.044522437723423
TDQ-4795,talenddataquality,5,1.791759469228055
TDQ-4804,talenddataquality,5,1.791759469228055
TDQ-4820,talenddataquality,2,1.0986122886681098
TDQ-4822,talenddataquality,13,2.6390573296152584
TDQ-4823,talenddataquality,8,2.1972245773362196
TDQ-4828,talenddataquality,2,1.0986122886681098
TDQ-4829,talenddataquality,8,2.1972245773362196
TDQ-4830,talenddataquality,8,2.1972245773362196
TDQ-4831,talenddataquality,13,2.6390573296152584
TDQ-4832,talenddataquality,5,1.791759469228055
TDQ-4836,talenddataquality,8,2.1972245773362196
TDQ-4845,talenddataquality,2,1.0986122886681098
TDQ-4848,talenddataquality,8,2.1972245773362196
TDQ-4849,talenddataquality,3,1.3862943611198906
TDQ-4853,talenddataquality,5,1.791759469228055
TDQ-4854,talenddataquality,8,2.1972245773362196
TDQ-4855,talenddataquality,5,1.791759469228055
TDQ-4856,talenddataquality,2,1.0986122886681098
TDQ-4860,talenddataquality,1,0.6931471805599453
TDQ-4867,talenddataquality,20,3.044522437723423
TDQ-4870,talenddataquality,13,2.6390573296152584
TDQ-4871,talenddataquality,1,0.6931471805599453
TDQ-4872,talenddataquality,2,1.0986122886681098
TDQ-4884,talenddataquality,13,2.6390573296152584
TDQ-4894,talenddataquality,5,1.791759469228055
TDQ-4898,talenddataquality,8,2.1972245773362196
TDQ-4906,talenddataquality,3,1.3862943611198906
TDQ-4910,talenddataquality,5,1.791759469228055
TDQ-4913,talenddataquality,5,1.791759469228055
TDQ-4914,talenddataquality,13,2.6390573296152584
TDQ-4916,talenddataquality,5,1.791759469228055
TDQ-4922,talenddataquality,8,2.1972245773362196
TDQ-4926,talenddataquality,23,3.1780538303479458
TDQ-4929,talenddataquality,11,2.4849066497880004
TDQ-4931,talenddataquality,8,2.1972245773362196
TDQ-4935,talenddataquality,5,1.791759469228055
TDQ-4936,talenddataquality,13,2.6390573296152584
TDQ-4939,talenddataquality,5,1.791759469228055
TDQ-4942,talenddataquality,2,1.0986122886681098
TDQ-4943,talenddataquality,13,2.6390573296152584
TDQ-4944,talenddataquality,8,2.1972245773362196
TDQ-4945,talenddataquality,8,2.1972245773362196
TDQ-4948,talenddataquality,5,1.791759469228055
TDQ-4949,talenddataquality,5,1.791759469228055
TDQ-4950,talenddataquality,13,2.6390573296152584
TDQ-4951,talenddataquality,8,2.1972245773362196
TDQ-4955,talenddataquality,40,3.713572066704308
TDQ-4956,talenddataquality,13,2.6390573296152584
TDQ-4957,talenddataquality,23,3.1780538303479458
TDQ-4958,talenddataquality,8,2.1972245773362196
TDQ-4959,talenddataquality,20,3.044522437723423
TDQ-4960,talenddataquality,8,2.1972245773362196
TDQ-4962,talenddataquality,1,0.6931471805599453
TDQ-4967,talenddataquality,13,2.6390573296152584
TDQ-4968,talenddataquality,2,1.0986122886681098
TDQ-4973,talenddataquality,13,2.6390573296152584
TDQ-4974,talenddataquality,5,1.791759469228055
TDQ-4977,talenddataquality,11,2.4849066497880004
TDQ-4978,talenddataquality,2,1.0986122886681098
TDQ-4979,talenddataquality,2,1.0986122886681098
TDQ-4980,talenddataquality,2,1.0986122886681098
TDQ-4981,talenddataquality,2,1.0986122886681098
TDQ-4982,talenddataquality,2,1.0986122886681098
TDQ-4983,talenddataquality,2,1.0986122886681098
TDQ-4984,talenddataquality,13,2.6390573296152584
TDQ-4986,talenddataquality,3,1.3862943611198906
TDQ-4989,talenddataquality,8,2.1972245773362196
TDQ-4990,talenddataquality,8,2.1972245773362196
TDQ-4993,talenddataquality,3,1.3862943611198906
TDQ-4994,talenddataquality,11,2.4849066497880004
TDQ-4995,talenddataquality,8,2.1972245773362196
TDQ-4996,talenddataquality,1,0.6931471805599453
TDQ-4997,talenddataquality,5,1.791759469228055
TDQ-4998,talenddataquality,13,2.6390573296152584
TDQ-4999,talenddataquality,8,2.1972245773362196
TDQ-5004,talenddataquality,5,1.791759469228055
TDQ-5005,talenddataquality,5,1.791759469228055
TDQ-5019,talenddataquality,13,2.6390573296152584
TDQ-5020,talenddataquality,2,1.0986122886681098
TDQ-5021,talenddataquality,2,1.0986122886681098
TDQ-5022,talenddataquality,3,1.3862943611198906
TDQ-5023,talenddataquality,8,2.1972245773362196
TDQ-5024,talenddataquality,13,2.6390573296152584
TDQ-5025,talenddataquality,13,2.6390573296152584
TDQ-5026,talenddataquality,5,1.791759469228055
TDQ-5027,talenddataquality,13,2.6390573296152584
TDQ-5028,talenddataquality,3,1.3862943611198906
TDQ-5030,talenddataquality,8,2.1972245773362196
TDQ-5040,talenddataquality,5,1.791759469228055
TDQ-5041,talenddataquality,5,1.791759469228055
TDQ-5042,talenddataquality,5,1.791759469228055
TDQ-5043,talenddataquality,8,2.1972245773362196
TDQ-5044,talenddataquality,13,2.6390573296152584
TDQ-5046,talenddataquality,5,1.791759469228055
TDQ-5050,talenddataquality,8,2.1972245773362196
TDQ-5051,talenddataquality,3,1.3862943611198906
TDQ-5052,talenddataquality,8,2.1972245773362196
TDQ-5054,talenddataquality,13,2.6390573296152584
TDQ-5068,talenddataquality,2,1.0986122886681098
TDQ-5069,talenddataquality,5,1.791759469228055
TDQ-5070,talenddataquality,8,2.1972245773362196
TDQ-5072,talenddataquality,3,1.3862943611198906
TDQ-5073,talenddataquality,5,1.791759469228055
TDQ-5074,talenddataquality,13,2.6390573296152584
TDQ-5076,talenddataquality,13,2.6390573296152584
TDQ-5077,talenddataquality,8,2.1972245773362196
TDQ-5078,talenddataquality,8,2.1972245773362196
TDQ-5089,talenddataquality,1,0.6931471805599453
TDQ-5090,talenddataquality,3,1.3862943611198906
TDQ-5093,talenddataquality,8,2.1972245773362196
TDQ-5097,talenddataquality,5,1.791759469228055
TDQ-5101,talenddataquality,5,1.791759469228055
TDQ-5104,talenddataquality,5,1.791759469228055
TDQ-5105,talenddataquality,8,2.1972245773362196
TDQ-5109,talenddataquality,8,2.1972245773362196
TDQ-5110,talenddataquality,20,3.044522437723423
TDQ-5116,talenddataquality,8,2.1972245773362196
TDQ-5117,talenddataquality,5,1.791759469228055
TDQ-5118,talenddataquality,5,1.791759469228055
TDQ-5119,talenddataquality,5,1.791759469228055
TDQ-5123,talenddataquality,8,2.1972245773362196
TDQ-5127,talenddataquality,3,1.3862943611198906
TDQ-5128,talenddataquality,3,1.3862943611198906
TDQ-5129,talenddataquality,3,1.3862943611198906
TDQ-5130,talenddataquality,5,1.791759469228055
TDQ-5132,talenddataquality,8,2.1972245773362196
TDQ-5133,talenddataquality,13,2.6390573296152584
TDQ-5137,talenddataquality,3,1.3862943611198906
TDQ-5138,talenddataquality,13,2.6390573296152584
TDQ-5139,talenddataquality,8,2.1972245773362196
TDQ-5140,talenddataquality,20,3.044522437723423
TDQ-5143,talenddataquality,8,2.1972245773362196
TDQ-5144,talenddataquality,2,1.0986122886681098
TDQ-5146,talenddataquality,13,2.6390573296152584
TDQ-5149,talenddataquality,5,1.791759469228055
TDQ-5151,talenddataquality,8,2.1972245773362196
TDQ-5154,talenddataquality,5,1.791759469228055
TDQ-5155,talenddataquality,20,3.044522437723423
TDQ-5156,talenddataquality,13,2.6390573296152584
TDQ-5157,talenddataquality,5,1.791759469228055
TDQ-5158,talenddataquality,13,2.6390573296152584
TDQ-5180,talenddataquality,5,1.791759469228055
TDQ-5181,talenddataquality,8,2.1972245773362196
TDQ-5182,talenddataquality,8,2.1972245773362196
TDQ-5183,talenddataquality,2,1.0986122886681098
TDQ-5184,talenddataquality,1,0.6931471805599453
TDQ-5185,talenddataquality,5,1.791759469228055
TDQ-5186,talenddataquality,5,1.791759469228055
TDQ-5187,talenddataquality,2,1.0986122886681098
TDQ-5189,talenddataquality,5,1.791759469228055
TDQ-5190,talenddataquality,8,2.1972245773362196
TDQ-5191,talenddataquality,5,1.791759469228055
TDQ-5192,talenddataquality,8,2.1972245773362196
TDQ-5199,talenddataquality,8,2.1972245773362196
TDQ-5200,talenddataquality,13,2.6390573296152584
TDQ-5205,talenddataquality,2,1.0986122886681098
TDQ-5211,talenddataquality,2,1.0986122886681098
TDQ-5212,talenddataquality,8,2.1972245773362196
TDQ-5213,talenddataquality,5,1.791759469228055
TDQ-5215,talenddataquality,8,2.1972245773362196
TDQ-5220,talenddataquality,3,1.3862943611198906
TDQ-5222,talenddataquality,2,1.0986122886681098
TDQ-5223,talenddataquality,2,1.0986122886681098
TDQ-5227,talenddataquality,3,1.3862943611198906
TDQ-5232,talenddataquality,5,1.791759469228055
TDQ-5233,talenddataquality,5,1.791759469228055
TDQ-5234,talenddataquality,2,1.0986122886681098
TDQ-5238,talenddataquality,5,1.791759469228055
TDQ-5240,talenddataquality,3,1.3862943611198906
TDQ-5241,talenddataquality,8,2.1972245773362196
TDQ-5242,talenddataquality,8,2.1972245773362196
TDQ-5245,talenddataquality,13,2.6390573296152584
TDQ-5246,talenddataquality,3,1.3862943611198906
TDQ-5247,talenddataquality,1,0.6931471805599453
TDQ-5248,talenddataquality,13,2.6390573296152584
TDQ-5249,talenddataquality,8,2.1972245773362196
TDQ-5250,talenddataquality,5,1.791759469228055
TDQ-5251,talenddataquality,5,1.791759469228055
TDQ-5252,talenddataquality,2,1.0986122886681098
TDQ-5253,talenddataquality,2,1.0986122886681098
TDQ-5254,talenddataquality,3,1.3862943611198906
TDQ-5255,talenddataquality,8,2.1972245773362196
TDQ-5256,talenddataquality,8,2.1972245773362196
TDQ-5257,talenddataquality,5,1.791759469228055
TDQ-5258,talenddataquality,8,2.1972245773362196
TDQ-5259,talenddataquality,13,2.6390573296152584
TDQ-5260,talenddataquality,8,2.1972245773362196
TDQ-5276,talenddataquality,5,1.791759469228055
TDQ-5279,talenddataquality,8,2.1972245773362196
TDQ-5280,talenddataquality,13,2.6390573296152584
TDQ-5285,talenddataquality,8,2.1972245773362196
TDQ-5286,talenddataquality,5,1.791759469228055
TDQ-5287,talenddataquality,5,1.791759469228055
TDQ-5288,talenddataquality,5,1.791759469228055
TDQ-5297,talenddataquality,13,2.6390573296152584
TDQ-5298,talenddataquality,2,1.0986122886681098
TDQ-5299,talenddataquality,3,1.3862943611198906
TDQ-5314,talenddataquality,13,2.6390573296152584
TDQ-5315,talenddataquality,1,0.6931471805599453
TDQ-5316,talenddataquality,8,2.1972245773362196
TDQ-5319,talenddataquality,5,1.791759469228055
TDQ-5320,talenddataquality,2,1.0986122886681098
TDQ-5321,talenddataquality,8,2.1972245773362196
TDQ-5327,talenddataquality,2,1.0986122886681098
TDQ-5328,talenddataquality,3,1.3862943611198906
TDQ-5329,talenddataquality,13,2.6390573296152584
TDQ-5330,talenddataquality,13,2.6390573296152584
TDQ-5334,talenddataquality,13,2.6390573296152584
TDQ-5341,talenddataquality,8,2.1972245773362196
TDQ-5342,talenddataquality,8,2.1972245773362196
TDQ-5343,talenddataquality,8,2.1972245773362196
TDQ-5346,talenddataquality,5,1.791759469228055
TDQ-5356,talenddataquality,5,1.791759469228055
TDQ-5357,talenddataquality,8,2.1972245773362196
TDQ-5359,talenddataquality,13,2.6390573296152584
TDQ-5361,talenddataquality,3,1.3862943611198906
TDQ-5362,talenddataquality,13,2.6390573296152584
TDQ-5368,talenddataquality,13,2.6390573296152584
TDQ-5369,talenddataquality,8,2.1972245773362196
TDQ-5370,talenddataquality,8,2.1972245773362196
TDQ-5376,talenddataquality,13,2.6390573296152584
TDQ-5381,talenddataquality,8,2.1972245773362196
TDQ-5382,talenddataquality,2,1.0986122886681098
TDQ-5384,talenddataquality,13,2.6390573296152584
TDQ-5386,talenddataquality,2,1.0986122886681098
TDQ-5387,talenddataquality,5,1.791759469228055
TDQ-5388,talenddataquality,5,1.791759469228055
TDQ-5389,talenddataquality,5,1.791759469228055
TDQ-5391,talenddataquality,5,1.791759469228055
TDQ-5392,talenddataquality,5,1.791759469228055
TDQ-5393,talenddataquality,20,3.044522437723423
TDQ-5394,talenddataquality,8,2.1972245773362196
TDQ-5395,talenddataquality,13,2.6390573296152584
TDQ-5396,talenddataquality,2,1.0986122886681098
TDQ-5397,talenddataquality,2,1.0986122886681098
TDQ-5405,talenddataquality,3,1.3862943611198906
TDQ-5406,talenddataquality,5,1.791759469228055
TDQ-5407,talenddataquality,8,2.1972245773362196
TDQ-5408,talenddataquality,3,1.3862943611198906
TDQ-5409,talenddataquality,8,2.1972245773362196
TDQ-5425,talenddataquality,3,1.3862943611198906
TDQ-5429,talenddataquality,5,1.791759469228055
TDQ-5430,talenddataquality,13,2.6390573296152584
TDQ-5431,talenddataquality,2,1.0986122886681098
TDQ-5435,talenddataquality,13,2.6390573296152584
TDQ-5436,talenddataquality,8,2.1972245773362196
TDQ-5437,talenddataquality,5,1.791759469228055
TDQ-5438,talenddataquality,5,1.791759469228055
TDQ-5440,talenddataquality,8,2.1972245773362196
TDQ-5441,talenddataquality,5,1.791759469228055
TDQ-5445,talenddataquality,5,1.791759469228055
TDQ-5446,talenddataquality,8,2.1972245773362196
TDQ-5447,talenddataquality,13,2.6390573296152584
TDQ-5448,talenddataquality,8,2.1972245773362196
TDQ-5449,talenddataquality,20,3.044522437723423
TDQ-5450,talenddataquality,8,2.1972245773362196
TDQ-5453,talenddataquality,2,1.0986122886681098
TDQ-5454,talenddataquality,8,2.1972245773362196
TDQ-5455,talenddataquality,5,1.791759469228055
TDQ-5458,talenddataquality,8,2.1972245773362196
TDQ-5466,talenddataquality,8,2.1972245773362196
TDQ-5467,talenddataquality,5,1.791759469228055
TDQ-5468,talenddataquality,8,2.1972245773362196
TDQ-5470,talenddataquality,1,0.6931471805599453
TDQ-5479,talenddataquality,8,2.1972245773362196
TDQ-5482,talenddataquality,13,2.6390573296152584
TDQ-5485,talenddataquality,20,3.044522437723423
TDQ-5488,talenddataquality,8,2.1972245773362196
TDQ-5489,talenddataquality,5,1.791759469228055
TDQ-5500,talenddataquality,8,2.1972245773362196
TDQ-5501,talenddataquality,13,2.6390573296152584
TDQ-5502,talenddataquality,8,2.1972245773362196
TDQ-5503,talenddataquality,13,2.6390573296152584
TDQ-5516,talenddataquality,5,1.791759469228055
TDQ-5520,talenddataquality,8,2.1972245773362196
TDQ-5529,talenddataquality,8,2.1972245773362196
TDQ-5530,talenddataquality,5,1.791759469228055
TDQ-5531,talenddataquality,8,2.1972245773362196
TDQ-5534,talenddataquality,8,2.1972245773362196
TDQ-5537,talenddataquality,13,2.6390573296152584
TDQ-5555,talenddataquality,1,0.6931471805599453
TDQ-5558,talenddataquality,8,2.1972245773362196
TDQ-5562,talenddataquality,13,2.6390573296152584
TDQ-5568,talenddataquality,8,2.1972245773362196
TDQ-5570,talenddataquality,2,1.0986122886681098
TDQ-5572,talenddataquality,3,1.3862943611198906
TDQ-5577,talenddataquality,8,2.1972245773362196
TDQ-5579,talenddataquality,5,1.791759469228055
TDQ-5581,talenddataquality,5,1.791759469228055
TDQ-5589,talenddataquality,8,2.1972245773362196
TDQ-5592,talenddataquality,5,1.791759469228055
TDQ-5601,talenddataquality,8,2.1972245773362196
TDQ-5602,talenddataquality,8,2.1972245773362196
TDQ-5606,talenddataquality,8,2.1972245773362196
TDQ-5611,talenddataquality,2,1.0986122886681098
TDQ-5612,talenddataquality,2,1.0986122886681098
TDQ-5613,talenddataquality,3,1.3862943611198906
TDQ-5614,talenddataquality,1,0.6931471805599453
TDQ-5616,talenddataquality,13,2.6390573296152584
TDQ-5627,talenddataquality,8,2.1972245773362196
TDQ-5629,talenddataquality,8,2.1972245773362196
TDQ-5630,talenddataquality,8,2.1972245773362196
TDQ-5632,talenddataquality,13,2.6390573296152584
TDQ-5634,talenddataquality,2,1.0986122886681098
TDQ-5637,talenddataquality,8,2.1972245773362196
TDQ-5641,talenddataquality,8,2.1972245773362196
TDQ-5645,talenddataquality,8,2.1972245773362196
TDQ-5646,talenddataquality,8,2.1972245773362196
TDQ-5650,talenddataquality,1,0.6931471805599453
TDQ-5651,talenddataquality,8,2.1972245773362196
TDQ-5653,talenddataquality,2,1.0986122886681098
TDQ-5655,talenddataquality,2,1.0986122886681098
TDQ-5656,talenddataquality,2,1.0986122886681098
TDQ-5663,talenddataquality,8,2.1972245773362196
TDQ-5664,talenddataquality,8,2.1972245773362196
TDQ-5665,talenddataquality,1,0.6931471805599453
TDQ-5668,talenddataquality,8,2.1972245773362196
TDQ-5676,talenddataquality,1,0.6931471805599453
TDQ-5688,talenddataquality,5,1.791759469228055
TDQ-5690,talenddataquality,8,2.1972245773362196
TDQ-5693,talenddataquality,13,2.6390573296152584
TDQ-5694,talenddataquality,13,2.6390573296152584
TDQ-5695,talenddataquality,8,2.1972245773362196
TDQ-5700,talenddataquality,8,2.1972245773362196
TDQ-5703,talenddataquality,2,1.0986122886681098
TDQ-5712,talenddataquality,8,2.1972245773362196
TDQ-5715,talenddataquality,13,2.6390573296152584
TDQ-5722,talenddataquality,8,2.1972245773362196
TDQ-5739,talenddataquality,3,1.3862943611198906
TDQ-5747,talenddataquality,5,1.791759469228055
TDQ-5750,talenddataquality,8,2.1972245773362196
TDQ-5756,talenddataquality,2,1.0986122886681098
TDQ-5761,talenddataquality,3,1.3862943611198906
TDQ-5762,talenddataquality,2,1.0986122886681098
TDQ-5763,talenddataquality,2,1.0986122886681098
TDQ-5767,talenddataquality,5,1.791759469228055
TDQ-5769,talenddataquality,8,2.1972245773362196
TDQ-5770,talenddataquality,8,2.1972245773362196
TDQ-5771,talenddataquality,5,1.791759469228055
TDQ-5772,talenddataquality,5,1.791759469228055
TDQ-5773,talenddataquality,1,0.6931471805599453
TDQ-5774,talenddataquality,8,2.1972245773362196
TDQ-5775,talenddataquality,2,1.0986122886681098
TDQ-5777,talenddataquality,8,2.1972245773362196
TDQ-5778,talenddataquality,3,1.3862943611198906
TDQ-5779,talenddataquality,5,1.791759469228055
TDQ-5780,talenddataquality,1,0.6931471805599453
TDQ-5781,talenddataquality,1,0.6931471805599453
TDQ-5782,talenddataquality,1,0.6931471805599453
TDQ-5783,talenddataquality,1,0.6931471805599453
TDQ-5785,talenddataquality,1,0.6931471805599453
TDQ-5786,talenddataquality,5,1.791759469228055
TDQ-5787,talenddataquality,1,0.6931471805599453
TDQ-5788,talenddataquality,1,0.6931471805599453
TDQ-5790,talenddataquality,1,0.6931471805599453
TDQ-5791,talenddataquality,8,2.1972245773362196
TDQ-5792,talenddataquality,3,1.3862943611198906
TDQ-5793,talenddataquality,3,1.3862943611198906
TDQ-5799,talenddataquality,8,2.1972245773362196
TDQ-5801,talenddataquality,20,3.044522437723423
TDQ-5803,talenddataquality,5,1.791759469228055
TDQ-5817,talenddataquality,8,2.1972245773362196
TDQ-5818,talenddataquality,8,2.1972245773362196
TDQ-5820,talenddataquality,13,2.6390573296152584
TDQ-5823,talenddataquality,8,2.1972245773362196
TDQ-5824,talenddataquality,8,2.1972245773362196
TDQ-5825,talenddataquality,8,2.1972245773362196
TDQ-5826,talenddataquality,5,1.791759469228055
TDQ-5837,talenddataquality,1,0.6931471805599453
TDQ-5847,talenddataquality,13,2.6390573296152584
TDQ-5848,talenddataquality,8,2.1972245773362196
TDQ-5849,talenddataquality,5,1.791759469228055
TDQ-5850,talenddataquality,8,2.1972245773362196
TDQ-5851,talenddataquality,8,2.1972245773362196
TDQ-5853,talenddataquality,8,2.1972245773362196
TDQ-5858,talenddataquality,5,1.791759469228055
TDQ-5889,talenddataquality,8,2.1972245773362196
TDQ-5898,talenddataquality,8,2.1972245773362196
TDQ-5903,talenddataquality,13,2.6390573296152584
TDQ-5904,talenddataquality,8,2.1972245773362196
TDQ-5905,talenddataquality,13,2.6390573296152584
TDQ-5906,talenddataquality,8,2.1972245773362196
TDQ-5907,talenddataquality,8,2.1972245773362196
TDQ-5908,talenddataquality,8,2.1972245773362196
TDQ-5909,talenddataquality,3,1.3862943611198906
TDQ-5910,talenddataquality,5,1.791759469228055
TDQ-5912,talenddataquality,8,2.1972245773362196
TDQ-5923,talenddataquality,5,1.791759469228055
TDQ-5926,talenddataquality,13,2.6390573296152584
TDQ-5933,talenddataquality,8,2.1972245773362196
TDQ-5952,talenddataquality,20,3.044522437723423
TDQ-5959,talenddataquality,3,1.3862943611198906
TDQ-5962,talenddataquality,8,2.1972245773362196
TDQ-5967,talenddataquality,5,1.791759469228055
TDQ-5968,talenddataquality,8,2.1972245773362196
TDQ-5969,talenddataquality,2,1.0986122886681098
TDQ-5973,talenddataquality,13,2.6390573296152584
TDQ-5974,talenddataquality,2,1.0986122886681098
TDQ-5980,talenddataquality,5,1.791759469228055
TDQ-5981,talenddataquality,13,2.6390573296152584
TDQ-5983,talenddataquality,8,2.1972245773362196
TDQ-5989,talenddataquality,5,1.791759469228055
TDQ-5990,talenddataquality,2,1.0986122886681098
TDQ-5993,talenddataquality,5,1.791759469228055
TDQ-5999,talenddataquality,3,1.3862943611198906
TDQ-6005,talenddataquality,8,2.1972245773362196
TDQ-6006,talenddataquality,13,2.6390573296152584
TDQ-6009,talenddataquality,20,3.044522437723423
TDQ-6010,talenddataquality,20,3.044522437723423
TDQ-6013,talenddataquality,13,2.6390573296152584
TDQ-6014,talenddataquality,3,1.3862943611198906
TDQ-6015,talenddataquality,2,1.0986122886681098
TDQ-6032,talenddataquality,13,2.6390573296152584
TDQ-6033,talenddataquality,3,1.3862943611198906
TDQ-6038,talenddataquality,3,1.3862943611198906
TDQ-6048,talenddataquality,2,1.0986122886681098
TDQ-6049,talenddataquality,13,2.6390573296152584
TDQ-6052,talenddataquality,1,0.6931471805599453
TDQ-6054,talenddataquality,8,2.1972245773362196
TDQ-6070,talenddataquality,8,2.1972245773362196
TDQ-6081,talenddataquality,2,1.0986122886681098
TDQ-6085,talenddataquality,2,1.0986122886681098
TDQ-6089,talenddataquality,2,1.0986122886681098
TDQ-6091,talenddataquality,3,1.3862943611198906
TDQ-6092,talenddataquality,13,2.6390573296152584
TDQ-6096,talenddataquality,8,2.1972245773362196
TDQ-6099,talenddataquality,13,2.6390573296152584
TDQ-6100,talenddataquality,13,2.6390573296152584
TDQ-6104,talenddataquality,2,1.0986122886681098
TDQ-6108,talenddataquality,3,1.3862943611198906
TDQ-6109,talenddataquality,1,0.6931471805599453
TDQ-6114,talenddataquality,8,2.1972245773362196
TDQ-6120,talenddataquality,2,1.0986122886681098
TDQ-6121,talenddataquality,8,2.1972245773362196
TDQ-6122,talenddataquality,8,2.1972245773362196
TDQ-6123,talenddataquality,3,1.3862943611198906
TDQ-6130,talenddataquality,3,1.3862943611198906
TDQ-6138,talenddataquality,1,0.6931471805599453
TDQ-6149,talenddataquality,5,1.791759469228055
TDQ-6152,talenddataquality,2,1.0986122886681098
TDQ-6156,talenddataquality,5,1.791759469228055
TDQ-6160,talenddataquality,5,1.791759469228055
TDQ-6166,talenddataquality,13,2.6390573296152584
TDQ-6167,talenddataquality,8,2.1972245773362196
TDQ-6168,talenddataquality,8,2.1972245773362196
TDQ-6182,talenddataquality,2,1.0986122886681098
TDQ-6184,talenddataquality,5,1.791759469228055
TDQ-6185,talenddataquality,13,2.6390573296152584
TDQ-6186,talenddataquality,5,1.791759469228055
TDQ-6193,talenddataquality,1,0.6931471805599453
TDQ-6194,talenddataquality,8,2.1972245773362196
TDQ-6200,talenddataquality,20,3.044522437723423
TDQ-6203,talenddataquality,5,1.791759469228055
TDQ-6204,talenddataquality,8,2.1972245773362196
TDQ-6207,talenddataquality,8,2.1972245773362196
TDQ-6211,talenddataquality,5,1.791759469228055
TDQ-6224,talenddataquality,2,1.0986122886681098
TDQ-6227,talenddataquality,8,2.1972245773362196
TDQ-6232,talenddataquality,13,2.6390573296152584
TDQ-6233,talenddataquality,8,2.1972245773362196
TDQ-6235,talenddataquality,1,0.6931471805599453
TDQ-6236,talenddataquality,8,2.1972245773362196
TDQ-6237,talenddataquality,13,2.6390573296152584
TDQ-6241,talenddataquality,8,2.1972245773362196
TDQ-6242,talenddataquality,5,1.791759469228055
TDQ-6243,talenddataquality,8,2.1972245773362196
TDQ-6244,talenddataquality,2,1.0986122886681098
TDQ-6252,talenddataquality,8,2.1972245773362196
TDQ-6253,talenddataquality,5,1.791759469228055
TDQ-6259,talenddataquality,5,1.791759469228055
TDQ-6261,talenddataquality,8,2.1972245773362196
TDQ-6265,talenddataquality,1,0.6931471805599453
TDQ-6271,talenddataquality,8,2.1972245773362196
TDQ-6272,talenddataquality,2,1.0986122886681098
TDQ-6286,talenddataquality,3,1.3862943611198906
TDQ-6287,talenddataquality,8,2.1972245773362196
TDQ-6290,talenddataquality,3,1.3862943611198906
TDQ-6291,talenddataquality,13,2.6390573296152584
TDQ-6303,talenddataquality,3,1.3862943611198906
TDQ-6308,talenddataquality,3,1.3862943611198906
TDQ-6313,talenddataquality,2,1.0986122886681098
TDQ-6318,talenddataquality,2,1.0986122886681098
TDQ-6323,talenddataquality,5,1.791759469228055
TDQ-6329,talenddataquality,8,2.1972245773362196
TDQ-6343,talenddataquality,2,1.0986122886681098
TDQ-6347,talenddataquality,3,1.3862943611198906
TDQ-6348,talenddataquality,3,1.3862943611198906
TDQ-6351,talenddataquality,2,1.0986122886681098
TDQ-6356,talenddataquality,3,1.3862943611198906
TDQ-6360,talenddataquality,2,1.0986122886681098
TDQ-6372,talenddataquality,1,0.6931471805599453
TDQ-6375,talenddataquality,20,3.044522437723423
TDQ-6384,talenddataquality,13,2.6390573296152584
TDQ-6389,talenddataquality,8,2.1972245773362196
TDQ-6395,talenddataquality,8,2.1972245773362196
TDQ-6407,talenddataquality,5,1.791759469228055
TDQ-6411,talenddataquality,8,2.1972245773362196
TDQ-6417,talenddataquality,5,1.791759469228055
TDQ-6421,talenddataquality,8,2.1972245773362196
TDQ-6424,talenddataquality,3,1.3862943611198906
TDQ-6429,talenddataquality,1,0.6931471805599453
TDQ-6430,talenddataquality,2,1.0986122886681098
TDQ-6434,talenddataquality,5,1.791759469228055
TDQ-6435,talenddataquality,3,1.3862943611198906
TDQ-6437,talenddataquality,13,2.6390573296152584
TDQ-6438,talenddataquality,3,1.3862943611198906
TDQ-6439,talenddataquality,2,1.0986122886681098
TDQ-6441,talenddataquality,2,1.0986122886681098
TDQ-6445,talenddataquality,2,1.0986122886681098
TDQ-6450,talenddataquality,1,0.6931471805599453
TDQ-6455,talenddataquality,8,2.1972245773362196
TDQ-6456,talenddataquality,1,0.6931471805599453
TDQ-6457,talenddataquality,5,1.791759469228055
TDQ-6458,talenddataquality,8,2.1972245773362196
TDQ-6467,talenddataquality,5,1.791759469228055
TDQ-6468,talenddataquality,5,1.791759469228055
TDQ-6469,talenddataquality,2,1.0986122886681098
TDQ-6471,talenddataquality,2,1.0986122886681098
TDQ-6472,talenddataquality,8,2.1972245773362196
TDQ-6478,talenddataquality,1,0.6931471805599453
TDQ-6480,talenddataquality,5,1.791759469228055
TDQ-6481,talenddataquality,5,1.791759469228055
TDQ-6484,talenddataquality,8,2.1972245773362196
TDQ-6485,talenddataquality,5,1.791759469228055
TDQ-6487,talenddataquality,5,1.791759469228055
TDQ-6502,talenddataquality,2,1.0986122886681098
TDQ-6506,talenddataquality,8,2.1972245773362196
TDQ-6507,talenddataquality,8,2.1972245773362196
TDQ-6511,talenddataquality,5,1.791759469228055
TDQ-6512,talenddataquality,3,1.3862943611198906
TDQ-6516,talenddataquality,3,1.3862943611198906
TDQ-6519,talenddataquality,2,1.0986122886681098
TDQ-6523,talenddataquality,2,1.0986122886681098
TDQ-6539,talenddataquality,5,1.791759469228055
TDQ-6549,talenddataquality,1,0.6931471805599453
TDQ-6550,talenddataquality,1,0.6931471805599453
TDQ-6557,talenddataquality,8,2.1972245773362196
TDQ-6571,talenddataquality,5,1.791759469228055
TDQ-6587,talenddataquality,3,1.3862943611198906
TDQ-6589,talenddataquality,5,1.791759469228055
TDQ-6610,talenddataquality,3,1.3862943611198906
TDQ-6611,talenddataquality,3,1.3862943611198906
TDQ-6613,talenddataquality,3,1.3862943611198906
TDQ-6617,talenddataquality,20,3.044522437723423
TDQ-6620,talenddataquality,13,2.6390573296152584
TDQ-6633,talenddataquality,13,2.6390573296152584
TDQ-6645,talenddataquality,2,1.0986122886681098
TDQ-6654,talenddataquality,1,0.6931471805599453
TDQ-6658,talenddataquality,2,1.0986122886681098
TDQ-6663,talenddataquality,5,1.791759469228055
TDQ-6664,talenddataquality,3,1.3862943611198906
TDQ-6672,talenddataquality,5,1.791759469228055
TDQ-6674,talenddataquality,1,0.6931471805599453
TDQ-6678,talenddataquality,8,2.1972245773362196
TDQ-6686,talenddataquality,3,1.3862943611198906
TDQ-6687,talenddataquality,1,0.6931471805599453
TDQ-6689,talenddataquality,2,1.0986122886681098
TDQ-6692,talenddataquality,8,2.1972245773362196
TDQ-6698,talenddataquality,13,2.6390573296152584
TDQ-6703,talenddataquality,5,1.791759469228055
TDQ-6705,talenddataquality,8,2.1972245773362196
TDQ-6753,talenddataquality,2,1.0986122886681098
TDQ-6772,talenddataquality,1,0.6931471805599453
TDQ-6807,talenddataquality,8,2.1972245773362196
TDQ-6813,talenddataquality,3,1.3862943611198906
TDQ-6834,talenddataquality,2,1.0986122886681098
TDQ-6837,talenddataquality,2,1.0986122886681098
TDQ-6841,talenddataquality,8,2.1972245773362196
TDQ-6844,talenddataquality,1,0.6931471805599453
TDQ-6850,talenddataquality,13,2.6390573296152584
TDQ-6868,talenddataquality,2,1.0986122886681098
TDQ-6903,talenddataquality,20,3.044522437723423
TDQ-6921,talenddataquality,8,2.1972245773362196
TDQ-6925,talenddataquality,5,1.791759469228055
TDQ-6949,talenddataquality,2,1.0986122886681098
TDQ-6976,talenddataquality,2,1.0986122886681098
TDQ-7048,talenddataquality,2,1.0986122886681098
TDQ-7050,talenddataquality,2,1.0986122886681098
TDQ-7079,talenddataquality,1,0.6931471805599453
TDQ-7087,talenddataquality,2,1.0986122886681098
TDQ-7114,talenddataquality,8,2.1972245773362196
TDQ-7124,talenddataquality,2,1.0986122886681098
TDQ-7167,talenddataquality,2,1.0986122886681098
TDQ-7169,talenddataquality,2,1.0986122886681098
TDQ-7192,talenddataquality,3,1.3862943611198906
TDQ-7247,talenddataquality,2,1.0986122886681098
TDQ-7249,talenddataquality,2,1.0986122886681098
TDQ-7298,talenddataquality,1,0.6931471805599453
TDQ-7301,talenddataquality,2,1.0986122886681098
TDQ-7303,talenddataquality,8,2.1972245773362196
TDQ-7310,talenddataquality,5,1.791759469228055
TDQ-7311,talenddataquality,8,2.1972245773362196
TDQ-7323,talenddataquality,2,1.0986122886681098
TDQ-7381,talenddataquality,2,1.0986122886681098
TDQ-7407,talenddataquality,5,1.791759469228055
TDQ-7416,talenddataquality,5,1.791759469228055
TDQ-7418,talenddataquality,13,2.6390573296152584
TDQ-7420,talenddataquality,5,1.791759469228055
TDQ-7443,talenddataquality,3,1.3862943611198906
TDQ-7453,talenddataquality,5,1.791759469228055
TDQ-7471,talenddataquality,8,2.1972245773362196
TDQ-7479,talenddataquality,3,1.3862943611198906
TDQ-7504,talenddataquality,13,2.6390573296152584
TDQ-7510,talenddataquality,5,1.791759469228055
TDQ-7539,talenddataquality,20,3.044522437723423
TDQ-7595,talenddataquality,13,2.6390573296152584
TDQ-7596,talenddataquality,13,2.6390573296152584
TDQ-7597,talenddataquality,3,1.3862943611198906
TDQ-7611,talenddataquality,2,1.0986122886681098
TDQ-7614,talenddataquality,2,1.0986122886681098
TDQ-7625,talenddataquality,13,2.6390573296152584
TDQ-7635,talenddataquality,13,2.6390573296152584
TDQ-7676,talenddataquality,5,1.791759469228055
TDQ-7692,talenddataquality,3,1.3862943611198906
TDQ-7702,talenddataquality,1,0.6931471805599453
TDQ-7703,talenddataquality,2,1.0986122886681098
TDQ-7737,talenddataquality,2,1.0986122886681098
TDQ-7739,talenddataquality,2,1.0986122886681098
TDQ-7780,talenddataquality,13,2.6390573296152584
TDQ-7827,talenddataquality,5,1.791759469228055
TDQ-7831,talenddataquality,8,2.1972245773362196
TDQ-7840,talenddataquality,3,1.3862943611198906
TDQ-7842,talenddataquality,5,1.791759469228055
TDQ-7845,talenddataquality,2,1.0986122886681098
TDQ-7847,talenddataquality,2,1.0986122886681098
TDQ-7849,talenddataquality,2,1.0986122886681098
TDQ-7869,talenddataquality,3,1.3862943611198906
TDQ-7877,talenddataquality,13,2.6390573296152584
TDQ-7882,talenddataquality,13,2.6390573296152584
TDQ-7892,talenddataquality,13,2.6390573296152584
TDQ-7894,talenddataquality,3,1.3862943611198906
TDQ-7903,talenddataquality,3,1.3862943611198906
TDQ-7910,talenddataquality,13,2.6390573296152584
TDQ-7917,talenddataquality,3,1.3862943611198906
TDQ-7918,talenddataquality,20,3.044522437723423
TDQ-7919,talenddataquality,2,1.0986122886681098
TDQ-7944,talenddataquality,5,1.791759469228055
TDQ-7951,talenddataquality,8,2.1972245773362196
TDQ-7975,talenddataquality,8,2.1972245773362196
TDQ-8020,talenddataquality,2,1.0986122886681098
TDQ-8027,talenddataquality,13,2.6390573296152584
TDQ-8036,talenddataquality,8,2.1972245773362196
TDQ-8040,talenddataquality,5,1.791759469228055
TDQ-8043,talenddataquality,5,1.791759469228055
TDQ-8044,talenddataquality,13,2.6390573296152584
TDQ-8045,talenddataquality,13,2.6390573296152584
TDQ-8063,talenddataquality,8,2.1972245773362196
TDQ-8067,talenddataquality,5,1.791759469228055
TDQ-8068,talenddataquality,5,1.791759469228055
TDQ-8079,talenddataquality,2,1.0986122886681098
TDQ-8082,talenddataquality,2,1.0986122886681098
TDQ-8084,talenddataquality,20,3.044522437723423
TDQ-8090,talenddataquality,8,2.1972245773362196
TDQ-8144,talenddataquality,5,1.791759469228055
TDQ-8151,talenddataquality,2,1.0986122886681098
TDQ-8189,talenddataquality,8,2.1972245773362196
TDQ-8190,talenddataquality,13,2.6390573296152584
TDQ-8191,talenddataquality,2,1.0986122886681098
TDQ-8203,talenddataquality,5,1.791759469228055
TDQ-8206,talenddataquality,5,1.791759469228055
TDQ-8212,talenddataquality,7,2.0794415416798357
TDQ-8214,talenddataquality,2,1.0986122886681098
TDQ-8230,talenddataquality,5,1.791759469228055
TDQ-8232,talenddataquality,3,1.3862943611198906
TDQ-8236,talenddataquality,8,2.1972245773362196
TDQ-8242,talenddataquality,13,2.6390573296152584
TDQ-8252,talenddataquality,5,1.791759469228055
TDQ-8256,talenddataquality,8,2.1972245773362196
TDQ-8265,talenddataquality,5,1.791759469228055
TDQ-8282,talenddataquality,2,1.0986122886681098
TDQ-8289,talenddataquality,5,1.791759469228055
TDQ-8325,talenddataquality,2,1.0986122886681098
TDQ-8350,talenddataquality,2,1.0986122886681098
TDQ-8360,talenddataquality,13,2.6390573296152584
TDQ-8376,talenddataquality,3,1.3862943611198906
TDQ-8377,talenddataquality,1,0.6931471805599453
TDQ-8381,talenddataquality,2,1.0986122886681098
TDQ-8385,talenddataquality,3,1.3862943611198906
TDQ-8394,talenddataquality,5,1.791759469228055
TDQ-8395,talenddataquality,5,1.791759469228055
TDQ-8401,talenddataquality,8,2.1972245773362196
TDQ-8404,talenddataquality,8,2.1972245773362196
TDQ-8428,talenddataquality,8,2.1972245773362196
TDQ-8429,talenddataquality,8,2.1972245773362196
TDQ-8431,talenddataquality,5,1.791759469228055
TDQ-8433,talenddataquality,8,2.1972245773362196
TDQ-8443,talenddataquality,5,1.791759469228055
TDQ-8451,talenddataquality,3,1.3862943611198906
TDQ-8460,talenddataquality,8,2.1972245773362196
TDQ-8470,talenddataquality,5,1.791759469228055
TDQ-8481,talenddataquality,3,1.3862943611198906
TDQ-8482,talenddataquality,5,1.791759469228055
TDQ-8497,talenddataquality,1,0.6931471805599453
TDQ-8515,talenddataquality,2,1.0986122886681098
TDQ-8518,talenddataquality,1,0.6931471805599453
TDQ-8532,talenddataquality,8,2.1972245773362196
TDQ-8535,talenddataquality,8,2.1972245773362196
TDQ-8536,talenddataquality,8,2.1972245773362196
TDQ-8543,talenddataquality,3,1.3862943611198906
TDQ-8545,talenddataquality,8,2.1972245773362196
TDQ-8548,talenddataquality,5,1.791759469228055
TDQ-8549,talenddataquality,1,0.6931471805599453
TDQ-8550,talenddataquality,3,1.3862943611198906
TDQ-8551,talenddataquality,5,1.791759469228055
TDQ-8554,talenddataquality,1,0.6931471805599453
TDQ-8557,talenddataquality,5,1.791759469228055
TDQ-8563,talenddataquality,3,1.3862943611198906
TDQ-8565,talenddataquality,8,2.1972245773362196
TDQ-8567,talenddataquality,5,1.791759469228055
TDQ-8574,talenddataquality,8,2.1972245773362196
TDQ-8600,talenddataquality,3,1.3862943611198906
TDQ-8601,talenddataquality,2,1.0986122886681098
TDQ-8603,talenddataquality,2,1.0986122886681098
TDQ-8609,talenddataquality,5,1.791759469228055
TDQ-8614,talenddataquality,8,2.1972245773362196
TDQ-8615,talenddataquality,13,2.6390573296152584
TDQ-8616,talenddataquality,13,2.6390573296152584
TDQ-8617,talenddataquality,5,1.791759469228055
TDQ-8619,talenddataquality,8,2.1972245773362196
TDQ-8620,talenddataquality,20,3.044522437723423
TDQ-8622,talenddataquality,13,2.6390573296152584
TDQ-8623,talenddataquality,1,0.6931471805599453
TDQ-8625,talenddataquality,8,2.1972245773362196
TDQ-8634,talenddataquality,3,1.3862943611198906
TDQ-8636,talenddataquality,5,1.791759469228055
TDQ-8637,talenddataquality,5,1.791759469228055
TDQ-8657,talenddataquality,3,1.3862943611198906
TDQ-8678,talenddataquality,3,1.3862943611198906
TDQ-8689,talenddataquality,8,2.1972245773362196
TDQ-8690,talenddataquality,2,1.0986122886681098
TDQ-8691,talenddataquality,8,2.1972245773362196
TDQ-8695,talenddataquality,5,1.791759469228055
TDQ-8706,talenddataquality,13,2.6390573296152584
TDQ-8717,talenddataquality,1,0.6931471805599453
TDQ-8718,talenddataquality,8,2.1972245773362196
TDQ-8725,talenddataquality,5,1.791759469228055
TDQ-8734,talenddataquality,5,1.791759469228055
TDQ-8737,talenddataquality,13,2.6390573296152584
TDQ-8741,talenddataquality,8,2.1972245773362196
TDQ-8766,talenddataquality,2,1.0986122886681098
TDQ-8771,talenddataquality,2,1.0986122886681098
TDQ-8774,talenddataquality,8,2.1972245773362196
TDQ-8778,talenddataquality,20,3.044522437723423
TDQ-8780,talenddataquality,3,1.3862943611198906
TDQ-8785,talenddataquality,20,3.044522437723423
TDQ-8786,talenddataquality,5,1.791759469228055
TDQ-8787,talenddataquality,20,3.044522437723423
TDQ-8788,talenddataquality,20,3.044522437723423
TDQ-8789,talenddataquality,20,3.044522437723423
TDQ-8790,talenddataquality,5,1.791759469228055
TDQ-8797,talenddataquality,1,0.6931471805599453
TDQ-8805,talenddataquality,8,2.1972245773362196
TDQ-8808,talenddataquality,5,1.791759469228055
TDQ-8810,talenddataquality,2,1.0986122886681098
TDQ-8818,talenddataquality,5,1.791759469228055
TDQ-8830,talenddataquality,3,1.3862943611198906
TDQ-8837,talenddataquality,5,1.791759469228055
TDQ-8839,talenddataquality,5,1.791759469228055
TDQ-8882,talenddataquality,2,1.0986122886681098
TDQ-8970,talenddataquality,20,3.044522437723423
TDQ-8972,talenddataquality,13,2.6390573296152584
TDQ-8979,talenddataquality,1,0.6931471805599453
TDQ-8982,talenddataquality,8,2.1972245773362196
TDQ-9001,talenddataquality,2,1.0986122886681098
TDQ-9004,talenddataquality,5,1.791759469228055
TDQ-9029,talenddataquality,3,1.3862943611198906
TDQ-9050,talenddataquality,1,0.6931471805599453
TDQ-9058,talenddataquality,8,2.1972245773362196
TDQ-9071,talenddataquality,13,2.6390573296152584
TDQ-9089,talenddataquality,2,1.0986122886681098
TDQ-9109,talenddataquality,13,2.6390573296152584
TDQ-9124,talenddataquality,8,2.1972245773362196
TDQ-9130,talenddataquality,2,1.0986122886681098
TDQ-9132,talenddataquality,2,1.0986122886681098
TDQ-9141,talenddataquality,20,3.044522437723423
TDQ-9163,talenddataquality,8,2.1972245773362196
TDQ-9164,talenddataquality,8,2.1972245773362196
TDQ-9172,talenddataquality,3,1.3862943611198906
TDQ-9177,talenddataquality,8,2.1972245773362196
TDQ-9179,talenddataquality,8,2.1972245773362196
TDQ-9183,talenddataquality,13,2.6390573296152584
TDQ-9194,talenddataquality,1,0.6931471805599453
TDQ-9205,talenddataquality,5,1.791759469228055
TDQ-9206,talenddataquality,1,0.6931471805599453
TDQ-9207,talenddataquality,1,0.6931471805599453
TDQ-9211,talenddataquality,5,1.791759469228055
TDQ-9212,talenddataquality,2,1.0986122886681098
TDQ-9214,talenddataquality,2,1.0986122886681098
TDQ-9216,talenddataquality,2,1.0986122886681098
TDQ-9218,talenddataquality,2,1.0986122886681098
TDQ-9229,talenddataquality,8,2.1972245773362196
TDQ-9244,talenddataquality,3,1.3862943611198906
TDQ-9254,talenddataquality,5,1.791759469228055
TDQ-9268,talenddataquality,8,2.1972245773362196
TDQ-9270,talenddataquality,20,3.044522437723423
TDQ-9272,talenddataquality,3,1.3862943611198906
TDQ-9276,talenddataquality,2,1.0986122886681098
TDQ-9282,talenddataquality,8,2.1972245773362196
TDQ-9283,talenddataquality,5,1.791759469228055
TDQ-9284,talenddataquality,8,2.1972245773362196
TDQ-9287,talenddataquality,2,1.0986122886681098
TDQ-9291,talenddataquality,3,1.3862943611198906
TDQ-9294,talenddataquality,5,1.791759469228055
TDQ-9297,talenddataquality,3,1.3862943611198906
TDQ-9300,talenddataquality,8,2.1972245773362196
TDQ-9320,talenddataquality,5,1.791759469228055
TDQ-9322,talenddataquality,5,1.791759469228055
TDQ-9344,talenddataquality,3,1.3862943611198906
TDQ-9355,talenddataquality,8,2.1972245773362196
TDQ-9357,talenddataquality,3,1.3862943611198906
TDQ-9360,talenddataquality,2,1.0986122886681098
TDQ-9364,talenddataquality,5,1.791759469228055
TDQ-9365,talenddataquality,5,1.791759469228055
TDQ-9367,talenddataquality,5,1.791759469228055
TDQ-9373,talenddataquality,2,1.0986122886681098
TDQ-9382,talenddataquality,3,1.3862943611198906
TDQ-9388,talenddataquality,1,0.6931471805599453
TDQ-9391,talenddataquality,3,1.3862943611198906
TDQ-9392,talenddataquality,1,0.6931471805599453
TDQ-9394,talenddataquality,3,1.3862943611198906
TDQ-9405,talenddataquality,20,3.044522437723423
TDQ-9415,talenddataquality,3,1.3862943611198906
TDQ-9423,talenddataquality,2,1.0986122886681098
TDQ-9438,talenddataquality,20,3.044522437723423
TDQ-9453,talenddataquality,3,1.3862943611198906
TDQ-9459,talenddataquality,2,1.0986122886681098
TDQ-9484,talenddataquality,8,2.1972245773362196
TDQ-9485,talenddataquality,3,1.3862943611198906
TDQ-9489,talenddataquality,2,1.0986122886681098
TDQ-9495,talenddataquality,1,0.6931471805599453
TDQ-9498,talenddataquality,13,2.6390573296152584
TDQ-9525,talenddataquality,5,1.791759469228055
TDQ-9526,talenddataquality,5,1.791759469228055
TDQ-9561,talenddataquality,8,2.1972245773362196
TDQ-9571,talenddataquality,5,1.791759469228055
TDQ-9578,talenddataquality,20,3.044522437723423
TDQ-9586,talenddataquality,2,1.0986122886681098
TDQ-9588,talenddataquality,2,1.0986122886681098
TDQ-9598,talenddataquality,5,1.791759469228055
TDQ-9605,talenddataquality,20,3.044522437723423
TDQ-9607,talenddataquality,13,2.6390573296152584
TDQ-9617,talenddataquality,5,1.791759469228055
TDQ-9622,talenddataquality,1,0.6931471805599453
TDQ-9626,talenddataquality,3,1.3862943611198906
TDQ-9650,talenddataquality,1,0.6931471805599453
TDQ-9663,talenddataquality,1,0.6931471805599453
TDQ-9714,talenddataquality,3,1.3862943611198906
TDQ-9716,talenddataquality,5,1.791759469228055
TDQ-9725,talenddataquality,5,1.791759469228055
TDQ-9730,talenddataquality,1,0.6931471805599453
TDQ-9736,talenddataquality,8,2.1972245773362196
TDQ-9742,talenddataquality,2,1.0986122886681098
TDQ-9750,talenddataquality,1,0.6931471805599453
TDQ-9757,talenddataquality,1,0.6931471805599453
TDQ-9764,talenddataquality,2,1.0986122886681098
TDQ-9775,talenddataquality,2,1.0986122886681098
TDQ-9780,talenddataquality,2,1.0986122886681098
TDQ-9784,talenddataquality,3,1.3862943611198906
TDQ-9788,talenddataquality,40,3.713572066704308
TDQ-9810,talenddataquality,5,1.791759469228055
TDQ-9819,talenddataquality,20,3.044522437723423
TDQ-9820,talenddataquality,13,2.6390573296152584
TDQ-9838,talenddataquality,3,1.3862943611198906
TDQ-9840,talenddataquality,13,2.6390573296152584
TDQ-9845,talenddataquality,1,0.6931471805599453
TDQ-9846,talenddataquality,5,1.791759469228055
TDQ-9847,talenddataquality,5,1.791759469228055
TDQ-9872,talenddataquality,8,2.1972245773362196
TDQ-9874,talenddataquality,5,1.791759469228055
TDQ-9894,talenddataquality,8,2.1972245773362196
TDQ-9896,talenddataquality,1,0.6931471805599453
TDQ-9908,talenddataquality,3,1.3862943611198906
TDQ-9911,talenddataquality,8,2.1972245773362196
TDQ-9919,talenddataquality,3,1.3862943611198906
TDQ-9924,talenddataquality,8,2.1972245773362196
TDQ-9929,talenddataquality,10,2.3978952727983707
TDQ-9942,talenddataquality,8,2.1972245773362196
TDQ-9943,talenddataquality,8,2.1972245773362196
TDQ-9946,talenddataquality,8,2.1972245773362196
TDQ-9952,talenddataquality,5,1.791759469228055
TDQ-9953,talenddataquality,13,2.6390573296152584
TDQ-9957,talenddataquality,20,3.044522437723423
TDQ-9967,talenddataquality,2,1.0986122886681098
TDQ-9973,talenddataquality,3,1.3862943611198906
TDQ-9984,talenddataquality,2,1.0986122886681098
TDQ-9985,talenddataquality,8,2.1972245773362196
TDQ-9997,talenddataquality,3,1.3862943611198906
TDQ-10000,talenddataquality,1,0.6931471805599453
TDQ-10005,talenddataquality,5,1.791759469228055
TDQ-10022,talenddataquality,2,1.0986122886681098
TDQ-10028,talenddataquality,2,1.0986122886681098
TDQ-10032,talenddataquality,5,1.791759469228055
TDQ-10039,talenddataquality,2,1.0986122886681098
TDQ-10042,talenddataquality,5,1.791759469228055
TDQ-10044,talenddataquality,2,1.0986122886681098
TDQ-10066,talenddataquality,2,1.0986122886681098
TDQ-10088,talenddataquality,3,1.3862943611198906
TDQ-10089,talenddataquality,5,1.791759469228055
TDQ-10091,talenddataquality,5,1.791759469228055
TDQ-10094,talenddataquality,8,2.1972245773362196
TDQ-10097,talenddataquality,20,3.044522437723423
TDQ-10098,talenddataquality,5,1.791759469228055
TDQ-10102,talenddataquality,2,1.0986122886681098
TDQ-10123,talenddataquality,5,1.791759469228055
TDQ-10129,talenddataquality,5,1.791759469228055
TDQ-10130,talenddataquality,2,1.0986122886681098
TDQ-10140,talenddataquality,10,2.3978952727983707
TDQ-10141,talenddataquality,2,1.0986122886681098
TDQ-10142,talenddataquality,2,1.0986122886681098
TDQ-10144,talenddataquality,2,1.0986122886681098
TDQ-10146,talenddataquality,5,1.791759469228055
TDQ-10147,talenddataquality,3,1.3862943611198906
TDQ-10148,talenddataquality,8,2.1972245773362196
TDQ-10173,talenddataquality,8,2.1972245773362196
TDQ-10182,talenddataquality,20,3.044522437723423
TDQ-10189,talenddataquality,5,1.791759469228055
TDQ-10216,talenddataquality,1,0.6931471805599453
TDQ-10246,talenddataquality,5,1.791759469228055
TDQ-10251,talenddataquality,20,3.044522437723423
TDQ-10263,talenddataquality,2,1.0986122886681098
TDQ-10270,talenddataquality,1,0.6931471805599453
TDQ-10275,talenddataquality,1,0.6931471805599453
TDQ-10280,talenddataquality,2,1.0986122886681098
TDQ-10281,talenddataquality,5,1.791759469228055
TDQ-10284,talenddataquality,2,1.0986122886681098
TDQ-10286,talenddataquality,2,1.0986122886681098
TDQ-10298,talenddataquality,5,1.791759469228055
TDQ-10299,talenddataquality,13,2.6390573296152584
TDQ-10315,talenddataquality,1,0.6931471805599453
TDQ-10325,talenddataquality,20,3.044522437723423
TDQ-10328,talenddataquality,8,2.1972245773362196
TDQ-10331,talenddataquality,13,2.6390573296152584
TDQ-10381,talenddataquality,13,2.6390573296152584
TDQ-10382,talenddataquality,2,1.0986122886681098
TDQ-10405,talenddataquality,13,2.6390573296152584
TESB-1,talendesb,5,1.791759469228055
TESB-2,talendesb,5,1.791759469228055
TESB-3,talendesb,5,1.791759469228055
TESB-4,talendesb,5,1.791759469228055
TESB-5,talendesb,5,1.791759469228055
TESB-6,talendesb,5,1.791759469228055
TESB-33,talendesb,3,1.3862943611198906
TESB-34,talendesb,3,1.3862943611198906
TESB-35,talendesb,8,2.1972245773362196
TESB-36,talendesb,2,1.0986122886681098
TESB-37,talendesb,3,1.3862943611198906
TESB-39,talendesb,5,1.791759469228055
TESB-40,talendesb,2,1.0986122886681098
TESB-53,talendesb,1,0.6931471805599453
TESB-54,talendesb,1,0.6931471805599453
TESB-55,talendesb,1,0.6931471805599453
TESB-56,talendesb,1,0.6931471805599453
TESB-139,talendesb,3,1.3862943611198906
TESB-141,talendesb,5,1.791759469228055
TESB-144,talendesb,2,1.0986122886681098
TESB-151,talendesb,3,1.3862943611198906
TESB-158,talendesb,3,1.3862943611198906
TESB-203,talendesb,5,1.791759469228055
TESB-205,talendesb,3,1.3862943611198906
TESB-208,talendesb,5,1.791759469228055
TESB-209,talendesb,3,1.3862943611198906
TESB-274,talendesb,5,1.791759469228055
TESB-278,talendesb,3,1.3862943611198906
TESB-279,talendesb,3,1.3862943611198906
TESB-280,talendesb,3,1.3862943611198906
TESB-281,talendesb,2,1.0986122886681098
TESB-282,talendesb,3,1.3862943611198906
TESB-368,talendesb,3,1.3862943611198906
TESB-369,talendesb,5,1.791759469228055
TESB-475,talendesb,1,0.6931471805599453
TESB-476,talendesb,3,1.3862943611198906
TESB-478,talendesb,3,1.3862943611198906
TESB-481,talendesb,2,1.0986122886681098
TESB-482,talendesb,1,0.6931471805599453
TESB-483,talendesb,1,0.6931471805599453
TESB-484,talendesb,3,1.3862943611198906
TESB-485,talendesb,2,1.0986122886681098
TESB-486,talendesb,5,1.791759469228055
TESB-528,talendesb,2,1.0986122886681098
TESB-529,talendesb,3,1.3862943611198906
TESB-756,talendesb,3,1.3862943611198906
TESB-762,talendesb,3,1.3862943611198906
TESB-763,talendesb,3,1.3862943611198906
TESB-764,talendesb,3,1.3862943611198906
TESB-766,talendesb,2,1.0986122886681098
TESB-780,talendesb,1,0.6931471805599453
TESB-799,talendesb,5,1.791759469228055
TESB-839,talendesb,1,0.6931471805599453
TESB-875,talendesb,1,0.6931471805599453
TESB-891,talendesb,3,1.3862943611198906
TESB-1017,talendesb,3,1.3862943611198906
TESB-1049,talendesb,2,1.0986122886681098
TESB-1050,talendesb,3,1.3862943611198906
TESB-1051,talendesb,2,1.0986122886681098
TESB-1052,talendesb,2,1.0986122886681098
TESB-1053,talendesb,1,0.6931471805599453
TESB-1054,talendesb,3,1.3862943611198906
TESB-1055,talendesb,3,1.3862943611198906
TESB-1227,talendesb,2,1.0986122886681098
TESB-1233,talendesb,3,1.3862943611198906
TESB-1234,talendesb,2,1.0986122886681098
TESB-1235,talendesb,3,1.3862943611198906
TESB-1276,talendesb,1,0.6931471805599453
TESB-1303,talendesb,1,0.6931471805599453
TESB-1305,talendesb,1,0.6931471805599453
TESB-1306,talendesb,2,1.0986122886681098
TESB-1311,talendesb,1,0.6931471805599453
TESB-1312,talendesb,2,1.0986122886681098
TESB-1323,talendesb,1,0.6931471805599453
TESB-1332,talendesb,1,0.6931471805599453
TESB-1333,talendesb,1,0.6931471805599453
TESB-1334,talendesb,1,0.6931471805599453
TESB-1335,talendesb,1,0.6931471805599453
TESB-1336,talendesb,1,0.6931471805599453
TESB-1337,talendesb,3,1.3862943611198906
TESB-1338,talendesb,3,1.3862943611198906
TESB-1339,talendesb,1,0.6931471805599453
TESB-1440,talendesb,2,1.0986122886681098
TESB-1441,talendesb,5,1.791759469228055
TESB-1442,talendesb,5,1.791759469228055
TESB-1443,talendesb,3,1.3862943611198906
TESB-1444,talendesb,3,1.3862943611198906
TESB-1446,talendesb,3,1.3862943611198906
TESB-1447,talendesb,1,0.6931471805599453
TESB-1452,talendesb,1,0.6931471805599453
TESB-1453,talendesb,3,1.3862943611198906
TESB-1454,talendesb,3,1.3862943611198906
TESB-1459,talendesb,2,1.0986122886681098
TESB-1460,talendesb,5,1.791759469228055
TESB-1461,talendesb,2,1.0986122886681098
TESB-1462,talendesb,2,1.0986122886681098
TESB-1463,talendesb,3,1.3862943611198906
TESB-1577,talendesb,2,1.0986122886681098
TESB-1580,talendesb,5,1.791759469228055
TESB-1582,talendesb,8,2.1972245773362196
TESB-1583,talendesb,5,1.791759469228055
TESB-1584,talendesb,3,1.3862943611198906
TESB-1585,talendesb,3,1.3862943611198906
TESB-1586,talendesb,5,1.791759469228055
TESB-1600,talendesb,1,0.6931471805599453
TESB-1645,talendesb,5,1.791759469228055
TESB-1646,talendesb,5,1.791759469228055
TESB-1648,talendesb,2,1.0986122886681098
TESB-1740,talendesb,2,1.0986122886681098
TESB-1824,talendesb,2,1.0986122886681098
TESB-1928,talendesb,3,1.3862943611198906
TESB-1929,talendesb,2,1.0986122886681098
TESB-1966,talendesb,1,0.6931471805599453
TESB-2023,talendesb,2,1.0986122886681098
TESB-2047,talendesb,1,0.6931471805599453
TESB-2049,talendesb,2,1.0986122886681098
TESB-2066,talendesb,1,0.6931471805599453
TESB-2068,talendesb,3,1.3862943611198906
TESB-2087,talendesb,1,0.6931471805599453
TESB-2090,talendesb,1,0.6931471805599453
TESB-2091,talendesb,2,1.0986122886681098
TESB-2093,talendesb,1,0.6931471805599453
TESB-2109,talendesb,1,0.6931471805599453
TESB-2112,talendesb,1,0.6931471805599453
TESB-2117,talendesb,1,0.6931471805599453
TESB-2127,talendesb,1,0.6931471805599453
TESB-2133,talendesb,1,0.6931471805599453
TESB-2136,talendesb,1,0.6931471805599453
TESB-2137,talendesb,8,2.1972245773362196
TESB-2138,talendesb,3,1.3862943611198906
TESB-2139,talendesb,13,2.6390573296152584
TESB-2140,talendesb,8,2.1972245773362196
TESB-2141,talendesb,8,2.1972245773362196
TESB-2142,talendesb,3,1.3862943611198906
TESB-2143,talendesb,3,1.3862943611198906
TESB-2144,talendesb,5,1.791759469228055
TESB-2155,talendesb,2,1.0986122886681098
TESB-2156,talendesb,3,1.3862943611198906
TESB-2207,talendesb,1,0.6931471805599453
TESB-2216,talendesb,2,1.0986122886681098
TESB-2219,talendesb,2,1.0986122886681098
TESB-2237,talendesb,2,1.0986122886681098
TESB-2253,talendesb,1,0.6931471805599453
TESB-2256,talendesb,2,1.0986122886681098
TESB-2300,talendesb,1,0.6931471805599453
TESB-2302,talendesb,3,1.3862943611198906
TESB-2316,talendesb,1,0.6931471805599453
TESB-2317,talendesb,3,1.3862943611198906
TESB-2318,talendesb,3,1.3862943611198906
TESB-2319,talendesb,3,1.3862943611198906
TESB-2320,talendesb,5,1.791759469228055
TESB-2321,talendesb,3,1.3862943611198906
TESB-2332,talendesb,5,1.791759469228055
TESB-2333,talendesb,3,1.3862943611198906
TESB-2335,talendesb,3,1.3862943611198906
TESB-2336,talendesb,1,0.6931471805599453
TESB-2337,talendesb,1,0.6931471805599453
TESB-2341,talendesb,3,1.3862943611198906
TESB-2359,talendesb,3,1.3862943611198906
TESB-2377,talendesb,5,1.791759469228055
TESB-2378,talendesb,5,1.791759469228055
TESB-2384,talendesb,2,1.0986122886681098
TESB-2389,talendesb,5,1.791759469228055
TESB-2391,talendesb,1,0.6931471805599453
TESB-2401,talendesb,8,2.1972245773362196
TESB-2404,talendesb,2,1.0986122886681098
TESB-2496,talendesb,1,0.6931471805599453
TESB-2498,talendesb,5,1.791759469228055
TESB-2500,talendesb,1,0.6931471805599453
TESB-2513,talendesb,1,0.6931471805599453
TESB-2519,talendesb,1,0.6931471805599453
TESB-2520,talendesb,2,1.0986122886681098
TESB-2521,talendesb,2,1.0986122886681098
TESB-2522,talendesb,1,0.6931471805599453
TESB-2646,talendesb,1,0.6931471805599453
TESB-2666,talendesb,2,1.0986122886681098
TESB-2675,talendesb,1,0.6931471805599453
TESB-2684,talendesb,1,0.6931471805599453
TESB-2685,talendesb,2,1.0986122886681098
TESB-2686,talendesb,5,1.791759469228055
TESB-2687,talendesb,3,1.3862943611198906
TESB-2688,talendesb,2,1.0986122886681098
TESB-2689,talendesb,2,1.0986122886681098
TESB-2690,talendesb,5,1.791759469228055
TESB-2691,talendesb,5,1.791759469228055
TESB-2692,talendesb,5,1.791759469228055
TESB-2701,talendesb,3,1.3862943611198906
TESB-2708,talendesb,1,0.6931471805599453
TESB-2718,talendesb,3,1.3862943611198906
TESB-2719,talendesb,2,1.0986122886681098
TESB-2744,talendesb,2,1.0986122886681098
TESB-2747,talendesb,2,1.0986122886681098
TESB-2752,talendesb,1,0.6931471805599453
TESB-2870,talendesb,1,0.6931471805599453
TESB-2872,talendesb,1,0.6931471805599453
TESB-2936,talendesb,3,1.3862943611198906
TESB-2938,talendesb,3,1.3862943611198906
TESB-2966,talendesb,3,1.3862943611198906
TESB-2971,talendesb,8,2.1972245773362196
TESB-2972,talendesb,2,1.0986122886681098
TESB-2979,talendesb,3,1.3862943611198906
TESB-3007,talendesb,2,1.0986122886681098
TESB-3051,talendesb,2,1.0986122886681098
TESB-3055,talendesb,3,1.3862943611198906
TESB-3056,talendesb,3,1.3862943611198906
TESB-3057,talendesb,8,2.1972245773362196
TESB-3059,talendesb,3,1.3862943611198906
TESB-3060,talendesb,3,1.3862943611198906
TESB-3068,talendesb,3,1.3862943611198906
TESB-3081,talendesb,1,0.6931471805599453
TESB-3104,talendesb,1,0.6931471805599453
TESB-3105,talendesb,1,0.6931471805599453
TESB-3140,talendesb,2,1.0986122886681098
TESB-3241,talendesb,1,0.6931471805599453
TESB-3252,talendesb,3,1.3862943611198906
TESB-3259,talendesb,1,0.6931471805599453
TESB-3278,talendesb,3,1.3862943611198906
TESB-3279,talendesb,1,0.6931471805599453
TESB-3286,talendesb,2,1.0986122886681098
TESB-3287,talendesb,3,1.3862943611198906
TESB-3292,talendesb,1,0.6931471805599453
TESB-3328,talendesb,1,0.6931471805599453
TESB-3351,talendesb,5,1.791759469228055
TESB-3352,talendesb,3,1.3862943611198906
TESB-3356,talendesb,2,1.0986122886681098
TESB-3402,talendesb,1,0.6931471805599453
TESB-3403,talendesb,1,0.6931471805599453
TESB-3407,talendesb,2,1.0986122886681098
TESB-3449,talendesb,1,0.6931471805599453
TESB-3467,talendesb,1,0.6931471805599453
TESB-3470,talendesb,1,0.6931471805599453
TESB-3486,talendesb,2,1.0986122886681098
TESB-3487,talendesb,3,1.3862943611198906
TESB-3494,talendesb,8,2.1972245773362196
TESB-3506,talendesb,1,0.6931471805599453
TESB-3527,talendesb,3,1.3862943611198906
TESB-3531,talendesb,2,1.0986122886681098
TESB-3546,talendesb,2,1.0986122886681098
TESB-3552,talendesb,3,1.3862943611198906
TESB-3553,talendesb,1,0.6931471805599453
TESB-3583,talendesb,2,1.0986122886681098
TESB-3584,talendesb,1,0.6931471805599453
TESB-3587,talendesb,2,1.0986122886681098
TESB-3590,talendesb,1,0.6931471805599453
TESB-3596,talendesb,1,0.6931471805599453
TESB-3645,talendesb,1,0.6931471805599453
TESB-3650,talendesb,1,0.6931471805599453
TESB-3654,talendesb,2,1.0986122886681098
TESB-3663,talendesb,2,1.0986122886681098
TESB-3665,talendesb,2,1.0986122886681098
TESB-3675,talendesb,3,1.3862943611198906
TESB-3678,talendesb,2,1.0986122886681098
TESB-3683,talendesb,1,0.6931471805599453
TESB-3684,talendesb,1,0.6931471805599453
TESB-3685,talendesb,5,1.791759469228055
TESB-3687,talendesb,1,0.6931471805599453
TESB-3688,talendesb,1,0.6931471805599453
TESB-3690,talendesb,1,0.6931471805599453
TESB-3706,talendesb,1,0.6931471805599453
TESB-3708,talendesb,1,0.6931471805599453
TESB-3739,talendesb,1,0.6931471805599453
TESB-3745,talendesb,2,1.0986122886681098
TESB-3746,talendesb,1,0.6931471805599453
TESB-3747,talendesb,1,0.6931471805599453
TESB-3749,talendesb,3,1.3862943611198906
TESB-3756,talendesb,1,0.6931471805599453
TESB-3761,talendesb,1,0.6931471805599453
TESB-3764,talendesb,1,0.6931471805599453
TESB-3765,talendesb,3,1.3862943611198906
TESB-3801,talendesb,3,1.3862943611198906
TESB-3802,talendesb,3,1.3862943611198906
TESB-3803,talendesb,3,1.3862943611198906
TESB-3805,talendesb,1,0.6931471805599453
TESB-3810,talendesb,1,0.6931471805599453
TESB-3822,talendesb,5,1.791759469228055
TESB-3824,talendesb,3,1.3862943611198906
TESB-3837,talendesb,1,0.6931471805599453
TESB-3854,talendesb,1,0.6931471805599453
TESB-3855,talendesb,3,1.3862943611198906
TESB-3856,talendesb,1,0.6931471805599453
TESB-3881,talendesb,1,0.6931471805599453
TESB-3897,talendesb,1,0.6931471805599453
TESB-3898,talendesb,1,0.6931471805599453
TESB-3900,talendesb,1,0.6931471805599453
TESB-3905,talendesb,3,1.3862943611198906
TESB-3909,talendesb,1,0.6931471805599453
TESB-3950,talendesb,2,1.0986122886681098
TESB-3953,talendesb,1,0.6931471805599453
TESB-3958,talendesb,1,0.6931471805599453
TESB-3967,talendesb,2,1.0986122886681098
TESB-3982,talendesb,1,0.6931471805599453
TESB-3983,talendesb,2,1.0986122886681098
TESB-3985,talendesb,5,1.791759469228055
TESB-3993,talendesb,1,0.6931471805599453
TESB-3996,talendesb,1,0.6931471805599453
TESB-4001,talendesb,1,0.6931471805599453
TESB-4012,talendesb,2,1.0986122886681098
TESB-4030,talendesb,1,0.6931471805599453
TESB-4044,talendesb,1,0.6931471805599453
TESB-4061,talendesb,1,0.6931471805599453
TESB-4062,talendesb,1,0.6931471805599453
TESB-4064,talendesb,1,0.6931471805599453
TESB-4116,talendesb,1,0.6931471805599453
TESB-4142,talendesb,1,0.6931471805599453
TESB-4145,talendesb,1,0.6931471805599453
TESB-4209,talendesb,2,1.0986122886681098
TESB-4211,talendesb,3,1.3862943611198906
TESB-4271,talendesb,1,0.6931471805599453
TESB-4275,talendesb,1,0.6931471805599453
TESB-4279,talendesb,1,0.6931471805599453
TESB-4280,talendesb,1,0.6931471805599453
TESB-4283,talendesb,1,0.6931471805599453
TESB-4287,talendesb,1,0.6931471805599453
TESB-4288,talendesb,1,0.6931471805599453
TESB-4291,talendesb,3,1.3862943611198906
TESB-4292,talendesb,3,1.3862943611198906
TESB-4298,talendesb,2,1.0986122886681098
TESB-4300,talendesb,1,0.6931471805599453
TESB-4303,talendesb,1,0.6931471805599453
TESB-4304,talendesb,1,0.6931471805599453
TESB-4314,talendesb,2,1.0986122886681098
TESB-4315,talendesb,1,0.6931471805599453
TESB-4318,talendesb,3,1.3862943611198906
TESB-4327,talendesb,2,1.0986122886681098
TESB-4330,talendesb,2,1.0986122886681098
TESB-4331,talendesb,2,1.0986122886681098
TESB-4334,talendesb,1,0.6931471805599453
TESB-4335,talendesb,2,1.0986122886681098
TESB-4336,talendesb,2,1.0986122886681098
TESB-4338,talendesb,2,1.0986122886681098
TESB-4339,talendesb,2,1.0986122886681098
TESB-4349,talendesb,3,1.3862943611198906
TESB-4414,talendesb,3,1.3862943611198906
TESB-4436,talendesb,1,0.6931471805599453
TESB-4437,talendesb,1,0.6931471805599453
TESB-4472,talendesb,3,1.3862943611198906
TESB-4473,talendesb,3,1.3862943611198906
TESB-4478,talendesb,2,1.0986122886681098
TESB-4483,talendesb,3,1.3862943611198906
TESB-4484,talendesb,1,0.6931471805599453
TESB-4508,talendesb,3,1.3862943611198906
TESB-4539,talendesb,3,1.3862943611198906
TESB-4568,talendesb,3,1.3862943611198906
TESB-4593,talendesb,2,1.0986122886681098
TESB-4672,talendesb,3,1.3862943611198906
TESB-4750,talendesb,2,1.0986122886681098
TESB-4767,talendesb,5,1.791759469228055
TESB-4769,talendesb,2,1.0986122886681098
TESB-4771,talendesb,1,0.6931471805599453
TESB-4773,talendesb,3,1.3862943611198906
TESB-4805,talendesb,1,0.6931471805599453
TESB-4832,talendesb,5,1.791759469228055
TESB-4834,talendesb,8,2.1972245773362196
TESB-4913,talendesb,1,0.6931471805599453
TESB-4932,talendesb,2,1.0986122886681098
TESB-4973,talendesb,1,0.6931471805599453
TESB-4988,talendesb,1,0.6931471805599453
TESB-4992,talendesb,1,0.6931471805599453
TESB-4993,talendesb,1,0.6931471805599453
TESB-4997,talendesb,10,2.3978952727983707
TESB-4998,talendesb,5,1.791759469228055
TESB-5009,talendesb,1,0.6931471805599453
TESB-5011,talendesb,3,1.3862943611198906
TESB-5012,talendesb,1,0.6931471805599453
TESB-5017,talendesb,3,1.3862943611198906
TESB-5058,talendesb,2,1.0986122886681098
TESB-5064,talendesb,1,0.6931471805599453
TESB-5071,talendesb,3,1.3862943611198906
TESB-5072,talendesb,3,1.3862943611198906
TESB-5079,talendesb,2,1.0986122886681098
TESB-5091,talendesb,1,0.6931471805599453
TESB-5123,talendesb,1,0.6931471805599453
TESB-5142,talendesb,1,0.6931471805599453
TESB-5154,talendesb,1,0.6931471805599453
TESB-5157,talendesb,1,0.6931471805599453
TESB-5162,talendesb,1,0.6931471805599453
TESB-5169,talendesb,2,1.0986122886681098
TESB-5170,talendesb,2,1.0986122886681098
TESB-5215,talendesb,1,0.6931471805599453
TESB-5229,talendesb,1,0.6931471805599453
TESB-5235,talendesb,2,1.0986122886681098
TESB-5236,talendesb,1,0.6931471805599453
TESB-5237,talendesb,1,0.6931471805599453
TESB-5238,talendesb,1,0.6931471805599453
TESB-5240,talendesb,1,0.6931471805599453
TESB-5241,talendesb,1,0.6931471805599453
TESB-5243,talendesb,3,1.3862943611198906
TESB-5252,talendesb,1,0.6931471805599453
TESB-5258,talendesb,3,1.3862943611198906
TESB-5259,talendesb,5,1.791759469228055
TESB-5265,talendesb,1,0.6931471805599453
TESB-5269,talendesb,1,0.6931471805599453
TESB-5323,talendesb,2,1.0986122886681098
TESB-5324,talendesb,1,0.6931471805599453
TESB-5326,talendesb,3,1.3862943611198906
TESB-5328,talendesb,2,1.0986122886681098
TESB-5329,talendesb,2,1.0986122886681098
TESB-5330,talendesb,1,0.6931471805599453
TESB-5331,talendesb,1,0.6931471805599453
TESB-5332,talendesb,1,0.6931471805599453
TESB-5334,talendesb,2,1.0986122886681098
TESB-5343,talendesb,5,1.791759469228055
TESB-5344,talendesb,2,1.0986122886681098
TESB-5374,talendesb,2,1.0986122886681098
TESB-5434,talendesb,1,0.6931471805599453
TESB-5444,talendesb,1,0.6931471805599453
TESB-5509,talendesb,1,0.6931471805599453
TESB-5512,talendesb,1,0.6931471805599453
TESB-5517,talendesb,1,0.6931471805599453
TESB-5519,talendesb,1,0.6931471805599453
TESB-5520,talendesb,2,1.0986122886681098
TESB-5521,talendesb,1,0.6931471805599453
TESB-5529,talendesb,2,1.0986122886681098
TESB-5594,talendesb,3,1.3862943611198906
TESB-5620,talendesb,1,0.6931471805599453
TESB-5626,talendesb,1,0.6931471805599453
TESB-5664,talendesb,1,0.6931471805599453
TESB-5678,talendesb,2,1.0986122886681098
TESB-5685,talendesb,1,0.6931471805599453
TESB-5704,talendesb,1,0.6931471805599453
TESB-5706,talendesb,1,0.6931471805599453
TESB-5709,talendesb,2,1.0986122886681098
TESB-5720,talendesb,1,0.6931471805599453
TESB-5752,talendesb,1,0.6931471805599453
TESB-5762,talendesb,1,0.6931471805599453
TESB-5763,talendesb,1,0.6931471805599453
TESB-5773,talendesb,1,0.6931471805599453
TESB-5774,talendesb,1,0.6931471805599453
TESB-5777,talendesb,1,0.6931471805599453
TESB-5791,talendesb,3,1.3862943611198906
TESB-5792,talendesb,2,1.0986122886681098
TESB-5832,talendesb,1,0.6931471805599453
TESB-5887,talendesb,3,1.3862943611198906
TESB-5889,talendesb,1,0.6931471805599453
TESB-5916,talendesb,1,0.6931471805599453
TESB-5928,talendesb,1,0.6931471805599453
TESB-5942,talendesb,1,0.6931471805599453
TESB-5953,talendesb,3,1.3862943611198906
TESB-6049,talendesb,1,0.6931471805599453
TESB-6060,talendesb,1,0.6931471805599453
TESB-6071,talendesb,1,0.6931471805599453
TESB-6081,talendesb,1,0.6931471805599453
TESB-6084,talendesb,2,1.0986122886681098
TESB-6085,talendesb,2,1.0986122886681098
TESB-6086,talendesb,3,1.3862943611198906
TESB-6092,talendesb,1,0.6931471805599453
TESB-6093,talendesb,1,0.6931471805599453
TESB-6094,talendesb,1,0.6931471805599453
TESB-6095,talendesb,1,0.6931471805599453
TESB-6106,talendesb,5,1.791759469228055
TESB-6145,talendesb,3,1.3862943611198906
TESB-6190,talendesb,1,0.6931471805599453
TESB-6191,talendesb,5,1.791759469228055
TESB-6192,talendesb,5,1.791759469228055
TESB-6193,talendesb,3,1.3862943611198906
TESB-6194,talendesb,1,0.6931471805599453
TESB-6195,talendesb,2,1.0986122886681098
TESB-6233,talendesb,1,0.6931471805599453
TESB-6240,talendesb,1,0.6931471805599453
TESB-6265,talendesb,2,1.0986122886681098
TESB-6277,talendesb,3,1.3862943611198906
TESB-6311,talendesb,1,0.6931471805599453
TESB-6331,talendesb,3,1.3862943611198906
TESB-6332,talendesb,5,1.791759469228055
TESB-6365,talendesb,2,1.0986122886681098
TESB-6366,talendesb,1,0.6931471805599453
TESB-6367,talendesb,1,0.6931471805599453
TESB-6372,talendesb,2,1.0986122886681098
TESB-6386,talendesb,3,1.3862943611198906
TESB-6387,talendesb,3,1.3862943611198906
TESB-6388,talendesb,2,1.0986122886681098
TESB-6401,talendesb,2,1.0986122886681098
TESB-6421,talendesb,1,0.6931471805599453
TESB-6439,talendesb,1,0.6931471805599453
TESB-6448,talendesb,1,0.6931471805599453
TESB-6452,talendesb,2,1.0986122886681098
TESB-6453,talendesb,2,1.0986122886681098
TESB-6455,talendesb,1,0.6931471805599453
TESB-6507,talendesb,1,0.6931471805599453
TESB-6508,talendesb,5,1.791759469228055
TESB-6517,talendesb,2,1.0986122886681098
TESB-6527,talendesb,2,1.0986122886681098
TESB-6531,talendesb,2,1.0986122886681098
TESB-6574,talendesb,1,0.6931471805599453
TESB-6587,talendesb,1,0.6931471805599453
TESB-6625,talendesb,1,0.6931471805599453
TESB-6667,talendesb,1,0.6931471805599453
TESB-6674,talendesb,2,1.0986122886681098
TESB-6683,talendesb,1,0.6931471805599453
TESB-6700,talendesb,2,1.0986122886681098
TESB-6707,talendesb,2,1.0986122886681098
TESB-6710,talendesb,2,1.0986122886681098
TESB-6715,talendesb,2,1.0986122886681098
TESB-6727,talendesb,2,1.0986122886681098
TESB-6728,talendesb,2,1.0986122886681098
TESB-6729,talendesb,5,1.791759469228055
TESB-6781,talendesb,1,0.6931471805599453
TESB-6786,talendesb,2,1.0986122886681098
TESB-6787,talendesb,3,1.3862943611198906
TESB-6788,talendesb,3,1.3862943611198906
TESB-6789,talendesb,2,1.0986122886681098
TESB-6790,talendesb,2,1.0986122886681098
TESB-6791,talendesb,2,1.0986122886681098
TESB-6864,talendesb,1,0.6931471805599453
TESB-6871,talendesb,1,0.6931471805599453
TESB-6878,talendesb,2,1.0986122886681098
TESB-6922,talendesb,2,1.0986122886681098
TESB-6923,talendesb,5,1.791759469228055
TESB-6925,talendesb,3,1.3862943611198906
TESB-6926,talendesb,2,1.0986122886681098
TESB-6928,talendesb,3,1.3862943611198906
TESB-6934,talendesb,2,1.0986122886681098
TESB-6964,talendesb,2,1.0986122886681098
TESB-6966,talendesb,2,1.0986122886681098
TESB-6967,talendesb,3,1.3862943611198906
TESB-6983,talendesb,2,1.0986122886681098
TESB-7042,talendesb,1,0.6931471805599453
TESB-7061,talendesb,1,0.6931471805599453
TESB-7068,talendesb,3,1.3862943611198906
TESB-7115,talendesb,2,1.0986122886681098
TESB-7116,talendesb,2,1.0986122886681098
TESB-7117,talendesb,1,0.6931471805599453
TESB-7126,talendesb,1,0.6931471805599453
TESB-7139,talendesb,1,0.6931471805599453
TESB-7157,talendesb,2,1.0986122886681098
TESB-7159,talendesb,2,1.0986122886681098
TESB-7160,talendesb,2,1.0986122886681098
TESB-7162,talendesb,1,0.6931471805599453
TESB-7163,talendesb,1,0.6931471805599453
TESB-7165,talendesb,1,0.6931471805599453
TESB-7250,talendesb,1,0.6931471805599453
TESB-7260,talendesb,2,1.0986122886681098
TESB-7271,talendesb,1,0.6931471805599453
TESB-7276,talendesb,1,0.6931471805599453
TESB-7280,talendesb,1,0.6931471805599453
TESB-7285,talendesb,1,0.6931471805599453
TESB-7333,talendesb,2,1.0986122886681098
TESB-7337,talendesb,2,1.0986122886681098
TESB-7342,talendesb,1,0.6931471805599453
TESB-7354,talendesb,3,1.3862943611198906
TESB-7359,talendesb,3,1.3862943611198906
TESB-7360,talendesb,3,1.3862943611198906
TESB-7361,talendesb,2,1.0986122886681098
TESB-7362,talendesb,2,1.0986122886681098
TESB-7373,talendesb,2,1.0986122886681098
TESB-7374,talendesb,3,1.3862943611198906
TESB-7375,talendesb,5,1.791759469228055
TESB-7378,talendesb,1,0.6931471805599453
TESB-7379,talendesb,3,1.3862943611198906
TESB-7521,talendesb,1,0.6931471805599453
TESB-7522,talendesb,2,1.0986122886681098
TESB-7577,talendesb,1,0.6931471805599453
TESB-7621,talendesb,1,0.6931471805599453
TESB-7629,talendesb,2,1.0986122886681098
TESB-7630,talendesb,1,0.6931471805599453
TESB-7631,talendesb,1,0.6931471805599453
TESB-7684,talendesb,1,0.6931471805599453
TESB-7706,talendesb,1,0.6931471805599453
TESB-7707,talendesb,1,0.6931471805599453
TESB-7756,talendesb,2,1.0986122886681098
TESB-7759,talendesb,1,0.6931471805599453
TESB-7760,talendesb,2,1.0986122886681098
TESB-7761,talendesb,5,1.791759469228055
TESB-7789,talendesb,2,1.0986122886681098
TESB-7793,talendesb,3,1.3862943611198906
TESB-7832,talendesb,1,0.6931471805599453
TESB-7851,talendesb,1,0.6931471805599453
TESB-7853,talendesb,2,1.0986122886681098
TESB-7854,talendesb,8,2.1972245773362196
TESB-7855,talendesb,3,1.3862943611198906
TESB-7856,talendesb,3,1.3862943611198906
TESB-7857,talendesb,3,1.3862943611198906
TESB-7859,talendesb,3,1.3862943611198906
TESB-7876,talendesb,2,1.0986122886681098
TESB-7883,talendesb,2,1.0986122886681098
TESB-7918,talendesb,3,1.3862943611198906
TESB-7919,talendesb,2,1.0986122886681098
TESB-7920,talendesb,3,1.3862943611198906
TESB-7925,talendesb,2,1.0986122886681098
TESB-7974,talendesb,2,1.0986122886681098
TESB-8002,talendesb,2,1.0986122886681098
TESB-8009,talendesb,3,1.3862943611198906
TESB-8061,talendesb,1,0.6931471805599453
TESB-8062,talendesb,2,1.0986122886681098
TESB-8063,talendesb,3,1.3862943611198906
TESB-8064,talendesb,2,1.0986122886681098
TESB-8066,talendesb,1,0.6931471805599453
TESB-8069,talendesb,3,1.3862943611198906
TESB-8070,talendesb,2,1.0986122886681098
TESB-8074,talendesb,2,1.0986122886681098
TESB-8081,talendesb,1,0.6931471805599453
TESB-8082,talendesb,5,1.791759469228055
TESB-8084,talendesb,3,1.3862943611198906
TESB-8090,talendesb,3,1.3862943611198906
TESB-8104,talendesb,2,1.0986122886681098
TESB-8109,talendesb,3,1.3862943611198906
TESB-8123,talendesb,5,1.791759469228055
TESB-8124,talendesb,3,1.3862943611198906
TESB-8125,talendesb,1,0.6931471805599453
TESB-8126,talendesb,1,0.6931471805599453
TESB-8136,talendesb,1,0.6931471805599453
TESB-8273,talendesb,3,1.3862943611198906
TESB-8305,talendesb,2,1.0986122886681098
TESB-8329,talendesb,1,0.6931471805599453
TESB-8330,talendesb,2,1.0986122886681098
TESB-8342,talendesb,2,1.0986122886681098
TESB-8343,talendesb,2,1.0986122886681098
TESB-8344,talendesb,3,1.3862943611198906
TESB-8356,talendesb,2,1.0986122886681098
TESB-8357,talendesb,1,0.6931471805599453
TESB-8359,talendesb,1,0.6931471805599453
TESB-8360,talendesb,1,0.6931471805599453
TESB-8361,talendesb,1,0.6931471805599453
TESB-8366,talendesb,1,0.6931471805599453
TESB-8367,talendesb,2,1.0986122886681098
TESB-8368,talendesb,2,1.0986122886681098
TESB-8369,talendesb,3,1.3862943611198906
TESB-8370,talendesb,3,1.3862943611198906
TESB-8372,talendesb,2,1.0986122886681098
TESB-8373,talendesb,1,0.6931471805599453
TESB-8402,talendesb,2,1.0986122886681098
TESB-8456,talendesb,2,1.0986122886681098
TESB-8570,talendesb,1,0.6931471805599453
TESB-8579,talendesb,1,0.6931471805599453
TESB-8605,talendesb,5,1.791759469228055
TESB-8606,talendesb,3,1.3862943611198906
TESB-8607,talendesb,2,1.0986122886681098
TESB-8608,talendesb,5,1.791759469228055
TESB-8637,talendesb,3,1.3862943611198906
TESB-8639,talendesb,3,1.3862943611198906
TESB-8640,talendesb,2,1.0986122886681098
TESB-8641,talendesb,3,1.3862943611198906
TESB-8642,talendesb,2,1.0986122886681098
TESB-8644,talendesb,1,0.6931471805599453
TESB-8645,talendesb,1,0.6931471805599453
TESB-8708,talendesb,1,0.6931471805599453
TESB-8734,talendesb,1,0.6931471805599453
TESB-8887,talendesb,1,0.6931471805599453
TESB-8904,talendesb,1,0.6931471805599453
TESB-8910,talendesb,3,1.3862943611198906
TESB-8953,talendesb,2,1.0986122886681098
TESB-8968,talendesb,1,0.6931471805599453
TESB-8971,talendesb,1,0.6931471805599453
TESB-8973,talendesb,1,0.6931471805599453
TESB-9001,talendesb,2,1.0986122886681098
TESB-9005,talendesb,1,0.6931471805599453
TESB-9055,talendesb,1,0.6931471805599453
TESB-9072,talendesb,1,0.6931471805599453
TESB-9100,talendesb,1,0.6931471805599453
TESB-9186,talendesb,2,1.0986122886681098
TESB-9288,talendesb,1,0.6931471805599453
TESB-9298,talendesb,2,1.0986122886681098
TESB-9303,talendesb,1,0.6931471805599453
TESB-9305,talendesb,1,0.6931471805599453
TESB-9310,talendesb,1,0.6931471805599453
TESB-9311,talendesb,5,1.791759469228055
TESB-9312,talendesb,1,0.6931471805599453
TESB-9317,talendesb,1,0.6931471805599453
TESB-9318,talendesb,2,1.0986122886681098
TESB-9327,talendesb,1,0.6931471805599453
TESB-9328,talendesb,1,0.6931471805599453
TESB-9333,talendesb,1,0.6931471805599453
TESB-9334,talendesb,2,1.0986122886681098
TESB-9342,talendesb,1,0.6931471805599453
TESB-9345,talendesb,2,1.0986122886681098
TESB-9347,talendesb,3,1.3862943611198906
TESB-9353,talendesb,1,0.6931471805599453
TESB-9354,talendesb,2,1.0986122886681098
TESB-9355,talendesb,2,1.0986122886681098
TESB-9358,talendesb,1,0.6931471805599453
TESB-9359,talendesb,1,0.6931471805599453
TESB-9453,talendesb,1,0.6931471805599453
TESB-9479,talendesb,3,1.3862943611198906
TESB-9530,talendesb,1,0.6931471805599453
TESB-9629,talendesb,2,1.0986122886681098
TESB-9642,talendesb,1,0.6931471805599453
TESB-9644,talendesb,2,1.0986122886681098
TESB-9645,talendesb,2,1.0986122886681098
TESB-9647,talendesb,1,0.6931471805599453
TESB-9653,talendesb,2,1.0986122886681098
TESB-9665,talendesb,1,0.6931471805599453
TESB-9879,talendesb,2,1.0986122886681098
TESB-10008,talendesb,2,1.0986122886681098
TESB-10036,talendesb,3,1.3862943611198906
TESB-10037,talendesb,3,1.3862943611198906
TESB-10057,talendesb,3,1.3862943611198906
TESB-10058,talendesb,2,1.0986122886681098
TESB-10063,talendesb,2,1.0986122886681098
TESB-10065,talendesb,1,0.6931471805599453
TESB-10109,talendesb,1,0.6931471805599453
TESB-10122,talendesb,1,0.6931471805599453
TESB-10129,talendesb,13,2.6390573296152584
TESB-10183,talendesb,1,0.6931471805599453
TESB-10207,talendesb,5,1.791759469228055
TIMOB-559,titanium,3,1.3862943611198906
TIMOB-684,titanium,2,1.0986122886681098
TIMOB-1097,titanium,2,1.0986122886681098
TIMOB-1242,titanium,5,1.791759469228055
TIMOB-1800,titanium,2,1.0986122886681098
TIMOB-1872,titanium,2,1.0986122886681098
TIMOB-1902,titanium,1,0.6931471805599453
TIMOB-2017,titanium,1,0.6931471805599453
TIMOB-2099,titanium,1,0.6931471805599453
TIMOB-2122,titanium,3,1.3862943611198906
TIMOB-2209,titanium,3,1.3862943611198906
TIMOB-2231,titanium,34,3.5553480614894135
TIMOB-2363,titanium,3,1.3862943611198906
TIMOB-2484,titanium,1,0.6931471805599453
TIMOB-2527,titanium,5,1.791759469228055
TIMOB-2646,titanium,3,1.3862943611198906
TIMOB-2653,titanium,3,1.3862943611198906
TIMOB-2662,titanium,3,1.3862943611198906
TIMOB-2705,titanium,1,0.6931471805599453
TIMOB-2733,titanium,3,1.3862943611198906
TIMOB-2760,titanium,3,1.3862943611198906
TIMOB-2782,titanium,3,1.3862943611198906
TIMOB-2801,titanium,2,1.0986122886681098
TIMOB-2908,titanium,2,1.0986122886681098
TIMOB-3162,titanium,1,0.6931471805599453
TIMOB-3180,titanium,3,1.3862943611198906
TIMOB-3186,titanium,3,1.3862943611198906
TIMOB-3286,titanium,1,0.6931471805599453
TIMOB-3432,titanium,1,0.6931471805599453
TIMOB-3541,titanium,8,2.1972245773362196
TIMOB-3569,titanium,2,1.0986122886681098
TIMOB-3588,titanium,1,0.6931471805599453
TIMOB-3594,titanium,1,0.6931471805599453
TIMOB-4063,titanium,2,1.0986122886681098
TIMOB-4162,titanium,3,1.3862943611198906
TIMOB-4244,titanium,1,0.6931471805599453
TIMOB-4274,titanium,3,1.3862943611198906
TIMOB-4388,titanium,2,1.0986122886681098
TIMOB-4510,titanium,3,1.3862943611198906
TIMOB-4521,titanium,2,1.0986122886681098
TIMOB-4644,titanium,3,1.3862943611198906
TIMOB-4730,titanium,2,1.0986122886681098
TIMOB-4800,titanium,2,1.0986122886681098
TIMOB-4865,titanium,5,1.791759469228055
TIMOB-5010,titanium,3,1.3862943611198906
TIMOB-5162,titanium,3,1.3862943611198906
TIMOB-5233,titanium,1,0.6931471805599453
TIMOB-5303,titanium,1,0.6931471805599453
TIMOB-5438,titanium,3,1.3862943611198906
TIMOB-5749,titanium,3,1.3862943611198906
TIMOB-5769,titanium,34,3.5553480614894135
TIMOB-5799,titanium,3,1.3862943611198906
TIMOB-5812,titanium,8,2.1972245773362196
TIMOB-5817,titanium,3,1.3862943611198906
TIMOB-5823,titanium,8,2.1972245773362196
TIMOB-5837,titanium,2,1.0986122886681098
TIMOB-5989,titanium,2,1.0986122886681098
TIMOB-6038,titanium,1,0.6931471805599453
TIMOB-6060,titanium,5,1.791759469228055
TIMOB-6245,titanium,3,1.3862943611198906
TIMOB-6292,titanium,3,1.3862943611198906
TIMOB-6423,titanium,3,1.3862943611198906
TIMOB-6493,titanium,3,1.3862943611198906
TIMOB-6500,titanium,5,1.791759469228055
TIMOB-6666,titanium,3,1.3862943611198906
TIMOB-6845,titanium,3,1.3862943611198906
TIMOB-6860,titanium,3,1.3862943611198906
TIMOB-6922,titanium,2,1.0986122886681098
TIMOB-7124,titanium,2,1.0986122886681098
TIMOB-7143,titanium,1,0.6931471805599453
TIMOB-7152,titanium,1,0.6931471805599453
TIMOB-7233,titanium,3,1.3862943611198906
TIMOB-7246,titanium,21,3.091042453358316
TIMOB-7249,titanium,1,0.6931471805599453
TIMOB-7259,titanium,1,0.6931471805599453
TIMOB-7301,titanium,5,1.791759469228055
TIMOB-7333,titanium,2,1.0986122886681098
TIMOB-7334,titanium,1,0.6931471805599453
TIMOB-7365,titanium,1,0.6931471805599453
TIMOB-7391,titanium,1,0.6931471805599453
TIMOB-7393,titanium,1,0.6931471805599453
TIMOB-7412,titanium,2,1.0986122886681098
TIMOB-7421,titanium,3,1.3862943611198906
TIMOB-7424,titanium,2,1.0986122886681098
TIMOB-7458,titanium,1,0.6931471805599453
TIMOB-7467,titanium,8,2.1972245773362196
TIMOB-7486,titanium,1,0.6931471805599453
TIMOB-7536,titanium,1,0.6931471805599453
TIMOB-7559,titanium,2,1.0986122886681098
TIMOB-7584,titanium,3,1.3862943611198906
TIMOB-7586,titanium,1,0.6931471805599453
TIMOB-7607,titanium,1,0.6931471805599453
TIMOB-7624,titanium,1,0.6931471805599453
TIMOB-7627,titanium,1,0.6931471805599453
TIMOB-7642,titanium,2,1.0986122886681098
TIMOB-7643,titanium,5,1.791759469228055
TIMOB-7644,titanium,1,0.6931471805599453
TIMOB-7652,titanium,1,0.6931471805599453
TIMOB-7657,titanium,1,0.6931471805599453
TIMOB-7659,titanium,1,0.6931471805599453
TIMOB-7660,titanium,1,0.6931471805599453
TIMOB-7661,titanium,1,0.6931471805599453
TIMOB-7664,titanium,3,1.3862943611198906
TIMOB-7700,titanium,1,0.6931471805599453
TIMOB-7806,titanium,1,0.6931471805599453
TIMOB-7816,titanium,3,1.3862943611198906
TIMOB-7833,titanium,1,0.6931471805599453
TIMOB-7862,titanium,1,0.6931471805599453
TIMOB-7865,titanium,1,0.6931471805599453
TIMOB-7897,titanium,1,0.6931471805599453
TIMOB-7948,titanium,1,0.6931471805599453
TIMOB-7967,titanium,1,0.6931471805599453
TIMOB-7968,titanium,1,0.6931471805599453
TIMOB-8048,titanium,2,1.0986122886681098
TIMOB-8066,titanium,2,1.0986122886681098
TIMOB-8075,titanium,2,1.0986122886681098
TIMOB-8076,titanium,5,1.791759469228055
TIMOB-8077,titanium,2,1.0986122886681098
TIMOB-8094,titanium,3,1.3862943611198906
TIMOB-8100,titanium,2,1.0986122886681098
TIMOB-8113,titanium,3,1.3862943611198906
TIMOB-8127,titanium,1,0.6931471805599453
TIMOB-8136,titanium,2,1.0986122886681098
TIMOB-8172,titanium,4,1.6094379124341003
TIMOB-8173,titanium,2,1.0986122886681098
TIMOB-8185,titanium,5,1.791759469228055
TIMOB-8186,titanium,3,1.3862943611198906
TIMOB-8200,titanium,4,1.6094379124341003
TIMOB-8241,titanium,5,1.791759469228055
TIMOB-8243,titanium,2,1.0986122886681098
TIMOB-8293,titanium,1,0.6931471805599453
TIMOB-8301,titanium,2,1.0986122886681098
TIMOB-8303,titanium,1,0.6931471805599453
TIMOB-8306,titanium,3,1.3862943611198906
TIMOB-8308,titanium,1,0.6931471805599453
TIMOB-8314,titanium,3,1.3862943611198906
TIMOB-8326,titanium,3,1.3862943611198906
TIMOB-8332,titanium,3,1.3862943611198906
TIMOB-8342,titanium,1,0.6931471805599453
TIMOB-8346,titanium,1,0.6931471805599453
TIMOB-8362,titanium,3,1.3862943611198906
TIMOB-8368,titanium,1,0.6931471805599453
TIMOB-8383,titanium,1,0.6931471805599453
TIMOB-8414,titanium,1,0.6931471805599453
TIMOB-8417,titanium,1,0.6931471805599453
TIMOB-8418,titanium,2,1.0986122886681098
TIMOB-8425,titanium,1,0.6931471805599453
TIMOB-8431,titanium,1,0.6931471805599453
TIMOB-8437,titanium,3,1.3862943611198906
TIMOB-8439,titanium,2,1.0986122886681098
TIMOB-8455,titanium,1,0.6931471805599453
TIMOB-8459,titanium,1,0.6931471805599453
TIMOB-8465,titanium,1,0.6931471805599453
TIMOB-8470,titanium,1,0.6931471805599453
TIMOB-8472,titanium,1,0.6931471805599453
TIMOB-8484,titanium,3,1.3862943611198906
TIMOB-8486,titanium,2,1.0986122886681098
TIMOB-8492,titanium,2,1.0986122886681098
TIMOB-8505,titanium,1,0.6931471805599453
TIMOB-8513,titanium,2,1.0986122886681098
TIMOB-8515,titanium,3,1.3862943611198906
TIMOB-8549,titanium,5,1.791759469228055
TIMOB-8558,titanium,2,1.0986122886681098
TIMOB-8562,titanium,3,1.3862943611198906
TIMOB-8563,titanium,2,1.0986122886681098
TIMOB-8564,titanium,7,2.0794415416798357
TIMOB-8565,titanium,2,1.0986122886681098
TIMOB-8566,titanium,3,1.3862943611198906
TIMOB-8567,titanium,10,2.3978952727983707
TIMOB-8568,titanium,3,1.3862943611198906
TIMOB-8569,titanium,20,3.044522437723423
TIMOB-8570,titanium,5,1.791759469228055
TIMOB-8572,titanium,20,3.044522437723423
TIMOB-8573,titanium,3,1.3862943611198906
TIMOB-8574,titanium,19,2.995732273553991
TIMOB-8576,titanium,2,1.0986122886681098
TIMOB-8577,titanium,20,3.044522437723423
TIMOB-8579,titanium,8,2.1972245773362196
TIMOB-8580,titanium,17,2.8903717578961645
TIMOB-8582,titanium,17,2.8903717578961645
TIMOB-8583,titanium,19,2.995732273553991
TIMOB-8585,titanium,20,3.044522437723423
TIMOB-8587,titanium,8,2.1972245773362196
TIMOB-8589,titanium,8,2.1972245773362196
TIMOB-8591,titanium,17,2.8903717578961645
TIMOB-8592,titanium,17,2.8903717578961645
TIMOB-8593,titanium,15,2.772588722239781
TIMOB-8594,titanium,20,3.044522437723423
TIMOB-8597,titanium,30,3.4339872044851463
TIMOB-8598,titanium,2,1.0986122886681098
TIMOB-8602,titanium,20,3.044522437723423
TIMOB-8610,titanium,2,1.0986122886681098
TIMOB-8621,titanium,1,0.6931471805599453
TIMOB-8653,titanium,5,1.791759469228055
TIMOB-8658,titanium,2,1.0986122886681098
TIMOB-8662,titanium,5,1.791759469228055
TIMOB-8665,titanium,3,1.3862943611198906
TIMOB-8680,titanium,5,1.791759469228055
TIMOB-8681,titanium,5,1.791759469228055
TIMOB-8710,titanium,1,0.6931471805599453
TIMOB-8714,titanium,1,0.6931471805599453
TIMOB-8718,titanium,3,1.3862943611198906
TIMOB-8721,titanium,15,2.772588722239781
TIMOB-8730,titanium,1,0.6931471805599453
TIMOB-8743,titanium,2,1.0986122886681098
TIMOB-8745,titanium,3,1.3862943611198906
TIMOB-8772,titanium,2,1.0986122886681098
TIMOB-8775,titanium,2,1.0986122886681098
TIMOB-8784,titanium,20,3.044522437723423
TIMOB-8785,titanium,8,2.1972245773362196
TIMOB-8788,titanium,20,3.044522437723423
TIMOB-8800,titanium,2,1.0986122886681098
TIMOB-8809,titanium,17,2.8903717578961645
TIMOB-8810,titanium,5,1.791759469228055
TIMOB-8811,titanium,8,2.1972245773362196
TIMOB-8812,titanium,15,2.772588722239781
TIMOB-8813,titanium,3,1.3862943611198906
TIMOB-8815,titanium,8,2.1972245773362196
TIMOB-8820,titanium,8,2.1972245773362196
TIMOB-8821,titanium,10,2.3978952727983707
TIMOB-8824,titanium,15,2.772588722239781
TIMOB-8825,titanium,5,1.791759469228055
TIMOB-8826,titanium,10,2.3978952727983707
TIMOB-8830,titanium,5,1.791759469228055
TIMOB-8831,titanium,17,2.8903717578961645
TIMOB-8832,titanium,17,2.8903717578961645
TIMOB-8833,titanium,15,2.772588722239781
TIMOB-8834,titanium,2,1.0986122886681098
TIMOB-8835,titanium,5,1.791759469228055
TIMOB-8836,titanium,5,1.791759469228055
TIMOB-8837,titanium,12,2.5649493574615367
TIMOB-8838,titanium,10,2.3978952727983707
TIMOB-8839,titanium,19,2.995732273553991
TIMOB-8840,titanium,17,2.8903717578961645
TIMOB-8841,titanium,17,2.8903717578961645
TIMOB-8842,titanium,8,2.1972245773362196
TIMOB-8843,titanium,30,3.4339872044851463
TIMOB-8844,titanium,5,1.791759469228055
TIMOB-8851,titanium,5,1.791759469228055
TIMOB-8852,titanium,5,1.791759469228055
TIMOB-8870,titanium,10,2.3978952727983707
TIMOB-8897,titanium,17,2.8903717578961645
TIMOB-8925,titanium,8,2.1972245773362196
TIMOB-8926,titanium,5,1.791759469228055
TIMOB-8983,titanium,3,1.3862943611198906
TIMOB-8996,titanium,5,1.791759469228055
TIMOB-9028,titanium,8,2.1972245773362196
TIMOB-9037,titanium,34,3.5553480614894135
TIMOB-9092,titanium,12,2.5649493574615367
TIMOB-9102,titanium,5,1.791759469228055
TIMOB-9111,titanium,5,1.791759469228055
TIMOB-9139,titanium,3,1.3862943611198906
TIMOB-9142,titanium,17,2.8903717578961645
TIMOB-9143,titanium,2,1.0986122886681098
TIMOB-9144,titanium,8,2.1972245773362196
TIMOB-9153,titanium,2,1.0986122886681098
TIMOB-9158,titanium,3,1.3862943611198906
TIMOB-9164,titanium,8,2.1972245773362196
TIMOB-9202,titanium,15,2.772588722239781
TIMOB-9203,titanium,3,1.3862943611198906
TIMOB-9204,titanium,2,1.0986122886681098
TIMOB-9219,titanium,5,1.791759469228055
TIMOB-9286,titanium,5,1.791759469228055
TIMOB-9291,titanium,5,1.791759469228055
TIMOB-9293,titanium,10,2.3978952727983707
TIMOB-9306,titanium,5,1.791759469228055
TIMOB-9309,titanium,7,2.0794415416798357
TIMOB-9369,titanium,3,1.3862943611198906
TIMOB-9378,titanium,2,1.0986122886681098
TIMOB-9398,titanium,5,1.791759469228055
TIMOB-9403,titanium,2,1.0986122886681098
TIMOB-9454,titanium,5,1.791759469228055
TIMOB-9481,titanium,3,1.3862943611198906
TIMOB-9539,titanium,19,2.995732273553991
TIMOB-9542,titanium,15,2.772588722239781
TIMOB-9543,titanium,3,1.3862943611198906
TIMOB-9552,titanium,13,2.6390573296152584
TIMOB-9604,titanium,21,3.091042453358316
TIMOB-9605,titanium,21,3.091042453358316
TIMOB-9658,titanium,5,1.791759469228055
TIMOB-9665,titanium,1,0.6931471805599453
TIMOB-9682,titanium,3,1.3862943611198906
TIMOB-9685,titanium,8,2.1972245773362196
TIMOB-9788,titanium,17,2.8903717578961645
TIMOB-9830,titanium,5,1.791759469228055
TIMOB-9840,titanium,7,2.0794415416798357
TIMOB-9859,titanium,1,0.6931471805599453
TIMOB-9897,titanium,3,1.3862943611198906
TIMOB-9916,titanium,3,1.3862943611198906
TIMOB-9930,titanium,3,1.3862943611198906
TIMOB-9933,titanium,2,1.0986122886681098
TIMOB-9950,titanium,2,1.0986122886681098
TIMOB-9953,titanium,2,1.0986122886681098
TIMOB-9971,titanium,3,1.3862943611198906
TIMOB-9972,titanium,7,2.0794415416798357
TIMOB-10025,titanium,3,1.3862943611198906
TIMOB-10059,titanium,2,1.0986122886681098
TIMOB-10224,titanium,3,1.3862943611198906
TIMOB-10233,titanium,2,1.0986122886681098
TIMOB-10257,titanium,3,1.3862943611198906
TIMOB-10264,titanium,2,1.0986122886681098
TIMOB-10266,titanium,21,3.091042453358316
TIMOB-10269,titanium,4,1.6094379124341003
TIMOB-10270,titanium,2,1.0986122886681098
TIMOB-10271,titanium,2,1.0986122886681098
TIMOB-10272,titanium,3,1.3862943611198906
TIMOB-10275,titanium,21,3.091042453358316
TIMOB-10299,titanium,3,1.3862943611198906
TIMOB-10305,titanium,5,1.791759469228055
TIMOB-10307,titanium,8,2.1972245773362196
TIMOB-10345,titanium,8,2.1972245773362196
TIMOB-10371,titanium,8,2.1972245773362196
TIMOB-10442,titanium,1,0.6931471805599453
TIMOB-10468,titanium,2,1.0986122886681098
TIMOB-10534,titanium,8,2.1972245773362196
TIMOB-10713,titanium,2,1.0986122886681098
TIMOB-10717,titanium,1,0.6931471805599453
TIMOB-10748,titanium,19,2.995732273553991
TIMOB-10763,titanium,3,1.3862943611198906
TIMOB-10778,titanium,2,1.0986122886681098
TIMOB-10800,titanium,13,2.6390573296152584
TIMOB-10814,titanium,2,1.0986122886681098
TIMOB-10820,titanium,8,2.1972245773362196
TIMOB-10849,titanium,21,3.091042453358316
TIMOB-10869,titanium,2,1.0986122886681098
TIMOB-10870,titanium,21,3.091042453358316
TIMOB-10872,titanium,21,3.091042453358316
TIMOB-10873,titanium,19,2.995732273553991
TIMOB-10875,titanium,15,2.772588722239781
TIMOB-10876,titanium,15,2.772588722239781
TIMOB-10877,titanium,15,2.772588722239781
TIMOB-10878,titanium,21,3.091042453358316
TIMOB-10919,titanium,3,1.3862943611198906
TIMOB-11093,titanium,34,3.5553480614894135
TIMOB-11172,titanium,1,0.6931471805599453
TIMOB-11188,titanium,1,0.6931471805599453
TIMOB-11373,titanium,13,2.6390573296152584
TIMOB-11603,titanium,3,1.3862943611198906
TIMOB-11628,titanium,3,1.3862943611198906
TIMOB-11637,titanium,21,3.091042453358316
TIMOB-11686,titanium,3,1.3862943611198906
TIMOB-11700,titanium,3,1.3862943611198906
TIMOB-11769,titanium,8,2.1972245773362196
TIMOB-11867,titanium,8,2.1972245773362196
TIMOB-11932,titanium,17,2.8903717578961645
TIMOB-11943,titanium,5,1.791759469228055
TIMOB-12034,titanium,3,1.3862943611198906
TIMOB-12116,titanium,21,3.091042453358316
TIMOB-12169,titanium,13,2.6390573296152584
TIMOB-12223,titanium,21,3.091042453358316
TIMOB-12225,titanium,17,2.8903717578961645
TIMOB-12226,titanium,15,2.772588722239781
TIMOB-12227,titanium,15,2.772588722239781
TIMOB-12228,titanium,15,2.772588722239781
TIMOB-12230,titanium,15,2.772588722239781
TIMOB-12233,titanium,15,2.772588722239781
TIMOB-12235,titanium,15,2.772588722239781
TIMOB-12236,titanium,15,2.772588722239781
TIMOB-12237,titanium,21,3.091042453358316
TIMOB-12238,titanium,21,3.091042453358316
TIMOB-12239,titanium,21,3.091042453358316
TIMOB-12246,titanium,3,1.3862943611198906
TIMOB-12280,titanium,8,2.1972245773362196
TIMOB-12372,titanium,3,1.3862943611198906
TIMOB-12409,titanium,21,3.091042453358316
TIMOB-12410,titanium,21,3.091042453358316
TIMOB-12411,titanium,3,1.3862943611198906
TIMOB-12457,titanium,2,1.0986122886681098
TIMOB-12516,titanium,15,2.772588722239781
TIMOB-12600,titanium,2,1.0986122886681098
TIMOB-12604,titanium,2,1.0986122886681098
TIMOB-12646,titanium,8,2.1972245773362196
TIMOB-12661,titanium,3,1.3862943611198906
TIMOB-12764,titanium,8,2.1972245773362196
TIMOB-12765,titanium,8,2.1972245773362196
TIMOB-12848,titanium,13,2.6390573296152584
TIMOB-12960,titanium,1,0.6931471805599453
TIMOB-13190,titanium,5,1.791759469228055
TIMOB-13254,titanium,21,3.091042453358316
TIMOB-13364,titanium,3,1.3862943611198906
TIMOB-13392,titanium,13,2.6390573296152584
TIMOB-13398,titanium,5,1.791759469228055
TIMOB-13401,titanium,5,1.791759469228055
TIMOB-13520,titanium,8,2.1972245773362196
TIMOB-13545,titanium,5,1.791759469228055
TIMOB-13582,titanium,5,1.791759469228055
TIMOB-13656,titanium,8,2.1972245773362196
TIMOB-13862,titanium,3,1.3862943611198906
TIMOB-13890,titanium,3,1.3862943611198906
TIMOB-13892,titanium,8,2.1972245773362196
TIMOB-13914,titanium,5,1.791759469228055
TIMOB-13922,titanium,3,1.3862943611198906
TIMOB-13974,titanium,3,1.3862943611198906
TIMOB-13986,titanium,3,1.3862943611198906
TIMOB-13999,titanium,13,2.6390573296152584
TIMOB-14003,titanium,5,1.791759469228055
TIMOB-14008,titanium,8,2.1972245773362196
TIMOB-14123,titanium,8,2.1972245773362196
TIMOB-14178,titanium,5,1.791759469228055
TIMOB-14194,titanium,5,1.791759469228055
TIMOB-14241,titanium,3,1.3862943611198906
TIMOB-14242,titanium,3,1.3862943611198906
TIMOB-14262,titanium,13,2.6390573296152584
TIMOB-14267,titanium,8,2.1972245773362196
TIMOB-14285,titanium,8,2.1972245773362196
TIMOB-14382,titanium,3,1.3862943611198906
TIMOB-14393,titanium,34,3.5553480614894135
TIMOB-14425,titanium,8,2.1972245773362196
TIMOB-14494,titanium,8,2.1972245773362196
TIMOB-14496,titanium,3,1.3862943611198906
TIMOB-14544,titanium,8,2.1972245773362196
TIMOB-14582,titanium,8,2.1972245773362196
TIMOB-14637,titanium,3,1.3862943611198906
TIMOB-14652,titanium,2,1.0986122886681098
TIMOB-14699,titanium,20,3.044522437723423
TIMOB-14701,titanium,2,1.0986122886681098
TIMOB-14735,titanium,3,1.3862943611198906
TIMOB-14740,titanium,21,3.091042453358316
TIMOB-14743,titanium,8,2.1972245773362196
TIMOB-14762,titanium,5,1.791759469228055
TIMOB-14780,titanium,8,2.1972245773362196
TIMOB-14784,titanium,20,3.044522437723423
TIMOB-14785,titanium,20,3.044522437723423
TIMOB-14786,titanium,20,3.044522437723423
TIMOB-14787,titanium,13,2.6390573296152584
TIMOB-14799,titanium,3,1.3862943611198906
TIMOB-14806,titanium,5,1.791759469228055
TIMOB-14836,titanium,5,1.791759469228055
TIMOB-14899,titanium,3,1.3862943611198906
TIMOB-14931,titanium,2,1.0986122886681098
TIMOB-14933,titanium,1,0.6931471805599453
TIMOB-14963,titanium,3,1.3862943611198906
TIMOB-14973,titanium,13,2.6390573296152584
TIMOB-14974,titanium,5,1.791759469228055
TIMOB-14976,titanium,5,1.791759469228055
TIMOB-14977,titanium,13,2.6390573296152584
TIMOB-14978,titanium,5,1.791759469228055
TIMOB-14979,titanium,5,1.791759469228055
TIMOB-14980,titanium,5,1.791759469228055
TIMOB-14981,titanium,2,1.0986122886681098
TIMOB-14982,titanium,5,1.791759469228055
TIMOB-14990,titanium,5,1.791759469228055
TIMOB-14991,titanium,13,2.6390573296152584
TIMOB-15009,titanium,13,2.6390573296152584
TIMOB-15104,titanium,8,2.1972245773362196
TIMOB-15118,titanium,8,2.1972245773362196
TIMOB-15181,titanium,8,2.1972245773362196
TIMOB-15247,titanium,1,0.6931471805599453
TIMOB-15253,titanium,8,2.1972245773362196
TIMOB-15287,titanium,8,2.1972245773362196
TIMOB-15339,titanium,21,3.091042453358316
TIMOB-15443,titanium,13,2.6390573296152584
TIMOB-15448,titanium,13,2.6390573296152584
TIMOB-15468,titanium,5,1.791759469228055
TIMOB-15483,titanium,1,0.6931471805599453
TIMOB-15519,titanium,3,1.3862943611198906
TIMOB-15534,titanium,5,1.791759469228055
TIMOB-15560,titanium,5,1.791759469228055
TIMOB-15570,titanium,5,1.791759469228055
TIMOB-15596,titanium,8,2.1972245773362196
TIMOB-15612,titanium,5,1.791759469228055
TIMOB-15703,titanium,5,1.791759469228055
TIMOB-15705,titanium,8,2.1972245773362196
TIMOB-15710,titanium,5,1.791759469228055
TIMOB-15716,titanium,8,2.1972245773362196
TIMOB-15718,titanium,3,1.3862943611198906
TIMOB-15732,titanium,1,0.6931471805599453
TIMOB-15747,titanium,5,1.791759469228055
TIMOB-15765,titanium,8,2.1972245773362196
TIMOB-15800,titanium,5,1.791759469228055
TIMOB-15805,titanium,5,1.791759469228055
TIMOB-15812,titanium,3,1.3862943611198906
TIMOB-15871,titanium,3,1.3862943611198906
TIMOB-15872,titanium,3,1.3862943611198906
TIMOB-15967,titanium,8,2.1972245773362196
TIMOB-15969,titanium,8,2.1972245773362196
TIMOB-15983,titanium,13,2.6390573296152584
TIMOB-15998,titanium,21,3.091042453358316
TIMOB-16077,titanium,8,2.1972245773362196
TIMOB-16078,titanium,8,2.1972245773362196
TIMOB-16115,titanium,13,2.6390573296152584
TIMOB-16121,titanium,3,1.3862943611198906
TIMOB-16185,titanium,3,1.3862943611198906
TIMOB-16218,titanium,5,1.791759469228055
TIMOB-16240,titanium,8,2.1972245773362196
TIMOB-16244,titanium,13,2.6390573296152584
TIMOB-16258,titanium,4,1.6094379124341003
TIMOB-16270,titanium,1,0.6931471805599453
TIMOB-16355,titanium,3,1.3862943611198906
TIMOB-16380,titanium,1,0.6931471805599453
TIMOB-16385,titanium,5,1.791759469228055
TIMOB-16426,titanium,5,1.791759469228055
TIMOB-16432,titanium,3,1.3862943611198906
TIMOB-16450,titanium,8,2.1972245773362196
TIMOB-16452,titanium,1,0.6931471805599453
TIMOB-16471,titanium,1,0.6931471805599453
TIMOB-16488,titanium,13,2.6390573296152584
TIMOB-16493,titanium,3,1.3862943611198906
TIMOB-16494,titanium,21,3.091042453358316
TIMOB-16496,titanium,8,2.1972245773362196
TIMOB-16512,titanium,8,2.1972245773362196
TIMOB-16562,titanium,8,2.1972245773362196
TIMOB-16593,titanium,3,1.3862943611198906
TIMOB-16597,titanium,2,1.0986122886681098
TIMOB-16607,titanium,5,1.791759469228055
TIMOB-16619,titanium,8,2.1972245773362196
TIMOB-16669,titanium,13,2.6390573296152584
TIMOB-16680,titanium,5,1.791759469228055
TIMOB-16697,titanium,8,2.1972245773362196
TIMOB-16741,titanium,13,2.6390573296152584
TIMOB-16838,titanium,3,1.3862943611198906
TIMOB-16878,titanium,5,1.791759469228055
TIMOB-16879,titanium,5,1.791759469228055
TIMOB-16882,titanium,3,1.3862943611198906
TIMOB-16909,titanium,21,3.091042453358316
TIMOB-16911,titanium,5,1.791759469228055
TIMOB-16938,titanium,5,1.791759469228055
TIMOB-16941,titanium,5,1.791759469228055
TIMOB-16946,titanium,21,3.091042453358316
TIMOB-16985,titanium,5,1.791759469228055
TIMOB-17001,titanium,13,2.6390573296152584
TIMOB-17048,titanium,5,1.791759469228055
TIMOB-17053,titanium,5,1.791759469228055
TIMOB-17085,titanium,21,3.091042453358316
TIMOB-17141,titanium,3,1.3862943611198906
TIMOB-17143,titanium,5,1.791759469228055
TIMOB-17145,titanium,5,1.791759469228055
TIMOB-17193,titanium,3,1.3862943611198906
TIMOB-17197,titanium,5,1.791759469228055
TIMOB-17199,titanium,5,1.791759469228055
TIMOB-17203,titanium,5,1.791759469228055
TIMOB-17208,titanium,3,1.3862943611198906
TIMOB-17211,titanium,2,1.0986122886681098
TIMOB-17219,titanium,13,2.6390573296152584
TIMOB-17238,titanium,8,2.1972245773362196
TIMOB-17260,titanium,5,1.791759469228055
TIMOB-17271,titanium,13,2.6390573296152584
TIMOB-17281,titanium,8,2.1972245773362196
TIMOB-17293,titanium,21,3.091042453358316
TIMOB-17335,titanium,5,1.791759469228055
TIMOB-17346,titanium,8,2.1972245773362196
TIMOB-17350,titanium,5,1.791759469228055
TIMOB-17351,titanium,13,2.6390573296152584
TIMOB-17357,titanium,8,2.1972245773362196
TIMOB-17358,titanium,13,2.6390573296152584
TIMOB-17359,titanium,3,1.3862943611198906
TIMOB-17361,titanium,21,3.091042453358316
TIMOB-17367,titanium,5,1.791759469228055
TIMOB-17371,titanium,13,2.6390573296152584
TIMOB-17386,titanium,3,1.3862943611198906
TIMOB-17395,titanium,5,1.791759469228055
TIMOB-17396,titanium,3,1.3862943611198906
TIMOB-17404,titanium,3,1.3862943611198906
TIMOB-17411,titanium,3,1.3862943611198906
TIMOB-17418,titanium,3,1.3862943611198906
TIMOB-17419,titanium,8,2.1972245773362196
TIMOB-17446,titanium,13,2.6390573296152584
TIMOB-17447,titanium,5,1.791759469228055
TIMOB-17448,titanium,5,1.791759469228055
TIMOB-17456,titanium,3,1.3862943611198906
TIMOB-17457,titanium,3,1.3862943611198906
TIMOB-17460,titanium,5,1.791759469228055
TIMOB-17462,titanium,3,1.3862943611198906
TIMOB-17472,titanium,33,3.5263605246161616
TIMOB-17475,titanium,21,3.091042453358316
TIMOB-17476,titanium,3,1.3862943611198906
TIMOB-17477,titanium,3,1.3862943611198906
TIMOB-17478,titanium,3,1.3862943611198906
TIMOB-17480,titanium,8,2.1972245773362196
TIMOB-17482,titanium,5,1.791759469228055
TIMOB-17491,titanium,3,1.3862943611198906
TIMOB-17499,titanium,21,3.091042453358316
TIMOB-17502,titanium,8,2.1972245773362196
TIMOB-17509,titanium,8,2.1972245773362196
TIMOB-17525,titanium,8,2.1972245773362196
TIMOB-17526,titanium,5,1.791759469228055
TIMOB-17527,titanium,3,1.3862943611198906
TIMOB-17528,titanium,5,1.791759469228055
TIMOB-17529,titanium,5,1.791759469228055
TIMOB-17530,titanium,21,3.091042453358316
TIMOB-17531,titanium,5,1.791759469228055
TIMOB-17532,titanium,8,2.1972245773362196
TIMOB-17533,titanium,3,1.3862943611198906
TIMOB-17545,titanium,5,1.791759469228055
TIMOB-17548,titanium,3,1.3862943611198906
TIMOB-17554,titanium,5,1.791759469228055
TIMOB-17561,titanium,3,1.3862943611198906
TIMOB-17563,titanium,5,1.791759469228055
TIMOB-17564,titanium,3,1.3862943611198906
TIMOB-17565,titanium,3,1.3862943611198906
TIMOB-17566,titanium,2,1.0986122886681098
TIMOB-17567,titanium,3,1.3862943611198906
TIMOB-17568,titanium,3,1.3862943611198906
TIMOB-17571,titanium,3,1.3862943611198906
TIMOB-17572,titanium,5,1.791759469228055
TIMOB-17573,titanium,5,1.791759469228055
TIMOB-17581,titanium,5,1.791759469228055
TIMOB-17582,titanium,8,2.1972245773362196
TIMOB-17583,titanium,5,1.791759469228055
TIMOB-17584,titanium,3,1.3862943611198906
TIMOB-17585,titanium,5,1.791759469228055
TIMOB-17586,titanium,5,1.791759469228055
TIMOB-17587,titanium,8,2.1972245773362196
TIMOB-17588,titanium,5,1.791759469228055
TIMOB-17589,titanium,5,1.791759469228055
TIMOB-17590,titanium,5,1.791759469228055
TIMOB-17594,titanium,5,1.791759469228055
TIMOB-17595,titanium,21,3.091042453358316
TIMOB-17600,titanium,5,1.791759469228055
TIMOB-17601,titanium,21,3.091042453358316
TIMOB-17603,titanium,13,2.6390573296152584
TIMOB-17604,titanium,13,2.6390573296152584
TIMOB-17605,titanium,3,1.3862943611198906
TIMOB-17610,titanium,5,1.791759469228055
TIMOB-17612,titanium,5,1.791759469228055
TIMOB-17613,titanium,3,1.3862943611198906
TIMOB-17619,titanium,13,2.6390573296152584
TIMOB-17621,titanium,5,1.791759469228055
TIMOB-17624,titanium,2,1.0986122886681098
TIMOB-17626,titanium,3,1.3862943611198906
TIMOB-17627,titanium,13,2.6390573296152584
TIMOB-17629,titanium,3,1.3862943611198906
TIMOB-17631,titanium,13,2.6390573296152584
TIMOB-17634,titanium,8,2.1972245773362196
TIMOB-17636,titanium,3,1.3862943611198906
TIMOB-17638,titanium,8,2.1972245773362196
TIMOB-17639,titanium,3,1.3862943611198906
TIMOB-17640,titanium,3,1.3862943611198906
TIMOB-17641,titanium,2,1.0986122886681098
TIMOB-17642,titanium,8,2.1972245773362196
TIMOB-17644,titanium,8,2.1972245773362196
TIMOB-17645,titanium,8,2.1972245773362196
TIMOB-17646,titanium,5,1.791759469228055
TIMOB-17647,titanium,13,2.6390573296152584
TIMOB-17648,titanium,5,1.791759469228055
TIMOB-17649,titanium,8,2.1972245773362196
TIMOB-17651,titanium,5,1.791759469228055
TIMOB-17653,titanium,2,1.0986122886681098
TIMOB-17654,titanium,5,1.791759469228055
TIMOB-17657,titanium,3,1.3862943611198906
TIMOB-17658,titanium,13,2.6390573296152584
TIMOB-17659,titanium,5,1.791759469228055
TIMOB-17660,titanium,3,1.3862943611198906
TIMOB-17661,titanium,5,1.791759469228055
TIMOB-17662,titanium,3,1.3862943611198906
TIMOB-17663,titanium,13,2.6390573296152584
TIMOB-17665,titanium,8,2.1972245773362196
TIMOB-17666,titanium,3,1.3862943611198906
TIMOB-17668,titanium,8,2.1972245773362196
TIMOB-17670,titanium,5,1.791759469228055
TIMOB-17675,titanium,21,3.091042453358316
TIMOB-17676,titanium,5,1.791759469228055
TIMOB-17677,titanium,3,1.3862943611198906
TIMOB-17678,titanium,5,1.791759469228055
TIMOB-17684,titanium,13,2.6390573296152584
TIMOB-17686,titanium,13,2.6390573296152584
TIMOB-17687,titanium,13,2.6390573296152584
TIMOB-17688,titanium,13,2.6390573296152584
TIMOB-17690,titanium,3,1.3862943611198906
TIMOB-17691,titanium,1,0.6931471805599453
TIMOB-17692,titanium,3,1.3862943611198906
TIMOB-17693,titanium,5,1.791759469228055
TIMOB-17694,titanium,8,2.1972245773362196
TIMOB-17695,titanium,5,1.791759469228055
TIMOB-17696,titanium,3,1.3862943611198906
TIMOB-17699,titanium,3,1.3862943611198906
TIMOB-17700,titanium,1,0.6931471805599453
TIMOB-17702,titanium,3,1.3862943611198906
TIMOB-17703,titanium,5,1.791759469228055
TIMOB-17705,titanium,8,2.1972245773362196
TIMOB-17706,titanium,8,2.1972245773362196
TIMOB-17707,titanium,3,1.3862943611198906
TIMOB-17708,titanium,2,1.0986122886681098
TIMOB-17710,titanium,5,1.791759469228055
TIMOB-17711,titanium,3,1.3862943611198906
TIMOB-17712,titanium,5,1.791759469228055
TIMOB-17713,titanium,2,1.0986122886681098
TIMOB-17715,titanium,2,1.0986122886681098
TIMOB-17716,titanium,5,1.791759469228055
TIMOB-17717,titanium,2,1.0986122886681098
TIMOB-17718,titanium,5,1.791759469228055
TIMOB-17719,titanium,3,1.3862943611198906
TIMOB-17723,titanium,13,2.6390573296152584
TIMOB-17726,titanium,5,1.791759469228055
TIMOB-17727,titanium,8,2.1972245773362196
TIMOB-17729,titanium,2,1.0986122886681098
TIMOB-17734,titanium,13,2.6390573296152584
TIMOB-17736,titanium,3,1.3862943611198906
TIMOB-17738,titanium,8,2.1972245773362196
TIMOB-17740,titanium,8,2.1972245773362196
TIMOB-17744,titanium,2,1.0986122886681098
TIMOB-17747,titanium,8,2.1972245773362196
TIMOB-17749,titanium,3,1.3862943611198906
TIMOB-17754,titanium,3,1.3862943611198906
TIMOB-17758,titanium,5,1.791759469228055
TIMOB-17761,titanium,8,2.1972245773362196
TIMOB-17762,titanium,5,1.791759469228055
TIMOB-17786,titanium,2,1.0986122886681098
TIMOB-17788,titanium,2,1.0986122886681098
TIMOB-17793,titanium,3,1.3862943611198906
TIMOB-17797,titanium,5,1.791759469228055
TIMOB-17798,titanium,5,1.791759469228055
TIMOB-17800,titanium,5,1.791759469228055
TIMOB-17801,titanium,13,2.6390573296152584
TIMOB-17804,titanium,13,2.6390573296152584
TIMOB-17805,titanium,13,2.6390573296152584
TIMOB-17806,titanium,13,2.6390573296152584
TIMOB-17807,titanium,13,2.6390573296152584
TIMOB-17808,titanium,3,1.3862943611198906
TIMOB-17811,titanium,2,1.0986122886681098
TIMOB-17812,titanium,8,2.1972245773362196
TIMOB-17813,titanium,5,1.791759469228055
TIMOB-17818,titanium,5,1.791759469228055
TIMOB-17822,titanium,5,1.791759469228055
TIMOB-17827,titanium,3,1.3862943611198906
TIMOB-17831,titanium,3,1.3862943611198906
TIMOB-17833,titanium,8,2.1972245773362196
TIMOB-17836,titanium,13,2.6390573296152584
TIMOB-17841,titanium,8,2.1972245773362196
TIMOB-17842,titanium,5,1.791759469228055
TIMOB-17843,titanium,8,2.1972245773362196
TIMOB-17845,titanium,5,1.791759469228055
TIMOB-17846,titanium,5,1.791759469228055
TIMOB-17847,titanium,5,1.791759469228055
TIMOB-17848,titanium,5,1.791759469228055
TIMOB-17849,titanium,5,1.791759469228055
TIMOB-17850,titanium,5,1.791759469228055
TIMOB-17851,titanium,8,2.1972245773362196
TIMOB-17852,titanium,8,2.1972245773362196
TIMOB-17853,titanium,8,2.1972245773362196
TIMOB-17854,titanium,8,2.1972245773362196
TIMOB-17855,titanium,8,2.1972245773362196
TIMOB-17856,titanium,8,2.1972245773362196
TIMOB-17861,titanium,3,1.3862943611198906
TIMOB-17865,titanium,8,2.1972245773362196
TIMOB-17868,titanium,8,2.1972245773362196
TIMOB-17874,titanium,8,2.1972245773362196
TIMOB-17879,titanium,5,1.791759469228055
TIMOB-17884,titanium,21,3.091042453358316
TIMOB-17885,titanium,3,1.3862943611198906
TIMOB-17890,titanium,5,1.791759469228055
TIMOB-17891,titanium,8,2.1972245773362196
TIMOB-17894,titanium,3,1.3862943611198906
TIMOB-17898,titanium,13,2.6390573296152584
TIMOB-17899,titanium,21,3.091042453358316
TIMOB-17900,titanium,13,2.6390573296152584
TIMOB-17901,titanium,13,2.6390573296152584
TIMOB-17902,titanium,13,2.6390573296152584
TIMOB-17903,titanium,21,3.091042453358316
TIMOB-17904,titanium,8,2.1972245773362196
TIMOB-17905,titanium,13,2.6390573296152584
TIMOB-17908,titanium,13,2.6390573296152584
TIMOB-17909,titanium,21,3.091042453358316
TIMOB-17912,titanium,13,2.6390573296152584
TIMOB-17913,titanium,21,3.091042453358316
TIMOB-17914,titanium,13,2.6390573296152584
TIMOB-17916,titanium,21,3.091042453358316
TIMOB-17917,titanium,21,3.091042453358316
TIMOB-17918,titanium,13,2.6390573296152584
TIMOB-17923,titanium,21,3.091042453358316
TIMOB-17924,titanium,34,3.5553480614894135
TIMOB-17925,titanium,13,2.6390573296152584
TIMOB-17926,titanium,13,2.6390573296152584
TIMOB-17928,titanium,21,3.091042453358316
TIMOB-17929,titanium,13,2.6390573296152584
TIMOB-17941,titanium,8,2.1972245773362196
TIMOB-17942,titanium,13,2.6390573296152584
TIMOB-17943,titanium,8,2.1972245773362196
TIMOB-17945,titanium,21,3.091042453358316
TIMOB-17946,titanium,3,1.3862943611198906
TIMOB-17948,titanium,13,2.6390573296152584
TIMOB-17949,titanium,13,2.6390573296152584
TIMOB-17950,titanium,8,2.1972245773362196
TIMOB-17951,titanium,3,1.3862943611198906
TIMOB-17953,titanium,5,1.791759469228055
TIMOB-17961,titanium,1,0.6931471805599453
TIMOB-17965,titanium,5,1.791759469228055
TIMOB-17972,titanium,13,2.6390573296152584
TIMOB-17986,titanium,8,2.1972245773362196
TIMOB-17987,titanium,3,1.3862943611198906
TIMOB-17990,titanium,3,1.3862943611198906
TIMOB-17992,titanium,8,2.1972245773362196
TIMOB-17993,titanium,8,2.1972245773362196
TIMOB-17997,titanium,4,1.6094379124341003
TIMOB-17998,titanium,8,2.1972245773362196
TIMOB-18027,titanium,6,1.9459101490553132
TIMOB-18028,titanium,8,2.1972245773362196
TIMOB-18029,titanium,4,1.6094379124341003
TIMOB-18031,titanium,6,1.9459101490553132
TIMOB-18033,titanium,13,2.6390573296152584
TIMOB-18034,titanium,5,1.791759469228055
TIMOB-18035,titanium,8,2.1972245773362196
TIMOB-18038,titanium,13,2.6390573296152584
TIMOB-18044,titanium,3,1.3862943611198906
TIMOB-18046,titanium,5,1.791759469228055
TIMOB-18048,titanium,5,1.791759469228055
TIMOB-18050,titanium,8,2.1972245773362196
TIMOB-18053,titanium,3,1.3862943611198906
TIMOB-18062,titanium,5,1.791759469228055
TIMOB-18065,titanium,1,0.6931471805599453
TIMOB-18066,titanium,3,1.3862943611198906
TIMOB-18070,titanium,1,0.6931471805599453
TIMOB-18072,titanium,8,2.1972245773362196
TIMOB-18073,titanium,8,2.1972245773362196
TIMOB-18074,titanium,3,1.3862943611198906
TIMOB-18079,titanium,5,1.791759469228055
TIMOB-18080,titanium,13,2.6390573296152584
TIMOB-18082,titanium,8,2.1972245773362196
TIMOB-18087,titanium,13,2.6390573296152584
TIMOB-18093,titanium,13,2.6390573296152584
TIMOB-18094,titanium,5,1.791759469228055
TIMOB-18095,titanium,13,2.6390573296152584
TIMOB-18098,titanium,8,2.1972245773362196
TIMOB-18099,titanium,3,1.3862943611198906
TIMOB-18102,titanium,13,2.6390573296152584
TIMOB-18103,titanium,8,2.1972245773362196
TIMOB-18113,titanium,3,1.3862943611198906
TIMOB-18114,titanium,5,1.791759469228055
TIMOB-18126,titanium,8,2.1972245773362196
TIMOB-18129,titanium,8,2.1972245773362196
TIMOB-18132,titanium,8,2.1972245773362196
TIMOB-18138,titanium,5,1.791759469228055
TIMOB-18140,titanium,8,2.1972245773362196
TIMOB-18143,titanium,2,1.0986122886681098
TIMOB-18144,titanium,8,2.1972245773362196
TIMOB-18145,titanium,5,1.791759469228055
TIMOB-18146,titanium,5,1.791759469228055
TIMOB-18152,titanium,21,3.091042453358316
TIMOB-18155,titanium,8,2.1972245773362196
TIMOB-18156,titanium,8,2.1972245773362196
TIMOB-18158,titanium,5,1.791759469228055
TIMOB-18159,titanium,3,1.3862943611198906
TIMOB-18160,titanium,5,1.791759469228055
TIMOB-18161,titanium,3,1.3862943611198906
TIMOB-18162,titanium,8,2.1972245773362196
TIMOB-18167,titanium,8,2.1972245773362196
TIMOB-18168,titanium,1,0.6931471805599453
TIMOB-18173,titanium,3,1.3862943611198906
TIMOB-18174,titanium,8,2.1972245773362196
TIMOB-18176,titanium,5,1.791759469228055
TIMOB-18184,titanium,8,2.1972245773362196
TIMOB-18193,titanium,8,2.1972245773362196
TIMOB-18196,titanium,5,1.791759469228055
TIMOB-18199,titanium,5,1.791759469228055
TIMOB-18208,titanium,21,3.091042453358316
TIMOB-18210,titanium,3,1.3862943611198906
TIMOB-18214,titanium,13,2.6390573296152584
TIMOB-18215,titanium,34,3.5553480614894135
TIMOB-18240,titanium,5,1.791759469228055
TIMOB-18244,titanium,8,2.1972245773362196
TIMOB-18245,titanium,8,2.1972245773362196
TIMOB-18249,titanium,34,3.5553480614894135
TIMOB-18260,titanium,8,2.1972245773362196
TIMOB-18262,titanium,5,1.791759469228055
TIMOB-18278,titanium,5,1.791759469228055
TIMOB-18279,titanium,3,1.3862943611198906
TIMOB-18283,titanium,8,2.1972245773362196
TIMOB-18285,titanium,8,2.1972245773362196
TIMOB-18286,titanium,13,2.6390573296152584
TIMOB-18303,titanium,8,2.1972245773362196
TIMOB-18309,titanium,5,1.791759469228055
TIMOB-18310,titanium,5,1.791759469228055
TIMOB-18313,titanium,3,1.3862943611198906
TIMOB-18314,titanium,5,1.791759469228055
TIMOB-18317,titanium,3,1.3862943611198906
TIMOB-18318,titanium,5,1.791759469228055
TIMOB-18319,titanium,3,1.3862943611198906
TIMOB-18320,titanium,13,2.6390573296152584
TIMOB-18322,titanium,5,1.791759469228055
TIMOB-18325,titanium,8,2.1972245773362196
TIMOB-18326,titanium,13,2.6390573296152584
TIMOB-18327,titanium,8,2.1972245773362196
TIMOB-18328,titanium,8,2.1972245773362196
TIMOB-18331,titanium,3,1.3862943611198906
TIMOB-18332,titanium,5,1.791759469228055
TIMOB-18337,titanium,21,3.091042453358316
TIMOB-18338,titanium,8,2.1972245773362196
TIMOB-18340,titanium,5,1.791759469228055
TIMOB-18341,titanium,5,1.791759469228055
TIMOB-18347,titanium,13,2.6390573296152584
TIMOB-18349,titanium,5,1.791759469228055
TIMOB-18350,titanium,8,2.1972245773362196
TIMOB-18351,titanium,5,1.791759469228055
TIMOB-18359,titanium,8,2.1972245773362196
TIMOB-18363,titanium,8,2.1972245773362196
TIMOB-18364,titanium,5,1.791759469228055
TIMOB-18365,titanium,3,1.3862943611198906
TIMOB-18368,titanium,2,1.0986122886681098
TIMOB-18377,titanium,34,3.5553480614894135
TIMOB-18378,titanium,1,0.6931471805599453
TIMOB-18379,titanium,5,1.791759469228055
TIMOB-18380,titanium,1,0.6931471805599453
TIMOB-18389,titanium,2,1.0986122886681098
TIMOB-18390,titanium,5,1.791759469228055
TIMOB-18392,titanium,5,1.791759469228055
TIMOB-18395,titanium,5,1.791759469228055
TIMOB-18396,titanium,3,1.3862943611198906
TIMOB-18399,titanium,5,1.791759469228055
TIMOB-18401,titanium,13,2.6390573296152584
TIMOB-18402,titanium,8,2.1972245773362196
TIMOB-18403,titanium,5,1.791759469228055
TIMOB-18404,titanium,5,1.791759469228055
TIMOB-18405,titanium,5,1.791759469228055
TIMOB-18407,titanium,3,1.3862943611198906
TIMOB-18409,titanium,13,2.6390573296152584
TIMOB-18414,titanium,8,2.1972245773362196
TIMOB-18417,titanium,8,2.1972245773362196
TIMOB-18423,titanium,5,1.791759469228055
TIMOB-18424,titanium,8,2.1972245773362196
TIMOB-18431,titanium,8,2.1972245773362196
TIMOB-18432,titanium,5,1.791759469228055
TIMOB-18433,titanium,3,1.3862943611198906
TIMOB-18439,titanium,13,2.6390573296152584
TIMOB-18440,titanium,3,1.3862943611198906
TIMOB-18448,titanium,3,1.3862943611198906
TIMOB-18451,titanium,5,1.791759469228055
TIMOB-18452,titanium,5,1.791759469228055
TIMOB-18453,titanium,5,1.791759469228055
TIMOB-18454,titanium,5,1.791759469228055
TIMOB-18457,titanium,5,1.791759469228055
TIMOB-18458,titanium,8,2.1972245773362196
TIMOB-18464,titanium,5,1.791759469228055
TIMOB-18476,titanium,8,2.1972245773362196
TIMOB-18478,titanium,5,1.791759469228055
TIMOB-18480,titanium,5,1.791759469228055
TIMOB-18481,titanium,5,1.791759469228055
TIMOB-18484,titanium,8,2.1972245773362196
TIMOB-18499,titanium,8,2.1972245773362196
TIMOB-18503,titanium,3,1.3862943611198906
TIMOB-18504,titanium,2,1.0986122886681098
TIMOB-18508,titanium,8,2.1972245773362196
TIMOB-18509,titanium,13,2.6390573296152584
TIMOB-18510,titanium,5,1.791759469228055
TIMOB-18515,titanium,3,1.3862943611198906
TIMOB-18516,titanium,3,1.3862943611198906
TIMOB-18517,titanium,21,3.091042453358316
TIMOB-18518,titanium,2,1.0986122886681098
TIMOB-18519,titanium,3,1.3862943611198906
TIMOB-18520,titanium,2,1.0986122886681098
TIMOB-18521,titanium,3,1.3862943611198906
TIMOB-18526,titanium,3,1.3862943611198906
TIMOB-18527,titanium,1,0.6931471805599453
TIMOB-18530,titanium,13,2.6390573296152584
TIMOB-18531,titanium,5,1.791759469228055
TIMOB-18532,titanium,8,2.1972245773362196
TIMOB-18534,titanium,8,2.1972245773362196
TIMOB-18535,titanium,8,2.1972245773362196
TIMOB-18538,titanium,8,2.1972245773362196
TIMOB-18543,titanium,5,1.791759469228055
TIMOB-18546,titanium,5,1.791759469228055
TIMOB-18550,titanium,13,2.6390573296152584
TIMOB-18551,titanium,5,1.791759469228055
TIMOB-18552,titanium,5,1.791759469228055
TIMOB-18553,titanium,5,1.791759469228055
TIMOB-18555,titanium,5,1.791759469228055
TIMOB-18556,titanium,3,1.3862943611198906
TIMOB-18557,titanium,2,1.0986122886681098
TIMOB-18559,titanium,3,1.3862943611198906
TIMOB-18562,titanium,5,1.791759469228055
TIMOB-18564,titanium,8,2.1972245773362196
TIMOB-18565,titanium,8,2.1972245773362196
TIMOB-18571,titanium,21,3.091042453358316
TIMOB-18573,titanium,8,2.1972245773362196
TIMOB-18581,titanium,2,1.0986122886681098
TIMOB-18588,titanium,5,1.791759469228055
TIMOB-18589,titanium,3,1.3862943611198906
TIMOB-18594,titanium,3,1.3862943611198906
TIMOB-18599,titanium,5,1.791759469228055
TIMOB-18600,titanium,8,2.1972245773362196
TIMOB-18601,titanium,5,1.791759469228055
TIMOB-18607,titanium,3,1.3862943611198906
TIMOB-18608,titanium,5,1.791759469228055
TIMOB-18609,titanium,8,2.1972245773362196
TIMOB-18617,titanium,8,2.1972245773362196
TIMOB-18619,titanium,13,2.6390573296152584
TIMOB-18622,titanium,3,1.3862943611198906
TIMOB-18625,titanium,3,1.3862943611198906
TIMOB-18627,titanium,1,0.6931471805599453
TIMOB-18629,titanium,8,2.1972245773362196
TIMOB-18630,titanium,5,1.791759469228055
TIMOB-18632,titanium,5,1.791759469228055
TIMOB-18633,titanium,13,2.6390573296152584
TIMOB-18635,titanium,3,1.3862943611198906
TIMOB-18637,titanium,5,1.791759469228055
TIMOB-18638,titanium,8,2.1972245773362196
TIMOB-18639,titanium,5,1.791759469228055
TIMOB-18668,titanium,8,2.1972245773362196
TIMOB-18669,titanium,5,1.791759469228055
TIMOB-18670,titanium,2,1.0986122886681098
TIMOB-18671,titanium,1,0.6931471805599453
TIMOB-18672,titanium,1,0.6931471805599453
TIMOB-18673,titanium,1,0.6931471805599453
TIMOB-18674,titanium,8,2.1972245773362196
TIMOB-18675,titanium,3,1.3862943611198906
TIMOB-18676,titanium,3,1.3862943611198906
TIMOB-18677,titanium,13,2.6390573296152584
TIMOB-18678,titanium,8,2.1972245773362196
TIMOB-18679,titanium,8,2.1972245773362196
TIMOB-18682,titanium,13,2.6390573296152584
TIMOB-18683,titanium,2,1.0986122886681098
TIMOB-18698,titanium,13,2.6390573296152584
TIMOB-18699,titanium,8,2.1972245773362196
TIMOB-18700,titanium,13,2.6390573296152584
TIMOB-18704,titanium,8,2.1972245773362196
TIMOB-18707,titanium,8,2.1972245773362196
TIMOB-18711,titanium,5,1.791759469228055
TIMOB-18712,titanium,5,1.791759469228055
TIMOB-18713,titanium,3,1.3862943611198906
TIMOB-18715,titanium,3,1.3862943611198906
TIMOB-18719,titanium,5,1.791759469228055
TIMOB-18720,titanium,5,1.791759469228055
TIMOB-18721,titanium,5,1.791759469228055
TIMOB-18722,titanium,5,1.791759469228055
TIMOB-18723,titanium,5,1.791759469228055
TIMOB-18724,titanium,5,1.791759469228055
TIMOB-18728,titanium,5,1.791759469228055
TIMOB-18729,titanium,5,1.791759469228055
TIMOB-18730,titanium,5,1.791759469228055
TIMOB-18732,titanium,8,2.1972245773362196
TIMOB-18733,titanium,1,0.6931471805599453
TIMOB-18734,titanium,8,2.1972245773362196
TIMOB-18739,titanium,5,1.791759469228055
TIMOB-18740,titanium,5,1.791759469228055
TIMOB-18743,titanium,5,1.791759469228055
TIMOB-18744,titanium,2,1.0986122886681098
TIMOB-18745,titanium,13,2.6390573296152584
TIMOB-18746,titanium,13,2.6390573296152584
TIMOB-18747,titanium,3,1.3862943611198906
TIMOB-18749,titanium,13,2.6390573296152584
TIMOB-18750,titanium,8,2.1972245773362196
TIMOB-18751,titanium,5,1.791759469228055
TIMOB-18752,titanium,5,1.791759469228055
TIMOB-18753,titanium,5,1.791759469228055
TIMOB-18754,titanium,5,1.791759469228055
TIMOB-18756,titanium,13,2.6390573296152584
TIMOB-18757,titanium,8,2.1972245773362196
TIMOB-18758,titanium,8,2.1972245773362196
TIMOB-18759,titanium,5,1.791759469228055
TIMOB-18760,titanium,5,1.791759469228055
TIMOB-18761,titanium,5,1.791759469228055
TIMOB-18763,titanium,3,1.3862943611198906
TIMOB-18765,titanium,5,1.791759469228055
TIMOB-18768,titanium,3,1.3862943611198906
TIMOB-18770,titanium,21,3.091042453358316
TIMOB-18773,titanium,8,2.1972245773362196
TIMOB-18775,titanium,3,1.3862943611198906
TIMOB-18776,titanium,5,1.791759469228055
TIMOB-18782,titanium,8,2.1972245773362196
TIMOB-18788,titanium,8,2.1972245773362196
TIMOB-18789,titanium,5,1.791759469228055
TIMOB-18791,titanium,8,2.1972245773362196
TIMOB-18793,titanium,3,1.3862943611198906
TIMOB-18794,titanium,3,1.3862943611198906
TIMOB-18804,titanium,4,1.6094379124341003
TIMOB-18805,titanium,2,1.0986122886681098
TIMOB-18806,titanium,2,1.0986122886681098
TIMOB-18813,titanium,3,1.3862943611198906
TIMOB-18814,titanium,3,1.3862943611198906
TIMOB-18815,titanium,5,1.791759469228055
TIMOB-18816,titanium,3,1.3862943611198906
TIMOB-18817,titanium,21,3.091042453358316
TIMOB-18820,titanium,3,1.3862943611198906
TIMOB-18824,titanium,3,1.3862943611198906
TIMOB-18830,titanium,3,1.3862943611198906
TIMOB-18834,titanium,34,3.5553480614894135
TIMOB-18838,titanium,13,2.6390573296152584
TIMOB-18839,titanium,5,1.791759469228055
TIMOB-18840,titanium,5,1.791759469228055
TIMOB-18843,titanium,21,3.091042453358316
TIMOB-18847,titanium,5,1.791759469228055
TIMOB-18849,titanium,21,3.091042453358316
TIMOB-18851,titanium,13,2.6390573296152584
TIMOB-18853,titanium,5,1.791759469228055
TIMOB-18854,titanium,13,2.6390573296152584
TIMOB-18855,titanium,8,2.1972245773362196
TIMOB-18856,titanium,8,2.1972245773362196
TIMOB-18859,titanium,5,1.791759469228055
TIMOB-18860,titanium,8,2.1972245773362196
TIMOB-18861,titanium,2,1.0986122886681098
TIMOB-18864,titanium,8,2.1972245773362196
TIMOB-18865,titanium,13,2.6390573296152584
TIMOB-18866,titanium,5,1.791759469228055
TIMOB-18867,titanium,21,3.091042453358316
TIMOB-18870,titanium,8,2.1972245773362196
TIMOB-18871,titanium,5,1.791759469228055
TIMOB-18873,titanium,5,1.791759469228055
TIMOB-18874,titanium,3,1.3862943611198906
TIMOB-18875,titanium,8,2.1972245773362196
TIMOB-18876,titanium,13,2.6390573296152584
TIMOB-18877,titanium,3,1.3862943611198906
TIMOB-18878,titanium,13,2.6390573296152584
TIMOB-18879,titanium,8,2.1972245773362196
TIMOB-18880,titanium,13,2.6390573296152584
TIMOB-18881,titanium,5,1.791759469228055
TIMOB-18882,titanium,13,2.6390573296152584
TIMOB-18883,titanium,13,2.6390573296152584
TIMOB-18887,titanium,5,1.791759469228055
TIMOB-18889,titanium,5,1.791759469228055
TIMOB-18890,titanium,3,1.3862943611198906
TIMOB-18899,titanium,5,1.791759469228055
TIMOB-18901,titanium,5,1.791759469228055
TIMOB-18902,titanium,13,2.6390573296152584
TIMOB-18904,titanium,5,1.791759469228055
TIMOB-18905,titanium,5,1.791759469228055
TIMOB-18906,titanium,3,1.3862943611198906
TIMOB-18913,titanium,5,1.791759469228055
TIMOB-18915,titanium,8,2.1972245773362196
TIMOB-18916,titanium,5,1.791759469228055
TIMOB-18917,titanium,13,2.6390573296152584
TIMOB-18926,titanium,3,1.3862943611198906
TIMOB-18927,titanium,5,1.791759469228055
TIMOB-18928,titanium,8,2.1972245773362196
TIMOB-18929,titanium,21,3.091042453358316
TIMOB-18931,titanium,5,1.791759469228055
TIMOB-18935,titanium,13,2.6390573296152584
TIMOB-18937,titanium,5,1.791759469228055
TIMOB-18938,titanium,8,2.1972245773362196
TIMOB-18939,titanium,8,2.1972245773362196
TIMOB-18940,titanium,21,3.091042453358316
TIMOB-18941,titanium,3,1.3862943611198906
TIMOB-18942,titanium,8,2.1972245773362196
TIMOB-18944,titanium,5,1.791759469228055
TIMOB-18949,titanium,5,1.791759469228055
TIMOB-18950,titanium,5,1.791759469228055
TIMOB-18951,titanium,5,1.791759469228055
TIMOB-18956,titanium,8,2.1972245773362196
TIMOB-18958,titanium,5,1.791759469228055
TIMOB-18960,titanium,8,2.1972245773362196
TIMOB-18961,titanium,13,2.6390573296152584
TIMOB-18963,titanium,3,1.3862943611198906
TIMOB-18964,titanium,3,1.3862943611198906
TIMOB-18965,titanium,1,0.6931471805599453
TIMOB-18967,titanium,5,1.791759469228055
TIMOB-18970,titanium,5,1.791759469228055
TIMOB-18974,titanium,5,1.791759469228055
TIMOB-18975,titanium,8,2.1972245773362196
TIMOB-18978,titanium,3,1.3862943611198906
TIMOB-18980,titanium,5,1.791759469228055
TIMOB-18981,titanium,3,1.3862943611198906
TIMOB-18987,titanium,3,1.3862943611198906
TIMOB-18989,titanium,3,1.3862943611198906
TIMOB-18990,titanium,8,2.1972245773362196
TIMOB-18991,titanium,5,1.791759469228055
TIMOB-18992,titanium,13,2.6390573296152584
TIMOB-18995,titanium,8,2.1972245773362196
TIMOB-18996,titanium,8,2.1972245773362196
TIMOB-18997,titanium,13,2.6390573296152584
TIMOB-18998,titanium,34,3.5553480614894135
TIMOB-18999,titanium,5,1.791759469228055
TIMOB-19000,titanium,8,2.1972245773362196
TIMOB-19002,titanium,21,3.091042453358316
TIMOB-19003,titanium,5,1.791759469228055
TIMOB-19004,titanium,21,3.091042453358316
TIMOB-19005,titanium,5,1.791759469228055
TIMOB-19006,titanium,21,3.091042453358316
TIMOB-19008,titanium,5,1.791759469228055
TIMOB-19009,titanium,8,2.1972245773362196
TIMOB-19010,titanium,21,3.091042453358316
TIMOB-19011,titanium,8,2.1972245773362196
TIMOB-19012,titanium,5,1.791759469228055
TIMOB-19013,titanium,8,2.1972245773362196
TIMOB-19015,titanium,3,1.3862943611198906
TIMOB-19016,titanium,8,2.1972245773362196
TIMOB-19017,titanium,3,1.3862943611198906
TIMOB-19018,titanium,3,1.3862943611198906
TIMOB-19019,titanium,8,2.1972245773362196
TIMOB-19020,titanium,13,2.6390573296152584
TIMOB-19021,titanium,5,1.791759469228055
TIMOB-19022,titanium,5,1.791759469228055
TIMOB-19025,titanium,5,1.791759469228055
TIMOB-19026,titanium,3,1.3862943611198906
TIMOB-19028,titanium,5,1.791759469228055
TIMOB-19029,titanium,5,1.791759469228055
TIMOB-19030,titanium,5,1.791759469228055
TIMOB-19031,titanium,5,1.791759469228055
TIMOB-19032,titanium,13,2.6390573296152584
TIMOB-19033,titanium,8,2.1972245773362196
TIMOB-19034,titanium,5,1.791759469228055
TIMOB-19037,titanium,8,2.1972245773362196
TIMOB-19038,titanium,8,2.1972245773362196
TIMOB-19039,titanium,5,1.791759469228055
TIMOB-19040,titanium,13,2.6390573296152584
TIMOB-19041,titanium,5,1.791759469228055
TIMOB-19042,titanium,5,1.791759469228055
TIMOB-19043,titanium,5,1.791759469228055
TIMOB-19044,titanium,5,1.791759469228055
TIMOB-19045,titanium,8,2.1972245773362196
TIMOB-19048,titanium,5,1.791759469228055
TIMOB-19051,titanium,8,2.1972245773362196
TIMOB-19052,titanium,5,1.791759469228055
TIMOB-19054,titanium,3,1.3862943611198906
TIMOB-19055,titanium,5,1.791759469228055
TIMOB-19056,titanium,5,1.791759469228055
TIMOB-19057,titanium,5,1.791759469228055
TIMOB-19058,titanium,5,1.791759469228055
TIMOB-19059,titanium,5,1.791759469228055
TIMOB-19061,titanium,5,1.791759469228055
TIMOB-19062,titanium,8,2.1972245773362196
TIMOB-19063,titanium,8,2.1972245773362196
TIMOB-19065,titanium,5,1.791759469228055
TIMOB-19066,titanium,3,1.3862943611198906
TIMOB-19067,titanium,8,2.1972245773362196
TIMOB-19069,titanium,13,2.6390573296152584
TIMOB-19070,titanium,8,2.1972245773362196
TIMOB-19073,titanium,34,3.5553480614894135
TIMOB-19076,titanium,5,1.791759469228055
TIMOB-19077,titanium,8,2.1972245773362196
TIMOB-19078,titanium,13,2.6390573296152584
TIMOB-19079,titanium,5,1.791759469228055
TIMOB-19081,titanium,3,1.3862943611198906
TIMOB-19082,titanium,3,1.3862943611198906
TIMOB-19083,titanium,3,1.3862943611198906
TIMOB-19084,titanium,8,2.1972245773362196
TIMOB-19085,titanium,8,2.1972245773362196
TIMOB-19086,titanium,5,1.791759469228055
TIMOB-19088,titanium,5,1.791759469228055
TIMOB-19090,titanium,5,1.791759469228055
TIMOB-19091,titanium,5,1.791759469228055
TIMOB-19092,titanium,5,1.791759469228055
TIMOB-19093,titanium,3,1.3862943611198906
TIMOB-19095,titanium,3,1.3862943611198906
TIMOB-19096,titanium,1,0.6931471805599453
TIMOB-19097,titanium,3,1.3862943611198906
TIMOB-19098,titanium,3,1.3862943611198906
TIMOB-19099,titanium,3,1.3862943611198906
TIMOB-19100,titanium,3,1.3862943611198906
TIMOB-19102,titanium,3,1.3862943611198906
TIMOB-19103,titanium,5,1.791759469228055
TIMOB-19104,titanium,3,1.3862943611198906
TIMOB-19105,titanium,1,0.6931471805599453
TIMOB-19106,titanium,3,1.3862943611198906
TIMOB-19107,titanium,3,1.3862943611198906
TIMOB-19108,titanium,2,1.0986122886681098
TIMOB-19109,titanium,3,1.3862943611198906
TIMOB-19111,titanium,8,2.1972245773362196
TIMOB-19112,titanium,5,1.791759469228055
TIMOB-19114,titanium,3,1.3862943611198906
TIMOB-19116,titanium,5,1.791759469228055
TIMOB-19119,titanium,8,2.1972245773362196
TIMOB-19120,titanium,3,1.3862943611198906
TIMOB-19122,titanium,8,2.1972245773362196
TIMOB-19123,titanium,3,1.3862943611198906
TIMOB-19124,titanium,5,1.791759469228055
TIMOB-19125,titanium,1,0.6931471805599453
TIMOB-19126,titanium,3,1.3862943611198906
TIMOB-19127,titanium,2,1.0986122886681098
TIMOB-19128,titanium,2,1.0986122886681098
TIMOB-19129,titanium,5,1.791759469228055
TIMOB-19130,titanium,3,1.3862943611198906
TIMOB-19131,titanium,5,1.791759469228055
TIMOB-19132,titanium,5,1.791759469228055
TIMOB-19135,titanium,3,1.3862943611198906
TIMOB-19137,titanium,8,2.1972245773362196
TIMOB-19138,titanium,3,1.3862943611198906
TIMOB-19139,titanium,1,0.6931471805599453
TIMOB-19140,titanium,3,1.3862943611198906
TIMOB-19142,titanium,3,1.3862943611198906
TIMOB-19143,titanium,8,2.1972245773362196
TIMOB-19144,titanium,5,1.791759469228055
TIMOB-19147,titanium,5,1.791759469228055
TIMOB-19148,titanium,3,1.3862943611198906
TIMOB-19149,titanium,5,1.791759469228055
TIMOB-19150,titanium,5,1.791759469228055
TIMOB-19151,titanium,21,3.091042453358316
TIMOB-19152,titanium,5,1.791759469228055
TIMOB-19153,titanium,5,1.791759469228055
TIMOB-19154,titanium,13,2.6390573296152584
TIMOB-19156,titanium,5,1.791759469228055
TIMOB-19157,titanium,5,1.791759469228055
TIMOB-19160,titanium,13,2.6390573296152584
TIMOB-19164,titanium,8,2.1972245773362196
TIMOB-19165,titanium,5,1.791759469228055
TIMOB-19170,titanium,3,1.3862943611198906
TIMOB-19175,titanium,5,1.791759469228055
TIMOB-19176,titanium,3,1.3862943611198906
TIMOB-19177,titanium,5,1.791759469228055
TIMOB-19178,titanium,8,2.1972245773362196
TIMOB-19179,titanium,2,1.0986122886681098
TIMOB-19180,titanium,2,1.0986122886681098
TIMOB-19181,titanium,8,2.1972245773362196
TIMOB-19183,titanium,3,1.3862943611198906
TIMOB-19184,titanium,5,1.791759469228055
TIMOB-19185,titanium,5,1.791759469228055
TIMOB-19186,titanium,3,1.3862943611198906
TIMOB-19187,titanium,13,2.6390573296152584
TIMOB-19188,titanium,5,1.791759469228055
TIMOB-19192,titanium,5,1.791759469228055
TIMOB-19193,titanium,5,1.791759469228055
TIMOB-19194,titanium,5,1.791759469228055
TIMOB-19195,titanium,13,2.6390573296152584
TIMOB-19199,titanium,3,1.3862943611198906
TIMOB-19200,titanium,3,1.3862943611198906
TIMOB-19202,titanium,21,3.091042453358316
TIMOB-19203,titanium,5,1.791759469228055
TIMOB-19205,titanium,5,1.791759469228055
TIMOB-19206,titanium,8,2.1972245773362196
TIMOB-19207,titanium,13,2.6390573296152584
TIMOB-19208,titanium,8,2.1972245773362196
TIMOB-19209,titanium,5,1.791759469228055
TIMOB-19211,titanium,3,1.3862943611198906
TIMOB-19212,titanium,5,1.791759469228055
TIMOB-19213,titanium,8,2.1972245773362196
TIMOB-19214,titanium,5,1.791759469228055
TIMOB-19215,titanium,13,2.6390573296152584
TIMOB-19216,titanium,13,2.6390573296152584
TIMOB-19217,titanium,3,1.3862943611198906
TIMOB-19218,titanium,5,1.791759469228055
TIMOB-19219,titanium,8,2.1972245773362196
TIMOB-19221,titanium,13,2.6390573296152584
TIMOB-19224,titanium,3,1.3862943611198906
TIMOB-19225,titanium,8,2.1972245773362196
TIMOB-19227,titanium,21,3.091042453358316
TIMOB-19231,titanium,5,1.791759469228055
TIMOB-19232,titanium,5,1.791759469228055
TIMOB-19233,titanium,8,2.1972245773362196
TIMOB-19234,titanium,8,2.1972245773362196
TIMOB-19235,titanium,5,1.791759469228055
TIMOB-19241,titanium,5,1.791759469228055
TIMOB-19242,titanium,8,2.1972245773362196
TIMOB-19243,titanium,21,3.091042453358316
TIMOB-19244,titanium,8,2.1972245773362196
TIMOB-19245,titanium,13,2.6390573296152584
TIMOB-19249,titanium,5,1.791759469228055
TIMOB-19251,titanium,5,1.791759469228055
TIMOB-19253,titanium,1,0.6931471805599453
TIMOB-19262,titanium,13,2.6390573296152584
TIMOB-19263,titanium,2,1.0986122886681098
TIMOB-19264,titanium,1,0.6931471805599453
TIMOB-19265,titanium,3,1.3862943611198906
TIMOB-19266,titanium,1,0.6931471805599453
TIMOB-19267,titanium,13,2.6390573296152584
TIMOB-19268,titanium,3,1.3862943611198906
TIMOB-19269,titanium,8,2.1972245773362196
TIMOB-19270,titanium,13,2.6390573296152584
TIMOB-19271,titanium,13,2.6390573296152584
TIMOB-19272,titanium,13,2.6390573296152584
TIMOB-19274,titanium,3,1.3862943611198906
TIMOB-19275,titanium,3,1.3862943611198906
TIMOB-19276,titanium,13,2.6390573296152584
TIMOB-19279,titanium,13,2.6390573296152584
TIMOB-19281,titanium,5,1.791759469228055
TIMOB-19286,titanium,5,1.791759469228055
TIMOB-19287,titanium,13,2.6390573296152584
TIMOB-19290,titanium,8,2.1972245773362196
TIMOB-19292,titanium,13,2.6390573296152584
TIMOB-19293,titanium,8,2.1972245773362196
TIMOB-19294,titanium,5,1.791759469228055
TIMOB-19297,titanium,34,3.5553480614894135
TIMOB-19302,titanium,8,2.1972245773362196
TIMOB-19303,titanium,5,1.791759469228055
TIMOB-19305,titanium,8,2.1972245773362196
TIMOB-19308,titanium,21,3.091042453358316
TIMOB-19311,titanium,13,2.6390573296152584
TIMOB-19312,titanium,8,2.1972245773362196
TIMOB-19318,titanium,3,1.3862943611198906
TIMOB-19320,titanium,5,1.791759469228055
TIMOB-19325,titanium,3,1.3862943611198906
TIMOB-19326,titanium,2,1.0986122886681098
TIMOB-19328,titanium,5,1.791759469228055
TIMOB-19330,titanium,5,1.791759469228055
TIMOB-19331,titanium,13,2.6390573296152584
TIMOB-19335,titanium,2,1.0986122886681098
TIMOB-19337,titanium,3,1.3862943611198906
TIMOB-19340,titanium,3,1.3862943611198906
TIMOB-19344,titanium,2,1.0986122886681098
TIMOB-19345,titanium,5,1.791759469228055
TIMOB-19347,titanium,5,1.791759469228055
TIMOB-19348,titanium,8,2.1972245773362196
TIMOB-19349,titanium,5,1.791759469228055
TIMOB-19350,titanium,5,1.791759469228055
TIMOB-19351,titanium,8,2.1972245773362196
TIMOB-19352,titanium,3,1.3862943611198906
TIMOB-19355,titanium,5,1.791759469228055
TIMOB-19356,titanium,5,1.791759469228055
TIMOB-19357,titanium,3,1.3862943611198906
TIMOB-19361,titanium,5,1.791759469228055
TIMOB-19364,titanium,13,2.6390573296152584
TIMOB-19365,titanium,2,1.0986122886681098
TIMOB-19366,titanium,3,1.3862943611198906
TIMOB-19368,titanium,8,2.1972245773362196
TIMOB-19369,titanium,2,1.0986122886681098
TIMOB-19374,titanium,21,3.091042453358316
TIMOB-19375,titanium,21,3.091042453358316
TIMOB-19376,titanium,13,2.6390573296152584
TIMOB-19377,titanium,3,1.3862943611198906
TIMOB-19378,titanium,5,1.791759469228055
TIMOB-19379,titanium,1,0.6931471805599453
TIMOB-19380,titanium,2,1.0986122886681098
TIMOB-19381,titanium,3,1.3862943611198906
TIMOB-19383,titanium,13,2.6390573296152584
TIMOB-19384,titanium,3,1.3862943611198906
TIMOB-19385,titanium,3,1.3862943611198906
TIMOB-19386,titanium,8,2.1972245773362196
TIMOB-19390,titanium,21,3.091042453358316
TIMOB-19394,titanium,8,2.1972245773362196
TIMOB-19397,titanium,5,1.791759469228055
TIMOB-19399,titanium,8,2.1972245773362196
TIMOB-19400,titanium,21,3.091042453358316
TIMOB-19401,titanium,13,2.6390573296152584
TIMOB-19402,titanium,5,1.791759469228055
TIMOB-19404,titanium,8,2.1972245773362196
TIMOB-19405,titanium,5,1.791759469228055
TIMOB-19406,titanium,5,1.791759469228055
TIMOB-19409,titanium,13,2.6390573296152584
TIMOB-19410,titanium,8,2.1972245773362196
TIMOB-19411,titanium,5,1.791759469228055
TIMOB-19412,titanium,5,1.791759469228055
TIMOB-19414,titanium,8,2.1972245773362196
TIMOB-19416,titanium,3,1.3862943611198906
TIMOB-19418,titanium,2,1.0986122886681098
TIMOB-19419,titanium,8,2.1972245773362196
TIMOB-19420,titanium,5,1.791759469228055
TIMOB-19422,titanium,13,2.6390573296152584
TIMOB-19424,titanium,8,2.1972245773362196
TIMOB-19426,titanium,5,1.791759469228055
TIMOB-19427,titanium,3,1.3862943611198906
TIMOB-19428,titanium,1,0.6931471805599453
TIMOB-19435,titanium,3,1.3862943611198906
TIMOB-19437,titanium,3,1.3862943611198906
TIMOB-19438,titanium,5,1.791759469228055
TIMOB-19442,titanium,5,1.791759469228055
TIMOB-19445,titanium,3,1.3862943611198906
TIMOB-19446,titanium,13,2.6390573296152584
TIMOB-19447,titanium,8,2.1972245773362196
TIMOB-19452,titanium,3,1.3862943611198906
TIMOB-19455,titanium,8,2.1972245773362196
TIMOB-19456,titanium,5,1.791759469228055
TIMOB-19469,titanium,5,1.791759469228055
TIMOB-19470,titanium,2,1.0986122886681098
TIMOB-19473,titanium,5,1.791759469228055
TIMOB-19474,titanium,5,1.791759469228055
TIMOB-19476,titanium,5,1.791759469228055
TIMOB-19477,titanium,8,2.1972245773362196
TIMOB-19478,titanium,8,2.1972245773362196
TIMOB-19479,titanium,1,0.6931471805599453
TIMOB-19481,titanium,2,1.0986122886681098
TIMOB-19482,titanium,3,1.3862943611198906
TIMOB-19483,titanium,8,2.1972245773362196
TIMOB-19484,titanium,8,2.1972245773362196
TIMOB-19486,titanium,8,2.1972245773362196
TIMOB-19487,titanium,8,2.1972245773362196
TIMOB-19488,titanium,13,2.6390573296152584
TIMOB-19490,titanium,3,1.3862943611198906
TIMOB-19491,titanium,8,2.1972245773362196
TIMOB-19492,titanium,8,2.1972245773362196
TIMOB-19493,titanium,8,2.1972245773362196
TIMOB-19494,titanium,8,2.1972245773362196
TIMOB-19495,titanium,5,1.791759469228055
TIMOB-19496,titanium,5,1.791759469228055
TIMOB-19497,titanium,5,1.791759469228055
TIMOB-19500,titanium,2,1.0986122886681098
TIMOB-19502,titanium,5,1.791759469228055
TIMOB-19504,titanium,1,0.6931471805599453
TIMOB-19506,titanium,3,1.3862943611198906
TIMOB-19508,titanium,3,1.3862943611198906
TIMOB-19512,titanium,13,2.6390573296152584
TIMOB-19516,titanium,5,1.791759469228055
TIMOB-19517,titanium,3,1.3862943611198906
TIMOB-19518,titanium,3,1.3862943611198906
TIMOB-19522,titanium,3,1.3862943611198906
TIMOB-19528,titanium,8,2.1972245773362196
TIMOB-19529,titanium,2,1.0986122886681098
TIMOB-19533,titanium,5,1.791759469228055
TIMOB-19536,titanium,8,2.1972245773362196
TIMOB-19541,titanium,2,1.0986122886681098
TIMOB-19544,titanium,5,1.791759469228055
TIMOB-19545,titanium,3,1.3862943611198906
TIMOB-19549,titanium,5,1.791759469228055
TIMOB-19550,titanium,3,1.3862943611198906
TIMOB-19554,titanium,5,1.791759469228055
TIMOB-19555,titanium,1,0.6931471805599453
TIMOB-19562,titanium,5,1.791759469228055
TIMOB-19564,titanium,5,1.791759469228055
TIMOB-19565,titanium,1,0.6931471805599453
TIMOB-19566,titanium,2,1.0986122886681098
TIMOB-19567,titanium,3,1.3862943611198906
TIMOB-19568,titanium,2,1.0986122886681098
TIMOB-19572,titanium,2,1.0986122886681098
TIMOB-19574,titanium,5,1.791759469228055
TIMOB-19575,titanium,13,2.6390573296152584
TIMOB-19576,titanium,13,2.6390573296152584
TIMOB-19577,titanium,13,2.6390573296152584
TIMOB-19578,titanium,2,1.0986122886681098
TIMOB-19580,titanium,8,2.1972245773362196
TIMOB-19588,titanium,1,0.6931471805599453
TIMOB-19597,titanium,5,1.791759469228055
TIMOB-19609,titanium,5,1.791759469228055
TIMOB-19612,titanium,8,2.1972245773362196
TIMOB-19615,titanium,2,1.0986122886681098
TIMOB-19617,titanium,5,1.791759469228055
TIMOB-19621,titanium,5,1.791759469228055
TIMOB-19628,titanium,5,1.791759469228055
TIMOB-19633,titanium,2,1.0986122886681098
TIMOB-19639,titanium,5,1.791759469228055
TIMOB-19640,titanium,2,1.0986122886681098
TIMOB-19644,titanium,3,1.3862943611198906
TIMOB-19646,titanium,5,1.791759469228055
TIMOB-19647,titanium,8,2.1972245773362196
TIMOB-19648,titanium,5,1.791759469228055
TIMOB-19650,titanium,5,1.791759469228055
TIMOB-19651,titanium,5,1.791759469228055
TIMOB-19652,titanium,8,2.1972245773362196
TIMOB-19654,titanium,3,1.3862943611198906
TIMOB-19655,titanium,5,1.791759469228055
TIMOB-19656,titanium,5,1.791759469228055
TIMOB-19657,titanium,1,0.6931471805599453
TIMOB-19659,titanium,8,2.1972245773362196
TIMOB-19660,titanium,1,0.6931471805599453
TIMOB-19661,titanium,1,0.6931471805599453
TIMOB-19662,titanium,8,2.1972245773362196
TIMOB-19663,titanium,5,1.791759469228055
TIMOB-19664,titanium,5,1.791759469228055
TIMOB-19665,titanium,1,0.6931471805599453
TIMOB-19666,titanium,13,2.6390573296152584
TIMOB-19667,titanium,8,2.1972245773362196
TIMOB-19672,titanium,8,2.1972245773362196
TIMOB-19673,titanium,3,1.3862943611198906
TIMOB-19674,titanium,3,1.3862943611198906
TIMOB-19675,titanium,8,2.1972245773362196
TIMOB-19676,titanium,5,1.791759469228055
TIMOB-19677,titanium,8,2.1972245773362196
TIMOB-19678,titanium,5,1.791759469228055
TIMOB-19679,titanium,2,1.0986122886681098
TIMOB-19680,titanium,1,0.6931471805599453
TIMOB-19681,titanium,1,0.6931471805599453
TIMOB-19682,titanium,8,2.1972245773362196
TIMOB-19683,titanium,2,1.0986122886681098
TIMOB-19685,titanium,3,1.3862943611198906
TIMOB-19687,titanium,5,1.791759469228055
TIMOB-19689,titanium,8,2.1972245773362196
TIMOB-19691,titanium,5,1.791759469228055
TIMOB-19692,titanium,5,1.791759469228055
TIMOB-19693,titanium,8,2.1972245773362196
TIMOB-19694,titanium,5,1.791759469228055
TIMOB-19697,titanium,5,1.791759469228055
TIMOB-19698,titanium,5,1.791759469228055
TIMOB-19700,titanium,8,2.1972245773362196
TIMOB-19701,titanium,13,2.6390573296152584
TIMOB-19702,titanium,8,2.1972245773362196
TIMOB-19703,titanium,3,1.3862943611198906
TIMOB-19704,titanium,8,2.1972245773362196
TIMOB-19705,titanium,1,0.6931471805599453
TIMOB-19707,titanium,5,1.791759469228055
TIMOB-19716,titanium,3,1.3862943611198906
TIMOB-19717,titanium,8,2.1972245773362196
TIMOB-19722,titanium,2,1.0986122886681098
TIMOB-19725,titanium,3,1.3862943611198906
TIMOB-19733,titanium,5,1.791759469228055
TIMOB-19737,titanium,1,0.6931471805599453
TIMOB-19739,titanium,3,1.3862943611198906
TIMOB-19740,titanium,8,2.1972245773362196
TIMOB-19741,titanium,5,1.791759469228055
TIMOB-19745,titanium,5,1.791759469228055
TIMOB-19751,titanium,5,1.791759469228055
TIMOB-19753,titanium,3,1.3862943611198906
TIMOB-19754,titanium,3,1.3862943611198906
TIMOB-19755,titanium,3,1.3862943611198906
TIMOB-19759,titanium,2,1.0986122886681098
TIMOB-19760,titanium,3,1.3862943611198906
TIMOB-19762,titanium,21,3.091042453358316
TIMOB-19766,titanium,5,1.791759469228055
TIMOB-19767,titanium,3,1.3862943611198906
TIMOB-19768,titanium,2,1.0986122886681098
TIMOB-19769,titanium,5,1.791759469228055
TIMOB-19773,titanium,5,1.791759469228055
TIMOB-19774,titanium,8,2.1972245773362196
TIMOB-19777,titanium,5,1.791759469228055
TIMOB-19779,titanium,5,1.791759469228055
TIMOB-19784,titanium,5,1.791759469228055
TIMOB-19787,titanium,8,2.1972245773362196
TIMOB-19788,titanium,3,1.3862943611198906
TIMOB-19789,titanium,5,1.791759469228055
TIMOB-19791,titanium,13,2.6390573296152584
TIMOB-19793,titanium,5,1.791759469228055
TIMOB-19795,titanium,13,2.6390573296152584
TIMOB-19796,titanium,8,2.1972245773362196
TIMOB-19798,titanium,5,1.791759469228055
TIMOB-19799,titanium,8,2.1972245773362196
TIMOB-19801,titanium,1,0.6931471805599453
TIMOB-19802,titanium,3,1.3862943611198906
TIMOB-19803,titanium,1,0.6931471805599453
TIMOB-19804,titanium,5,1.791759469228055
TIMOB-19807,titanium,5,1.791759469228055
TIMOB-19808,titanium,5,1.791759469228055
TIMOB-19809,titanium,8,2.1972245773362196
TIMOB-19811,titanium,5,1.791759469228055
TIMOB-19812,titanium,3,1.3862943611198906
TIMOB-19817,titanium,1,0.6931471805599453
TIMOB-19819,titanium,1,0.6931471805599453
TIMOB-19820,titanium,5,1.791759469228055
TIMOB-19821,titanium,5,1.791759469228055
TIMOB-19822,titanium,5,1.791759469228055
TIMOB-19823,titanium,5,1.791759469228055
TIMOB-19825,titanium,3,1.3862943611198906
TIMOB-19828,titanium,8,2.1972245773362196
TIMOB-19830,titanium,5,1.791759469228055
TIMOB-19833,titanium,5,1.791759469228055
TIMOB-19836,titanium,5,1.791759469228055
TIMOB-19837,titanium,8,2.1972245773362196
TIMOB-19838,titanium,5,1.791759469228055
TIMOB-19840,titanium,3,1.3862943611198906
TIMOB-19841,titanium,8,2.1972245773362196
TIMOB-19842,titanium,3,1.3862943611198906
TIMOB-19843,titanium,2,1.0986122886681098
TIMOB-19848,titanium,5,1.791759469228055
TIMOB-19850,titanium,3,1.3862943611198906
TIMOB-19853,titanium,5,1.791759469228055
TIMOB-19856,titanium,5,1.791759469228055
TIMOB-19858,titanium,3,1.3862943611198906
TIMOB-19859,titanium,2,1.0986122886681098
TIMOB-19865,titanium,5,1.791759469228055
TIMOB-19867,titanium,5,1.791759469228055
TIMOB-19869,titanium,13,2.6390573296152584
TIMOB-19870,titanium,13,2.6390573296152584
TIMOB-19884,titanium,5,1.791759469228055
TIMOB-19886,titanium,8,2.1972245773362196
TIMOB-19891,titanium,5,1.791759469228055
TIMOB-19894,titanium,8,2.1972245773362196
TIMOB-19896,titanium,3,1.3862943611198906
TIMOB-19897,titanium,5,1.791759469228055
TIMOB-19898,titanium,2,1.0986122886681098
TIMOB-19903,titanium,8,2.1972245773362196
TIMOB-19905,titanium,1,0.6931471805599453
TIMOB-19908,titanium,3,1.3862943611198906
TIMOB-19910,titanium,3,1.3862943611198906
TIMOB-19912,titanium,5,1.791759469228055
TIMOB-19916,titanium,5,1.791759469228055
TIMOB-19919,titanium,3,1.3862943611198906
TIMOB-19921,titanium,13,2.6390573296152584
TIMOB-19925,titanium,5,1.791759469228055
TIMOB-19926,titanium,8,2.1972245773362196
TIMOB-19927,titanium,5,1.791759469228055
TIMOB-19929,titanium,5,1.791759469228055
TIMOB-19930,titanium,5,1.791759469228055
TIMOB-19931,titanium,5,1.791759469228055
TIMOB-19932,titanium,13,2.6390573296152584
TIMOB-19935,titanium,13,2.6390573296152584
TIMOB-19936,titanium,13,2.6390573296152584
TIMOB-19937,titanium,5,1.791759469228055
TIMOB-19943,titanium,5,1.791759469228055
TIMOB-19945,titanium,8,2.1972245773362196
TIMOB-19946,titanium,5,1.791759469228055
TIMOB-19947,titanium,8,2.1972245773362196
TIMOB-19948,titanium,5,1.791759469228055
TIMOB-19950,titanium,5,1.791759469228055
TIMOB-19952,titanium,5,1.791759469228055
TIMOB-19953,titanium,5,1.791759469228055
TIMOB-19954,titanium,13,2.6390573296152584
TIMOB-19955,titanium,5,1.791759469228055
TIMOB-19956,titanium,8,2.1972245773362196
TIMOB-19957,titanium,8,2.1972245773362196
TIMOB-19958,titanium,8,2.1972245773362196
TIMOB-19959,titanium,8,2.1972245773362196
TIMOB-19960,titanium,8,2.1972245773362196
TIMOB-19961,titanium,8,2.1972245773362196
TIMOB-19962,titanium,8,2.1972245773362196
TIMOB-19963,titanium,5,1.791759469228055
TIMOB-19964,titanium,8,2.1972245773362196
TIMOB-19967,titanium,2,1.0986122886681098
TIMOB-19968,titanium,2,1.0986122886681098
TIMOB-19969,titanium,5,1.791759469228055
TIMOB-19974,titanium,1,0.6931471805599453
TIMOB-19981,titanium,5,1.791759469228055
TIMOB-19984,titanium,8,2.1972245773362196
TIMOB-19988,titanium,13,2.6390573296152584
TIMOB-19989,titanium,8,2.1972245773362196
TIMOB-19994,titanium,13,2.6390573296152584
TIMOB-19997,titanium,21,3.091042453358316
TIMOB-20000,titanium,3,1.3862943611198906
TIMOB-20001,titanium,2,1.0986122886681098
TIMOB-20002,titanium,3,1.3862943611198906
TIMOB-20003,titanium,2,1.0986122886681098
TIMOB-20004,titanium,3,1.3862943611198906
TIMOB-20005,titanium,2,1.0986122886681098
TIMOB-20008,titanium,1,0.6931471805599453
TIMOB-20010,titanium,3,1.3862943611198906
TIMOB-20013,titanium,3,1.3862943611198906
TIMOB-20014,titanium,3,1.3862943611198906
TIMOB-20015,titanium,5,1.791759469228055
TIMOB-20018,titanium,3,1.3862943611198906
TIMOB-20027,titanium,3,1.3862943611198906
TIMOB-20028,titanium,5,1.791759469228055
TIMOB-20030,titanium,5,1.791759469228055
TIMOB-20035,titanium,21,3.091042453358316
TIMOB-20036,titanium,3,1.3862943611198906
TIMOB-20038,titanium,8,2.1972245773362196
TIMOB-20041,titanium,5,1.791759469228055
TIMOB-20048,titanium,3,1.3862943611198906
TIMOB-20049,titanium,8,2.1972245773362196
TIMOB-20050,titanium,8,2.1972245773362196
TIMOB-20051,titanium,5,1.791759469228055
TIMOB-20054,titanium,5,1.791759469228055
TIMOB-20055,titanium,3,1.3862943611198906
TIMOB-20059,titanium,1,0.6931471805599453
TIMOB-20062,titanium,5,1.791759469228055
TIMOB-20064,titanium,13,2.6390573296152584
TIMOB-20066,titanium,3,1.3862943611198906
TIMOB-20068,titanium,3,1.3862943611198906
TIMOB-20072,titanium,3,1.3862943611198906
TIMOB-20076,titanium,5,1.791759469228055
TIMOB-20078,titanium,5,1.791759469228055
TIMOB-20079,titanium,3,1.3862943611198906
TIMOB-20080,titanium,13,2.6390573296152584
TIMOB-20083,titanium,5,1.791759469228055
TIMOB-20084,titanium,5,1.791759469228055
TIMOB-20085,titanium,5,1.791759469228055
TIMOB-20086,titanium,5,1.791759469228055
TIMOB-20087,titanium,8,2.1972245773362196
TIMOB-20089,titanium,2,1.0986122886681098
TIMOB-20090,titanium,1,0.6931471805599453
TIMOB-20092,titanium,5,1.791759469228055
TIMOB-20095,titanium,13,2.6390573296152584
TIMOB-20096,titanium,8,2.1972245773362196
TIMOB-20097,titanium,5,1.791759469228055
TIMOB-20098,titanium,3,1.3862943611198906
TIMOB-20100,titanium,1,0.6931471805599453
TIMOB-20110,titanium,3,1.3862943611198906
TIMOB-20111,titanium,5,1.791759469228055
TIMOB-20113,titanium,2,1.0986122886681098
TIMOB-20115,titanium,5,1.791759469228055
TIMOB-20116,titanium,5,1.791759469228055
TIMOB-20118,titanium,3,1.3862943611198906
TIMOB-20126,titanium,5,1.791759469228055
TIMOB-20130,titanium,5,1.791759469228055
TIMOB-20131,titanium,3,1.3862943611198906
TIMOB-20136,titanium,3,1.3862943611198906
TIMOB-20138,titanium,8,2.1972245773362196
TIMOB-20139,titanium,5,1.791759469228055
TIMOB-20140,titanium,5,1.791759469228055
TIMOB-20142,titanium,3,1.3862943611198906
TIMOB-20143,titanium,5,1.791759469228055
TIMOB-20145,titanium,5,1.791759469228055
TIMOB-20146,titanium,5,1.791759469228055
TIMOB-20152,titanium,5,1.791759469228055
TIMOB-20155,titanium,8,2.1972245773362196
TIMOB-20157,titanium,3,1.3862943611198906
TIMOB-20158,titanium,3,1.3862943611198906
TIMOB-20159,titanium,5,1.791759469228055
TIMOB-20161,titanium,8,2.1972245773362196
TIMOB-20163,titanium,8,2.1972245773362196
TIMOB-20164,titanium,8,2.1972245773362196
TIMOB-20166,titanium,5,1.791759469228055
TIMOB-20167,titanium,5,1.791759469228055
TIMOB-20171,titanium,5,1.791759469228055
TIMOB-20172,titanium,5,1.791759469228055
TIMOB-20173,titanium,5,1.791759469228055
TIMOB-20174,titanium,5,1.791759469228055
TIMOB-20176,titanium,13,2.6390573296152584
TIMOB-20178,titanium,5,1.791759469228055
TIMOB-20180,titanium,1,0.6931471805599453
TIMOB-20181,titanium,5,1.791759469228055
TIMOB-20183,titanium,3,1.3862943611198906
TIMOB-20185,titanium,5,1.791759469228055
TIMOB-20187,titanium,5,1.791759469228055
TIMOB-20188,titanium,3,1.3862943611198906
TIMOB-20189,titanium,3,1.3862943611198906
TIMOB-20190,titanium,5,1.791759469228055
TIMOB-20191,titanium,5,1.791759469228055
TIMOB-20192,titanium,5,1.791759469228055
TIMOB-20193,titanium,1,0.6931471805599453
TIMOB-20195,titanium,5,1.791759469228055
TIMOB-20197,titanium,13,2.6390573296152584
TIMOB-20198,titanium,5,1.791759469228055
TIMOB-20199,titanium,8,2.1972245773362196
TIMOB-20201,titanium,5,1.791759469228055
TIMOB-20202,titanium,2,1.0986122886681098
TIMOB-20204,titanium,5,1.791759469228055
TIMOB-20205,titanium,13,2.6390573296152584
TIMOB-20206,titanium,5,1.791759469228055
TIMOB-20210,titanium,5,1.791759469228055
TIMOB-20211,titanium,8,2.1972245773362196
TIMOB-20212,titanium,5,1.791759469228055
TIMOB-20213,titanium,3,1.3862943611198906
TIMOB-20217,titanium,3,1.3862943611198906
TIMOB-20219,titanium,5,1.791759469228055
TIMOB-20220,titanium,5,1.791759469228055
TIMOB-20221,titanium,5,1.791759469228055
TIMOB-20222,titanium,8,2.1972245773362196
TIMOB-20224,titanium,5,1.791759469228055
TIMOB-20226,titanium,8,2.1972245773362196
TIMOB-20228,titanium,1,0.6931471805599453
TIMOB-20229,titanium,5,1.791759469228055
TIMOB-20231,titanium,5,1.791759469228055
TIMOB-20232,titanium,2,1.0986122886681098
TIMOB-20233,titanium,3,1.3862943611198906
TIMOB-20234,titanium,3,1.3862943611198906
TIMOB-20235,titanium,3,1.3862943611198906
TIMOB-20236,titanium,8,2.1972245773362196
TIMOB-20238,titanium,3,1.3862943611198906
TIMOB-20240,titanium,3,1.3862943611198906
TIMOB-20241,titanium,5,1.791759469228055
TIMOB-20243,titanium,2,1.0986122886681098
TIMOB-20245,titanium,5,1.791759469228055
TIMOB-20246,titanium,3,1.3862943611198906
TIMOB-20250,titanium,5,1.791759469228055
TIMOB-20251,titanium,5,1.791759469228055
TIMOB-20252,titanium,5,1.791759469228055
TIMOB-20256,titanium,13,2.6390573296152584
TIMOB-20257,titanium,8,2.1972245773362196
TIMOB-20258,titanium,3,1.3862943611198906
USERGRID-16,usergrid,3,1.3862943611198906
USERGRID-17,usergrid,3,1.3862943611198906
USERGRID-19,usergrid,3,1.3862943611198906
USERGRID-21,usergrid,3,1.3862943611198906
USERGRID-23,usergrid,3,1.3862943611198906
USERGRID-24,usergrid,3,1.3862943611198906
USERGRID-26,usergrid,3,1.3862943611198906
USERGRID-27,usergrid,3,1.3862943611198906
USERGRID-29,usergrid,3,1.3862943611198906
USERGRID-30,usergrid,3,1.3862943611198906
USERGRID-35,usergrid,3,1.3862943611198906
USERGRID-40,usergrid,3,1.3862943611198906
USERGRID-51,usergrid,3,1.3862943611198906
USERGRID-56,usergrid,3,1.3862943611198906
USERGRID-58,usergrid,3,1.3862943611198906
USERGRID-59,usergrid,3,1.3862943611198906
USERGRID-82,usergrid,3,1.3862943611198906
USERGRID-98,usergrid,3,1.3862943611198906
USERGRID-103,usergrid,5,1.791759469228055
USERGRID-160,usergrid,3,1.3862943611198906
USERGRID-161,usergrid,3,1.3862943611198906
USERGRID-178,usergrid,3,1.3862943611198906
USERGRID-179,usergrid,3,1.3862943611198906
USERGRID-193,usergrid,3,1.3862943611198906
USERGRID-210,usergrid,3,1.3862943611198906
USERGRID-211,usergrid,3,1.3862943611198906
USERGRID-212,usergrid,3,1.3862943611198906
USERGRID-215,usergrid,3,1.3862943611198906
USERGRID-216,usergrid,2,1.0986122886681098
USERGRID-230,usergrid,3,1.3862943611198906
USERGRID-231,usergrid,3,1.3862943611198906
USERGRID-235,usergrid,3,1.3862943611198906
USERGRID-236,usergrid,3,1.3862943611198906
USERGRID-237,usergrid,3,1.3862943611198906
USERGRID-238,usergrid,2,1.0986122886681098
USERGRID-241,usergrid,3,1.3862943611198906
USERGRID-249,usergrid,3,1.3862943611198906
USERGRID-262,usergrid,3,1.3862943611198906
USERGRID-263,usergrid,3,1.3862943611198906
USERGRID-273,usergrid,8,2.1972245773362196
USERGRID-280,usergrid,3,1.3862943611198906
USERGRID-281,usergrid,3,1.3862943611198906
USERGRID-286,usergrid,3,1.3862943611198906
USERGRID-294,usergrid,5,1.791759469228055
USERGRID-316,usergrid,3,1.3862943611198906
USERGRID-324,usergrid,8,2.1972245773362196
USERGRID-332,usergrid,3,1.3862943611198906
USERGRID-333,usergrid,3,1.3862943611198906
USERGRID-334,usergrid,3,1.3862943611198906
USERGRID-335,usergrid,2,1.0986122886681098
USERGRID-336,usergrid,1,0.6931471805599453
USERGRID-338,usergrid,1,0.6931471805599453
USERGRID-340,usergrid,1,0.6931471805599453
USERGRID-341,usergrid,3,1.3862943611198906
USERGRID-342,usergrid,1,0.6931471805599453
USERGRID-343,usergrid,3,1.3862943611198906
USERGRID-345,usergrid,1,0.6931471805599453
USERGRID-346,usergrid,3,1.3862943611198906
USERGRID-347,usergrid,3,1.3862943611198906
USERGRID-348,usergrid,3,1.3862943611198906
USERGRID-349,usergrid,3,1.3862943611198906
USERGRID-350,usergrid,3,1.3862943611198906
USERGRID-360,usergrid,2,1.0986122886681098
USERGRID-361,usergrid,2,1.0986122886681098
USERGRID-371,usergrid,3,1.3862943611198906
USERGRID-372,usergrid,3,1.3862943611198906
USERGRID-375,usergrid,3,1.3862943611198906
USERGRID-379,usergrid,1,0.6931471805599453
USERGRID-380,usergrid,3,1.3862943611198906
USERGRID-381,usergrid,3,1.3862943611198906
USERGRID-382,usergrid,3,1.3862943611198906
USERGRID-383,usergrid,5,1.791759469228055
USERGRID-384,usergrid,3,1.3862943611198906
USERGRID-385,usergrid,5,1.791759469228055
USERGRID-386,usergrid,2,1.0986122886681098
USERGRID-387,usergrid,3,1.3862943611198906
USERGRID-388,usergrid,3,1.3862943611198906
USERGRID-390,usergrid,8,2.1972245773362196
USERGRID-393,usergrid,3,1.3862943611198906
USERGRID-395,usergrid,5,1.791759469228055
USERGRID-396,usergrid,3,1.3862943611198906
USERGRID-398,usergrid,3,1.3862943611198906
USERGRID-399,usergrid,3,1.3862943611198906
USERGRID-400,usergrid,5,1.791759469228055
USERGRID-401,usergrid,5,1.791759469228055
USERGRID-402,usergrid,1,0.6931471805599453
USERGRID-403,usergrid,3,1.3862943611198906
USERGRID-405,usergrid,1,0.6931471805599453
USERGRID-406,usergrid,3,1.3862943611198906
USERGRID-409,usergrid,3,1.3862943611198906
USERGRID-412,usergrid,5,1.791759469228055
USERGRID-413,usergrid,3,1.3862943611198906
USERGRID-414,usergrid,3,1.3862943611198906
USERGRID-415,usergrid,1,0.6931471805599453
USERGRID-416,usergrid,3,1.3862943611198906
USERGRID-418,usergrid,5,1.791759469228055
USERGRID-419,usergrid,3,1.3862943611198906
USERGRID-422,usergrid,1,0.6931471805599453
USERGRID-423,usergrid,5,1.791759469228055
USERGRID-425,usergrid,3,1.3862943611198906
USERGRID-430,usergrid,5,1.791759469228055
USERGRID-432,usergrid,3,1.3862943611198906
USERGRID-433,usergrid,3,1.3862943611198906
USERGRID-434,usergrid,3,1.3862943611198906
USERGRID-435,usergrid,3,1.3862943611198906
USERGRID-436,usergrid,3,1.3862943611198906
USERGRID-437,usergrid,3,1.3862943611198906
USERGRID-438,usergrid,3,1.3862943611198906
USERGRID-439,usergrid,3,1.3862943611198906
USERGRID-442,usergrid,3,1.3862943611198906
USERGRID-443,usergrid,3,1.3862943611198906
USERGRID-444,usergrid,3,1.3862943611198906
USERGRID-445,usergrid,8,2.1972245773362196
USERGRID-446,usergrid,5,1.791759469228055
USERGRID-447,usergrid,1,0.6931471805599453
USERGRID-448,usergrid,3,1.3862943611198906
USERGRID-449,usergrid,3,1.3862943611198906
USERGRID-450,usergrid,3,1.3862943611198906
USERGRID-451,usergrid,3,1.3862943611198906
USERGRID-454,usergrid,5,1.791759469228055
USERGRID-455,usergrid,3,1.3862943611198906
USERGRID-456,usergrid,3,1.3862943611198906
USERGRID-457,usergrid,3,1.3862943611198906
USERGRID-460,usergrid,3,1.3862943611198906
USERGRID-461,usergrid,5,1.791759469228055
USERGRID-462,usergrid,3,1.3862943611198906
USERGRID-465,usergrid,1,0.6931471805599453
USERGRID-466,usergrid,5,1.791759469228055
USERGRID-471,usergrid,3,1.3862943611198906
USERGRID-473,usergrid,3,1.3862943611198906
USERGRID-474,usergrid,1,0.6931471805599453
USERGRID-478,usergrid,3,1.3862943611198906
USERGRID-479,usergrid,3,1.3862943611198906
USERGRID-486,usergrid,5,1.791759469228055
USERGRID-488,usergrid,5,1.791759469228055
USERGRID-490,usergrid,1,0.6931471805599453
USERGRID-491,usergrid,3,1.3862943611198906
USERGRID-493,usergrid,3,1.3862943611198906
USERGRID-494,usergrid,1,0.6931471805599453
USERGRID-497,usergrid,5,1.791759469228055
USERGRID-498,usergrid,3,1.3862943611198906
USERGRID-501,usergrid,8,2.1972245773362196
USERGRID-502,usergrid,2,1.0986122886681098
USERGRID-504,usergrid,3,1.3862943611198906
USERGRID-505,usergrid,5,1.791759469228055
USERGRID-506,usergrid,3,1.3862943611198906
USERGRID-507,usergrid,3,1.3862943611198906
USERGRID-508,usergrid,3,1.3862943611198906
USERGRID-509,usergrid,5,1.791759469228055
USERGRID-510,usergrid,1,0.6931471805599453
USERGRID-511,usergrid,3,1.3862943611198906
USERGRID-514,usergrid,3,1.3862943611198906
USERGRID-515,usergrid,1,0.6931471805599453
USERGRID-516,usergrid,3,1.3862943611198906
USERGRID-518,usergrid,1,0.6931471805599453
USERGRID-519,usergrid,3,1.3862943611198906
USERGRID-521,usergrid,1,0.6931471805599453
USERGRID-527,usergrid,3,1.3862943611198906
USERGRID-528,usergrid,8,2.1972245773362196
USERGRID-529,usergrid,3,1.3862943611198906
USERGRID-530,usergrid,1,0.6931471805599453
USERGRID-532,usergrid,2,1.0986122886681098
USERGRID-533,usergrid,2,1.0986122886681098
USERGRID-534,usergrid,3,1.3862943611198906
USERGRID-535,usergrid,3,1.3862943611198906
USERGRID-536,usergrid,2,1.0986122886681098
USERGRID-537,usergrid,5,1.791759469228055
USERGRID-538,usergrid,1,0.6931471805599453
USERGRID-539,usergrid,3,1.3862943611198906
USERGRID-541,usergrid,5,1.791759469228055
USERGRID-542,usergrid,5,1.791759469228055
USERGRID-543,usergrid,3,1.3862943611198906
USERGRID-544,usergrid,3,1.3862943611198906
USERGRID-545,usergrid,3,1.3862943611198906
USERGRID-546,usergrid,3,1.3862943611198906
USERGRID-548,usergrid,5,1.791759469228055
USERGRID-549,usergrid,1,0.6931471805599453
USERGRID-550,usergrid,1,0.6931471805599453
USERGRID-551,usergrid,5,1.791759469228055
USERGRID-552,usergrid,1,0.6931471805599453
USERGRID-553,usergrid,5,1.791759469228055
USERGRID-555,usergrid,3,1.3862943611198906
USERGRID-556,usergrid,1,0.6931471805599453
USERGRID-559,usergrid,3,1.3862943611198906
USERGRID-560,usergrid,3,1.3862943611198906
USERGRID-561,usergrid,1,0.6931471805599453
USERGRID-563,usergrid,3,1.3862943611198906
USERGRID-566,usergrid,3,1.3862943611198906
USERGRID-567,usergrid,5,1.791759469228055
USERGRID-568,usergrid,3,1.3862943611198906
USERGRID-570,usergrid,3,1.3862943611198906
USERGRID-572,usergrid,1,0.6931471805599453
USERGRID-573,usergrid,2,1.0986122886681098
USERGRID-575,usergrid,3,1.3862943611198906
USERGRID-576,usergrid,3,1.3862943611198906
USERGRID-577,usergrid,3,1.3862943611198906
USERGRID-578,usergrid,3,1.3862943611198906
USERGRID-579,usergrid,3,1.3862943611198906
USERGRID-580,usergrid,2,1.0986122886681098
USERGRID-581,usergrid,3,1.3862943611198906
USERGRID-582,usergrid,3,1.3862943611198906
USERGRID-584,usergrid,1,0.6931471805599453
USERGRID-585,usergrid,3,1.3862943611198906
USERGRID-586,usergrid,3,1.3862943611198906
USERGRID-587,usergrid,1,0.6931471805599453
USERGRID-588,usergrid,3,1.3862943611198906
USERGRID-589,usergrid,3,1.3862943611198906
USERGRID-592,usergrid,3,1.3862943611198906
USERGRID-593,usergrid,5,1.791759469228055
USERGRID-595,usergrid,3,1.3862943611198906
USERGRID-596,usergrid,1,0.6931471805599453
USERGRID-598,usergrid,3,1.3862943611198906
USERGRID-599,usergrid,3,1.3862943611198906
USERGRID-601,usergrid,3,1.3862943611198906
USERGRID-602,usergrid,2,1.0986122886681098
USERGRID-604,usergrid,1,0.6931471805599453
USERGRID-606,usergrid,1,0.6931471805599453
USERGRID-607,usergrid,1,0.6931471805599453
USERGRID-608,usergrid,2,1.0986122886681098
USERGRID-609,usergrid,2,1.0986122886681098
USERGRID-612,usergrid,3,1.3862943611198906
USERGRID-613,usergrid,1,0.6931471805599453
USERGRID-614,usergrid,3,1.3862943611198906
USERGRID-616,usergrid,3,1.3862943611198906
USERGRID-617,usergrid,3,1.3862943611198906
USERGRID-618,usergrid,3,1.3862943611198906
USERGRID-621,usergrid,2,1.0986122886681098
USERGRID-622,usergrid,2,1.0986122886681098
USERGRID-623,usergrid,2,1.0986122886681098
USERGRID-624,usergrid,2,1.0986122886681098
USERGRID-625,usergrid,2,1.0986122886681098
USERGRID-626,usergrid,2,1.0986122886681098
USERGRID-628,usergrid,1,0.6931471805599453
USERGRID-629,usergrid,2,1.0986122886681098
USERGRID-630,usergrid,2,1.0986122886681098
USERGRID-631,usergrid,2,1.0986122886681098
USERGRID-632,usergrid,1,0.6931471805599453
USERGRID-634,usergrid,1,0.6931471805599453
USERGRID-635,usergrid,2,1.0986122886681098
USERGRID-636,usergrid,2,1.0986122886681098
USERGRID-637,usergrid,2,1.0986122886681098
USERGRID-639,usergrid,3,1.3862943611198906
USERGRID-640,usergrid,3,1.3862943611198906
USERGRID-641,usergrid,3,1.3862943611198906
USERGRID-642,usergrid,3,1.3862943611198906
USERGRID-643,usergrid,3,1.3862943611198906
USERGRID-644,usergrid,2,1.0986122886681098
USERGRID-645,usergrid,3,1.3862943611198906
USERGRID-647,usergrid,3,1.3862943611198906
USERGRID-652,usergrid,5,1.791759469228055
USERGRID-654,usergrid,3,1.3862943611198906
USERGRID-655,usergrid,3,1.3862943611198906
USERGRID-657,usergrid,3,1.3862943611198906
USERGRID-659,usergrid,3,1.3862943611198906
USERGRID-660,usergrid,1,0.6931471805599453
USERGRID-661,usergrid,1,0.6931471805599453
USERGRID-662,usergrid,1,0.6931471805599453
USERGRID-663,usergrid,1,0.6931471805599453
USERGRID-664,usergrid,1,0.6931471805599453
USERGRID-666,usergrid,2,1.0986122886681098
USERGRID-667,usergrid,2,1.0986122886681098
USERGRID-669,usergrid,1,0.6931471805599453
USERGRID-670,usergrid,5,1.791759469228055
USERGRID-671,usergrid,2,1.0986122886681098
USERGRID-672,usergrid,3,1.3862943611198906
USERGRID-675,usergrid,5,1.791759469228055
USERGRID-676,usergrid,1,0.6931471805599453
USERGRID-677,usergrid,1,0.6931471805599453
USERGRID-678,usergrid,1,0.6931471805599453
USERGRID-679,usergrid,2,1.0986122886681098
USERGRID-680,usergrid,1,0.6931471805599453
USERGRID-682,usergrid,3,1.3862943611198906
USERGRID-684,usergrid,3,1.3862943611198906
USERGRID-685,usergrid,3,1.3862943611198906
USERGRID-686,usergrid,2,1.0986122886681098
USERGRID-687,usergrid,1,0.6931471805599453
USERGRID-688,usergrid,5,1.791759469228055
USERGRID-689,usergrid,2,1.0986122886681098
USERGRID-690,usergrid,2,1.0986122886681098
USERGRID-692,usergrid,2,1.0986122886681098
USERGRID-693,usergrid,2,1.0986122886681098
USERGRID-695,usergrid,2,1.0986122886681098
USERGRID-696,usergrid,2,1.0986122886681098
USERGRID-697,usergrid,2,1.0986122886681098
USERGRID-698,usergrid,2,1.0986122886681098
USERGRID-699,usergrid,2,1.0986122886681098
USERGRID-700,usergrid,1,0.6931471805599453
USERGRID-701,usergrid,3,1.3862943611198906
USERGRID-702,usergrid,5,1.791759469228055
USERGRID-703,usergrid,2,1.0986122886681098
USERGRID-704,usergrid,1,0.6931471805599453
USERGRID-705,usergrid,3,1.3862943611198906
USERGRID-706,usergrid,5,1.791759469228055
USERGRID-707,usergrid,2,1.0986122886681098
USERGRID-708,usergrid,1,0.6931471805599453
USERGRID-709,usergrid,2,1.0986122886681098
USERGRID-710,usergrid,3,1.3862943611198906
USERGRID-711,usergrid,2,1.0986122886681098
USERGRID-713,usergrid,2,1.0986122886681098
USERGRID-714,usergrid,2,1.0986122886681098
USERGRID-715,usergrid,1,0.6931471805599453
USERGRID-716,usergrid,3,1.3862943611198906
USERGRID-719,usergrid,3,1.3862943611198906
USERGRID-720,usergrid,2,1.0986122886681098
USERGRID-724,usergrid,1,0.6931471805599453
USERGRID-725,usergrid,1,0.6931471805599453
USERGRID-726,usergrid,2,1.0986122886681098
USERGRID-727,usergrid,3,1.3862943611198906
USERGRID-728,usergrid,3,1.3862943611198906
USERGRID-729,usergrid,1,0.6931471805599453
USERGRID-732,usergrid,2,1.0986122886681098
USERGRID-734,usergrid,2,1.0986122886681098
USERGRID-738,usergrid,3,1.3862943611198906
USERGRID-739,usergrid,3,1.3862943611198906
USERGRID-740,usergrid,5,1.791759469228055
USERGRID-744,usergrid,2,1.0986122886681098
USERGRID-745,usergrid,1,0.6931471805599453
USERGRID-746,usergrid,3,1.3862943611198906
USERGRID-748,usergrid,1,0.6931471805599453
USERGRID-749,usergrid,3,1.3862943611198906
USERGRID-750,usergrid,3,1.3862943611198906
USERGRID-751,usergrid,3,1.3862943611198906
USERGRID-752,usergrid,3,1.3862943611198906
USERGRID-753,usergrid,3,1.3862943611198906
USERGRID-754,usergrid,1,0.6931471805599453
USERGRID-755,usergrid,3,1.3862943611198906
USERGRID-756,usergrid,3,1.3862943611198906
USERGRID-757,usergrid,2,1.0986122886681098
USERGRID-759,usergrid,2,1.0986122886681098
USERGRID-760,usergrid,2,1.0986122886681098
USERGRID-763,usergrid,3,1.3862943611198906
USERGRID-764,usergrid,2,1.0986122886681098
USERGRID-765,usergrid,3,1.3862943611198906
USERGRID-766,usergrid,5,1.791759469228055
USERGRID-767,usergrid,3,1.3862943611198906
USERGRID-768,usergrid,3,1.3862943611198906
USERGRID-769,usergrid,3,1.3862943611198906
USERGRID-771,usergrid,3,1.3862943611198906
USERGRID-772,usergrid,8,2.1972245773362196
USERGRID-773,usergrid,3,1.3862943611198906
USERGRID-774,usergrid,3,1.3862943611198906
USERGRID-775,usergrid,3,1.3862943611198906
USERGRID-776,usergrid,3,1.3862943611198906
USERGRID-777,usergrid,3,1.3862943611198906
USERGRID-778,usergrid,3,1.3862943611198906
USERGRID-779,usergrid,1,0.6931471805599453
USERGRID-780,usergrid,1,0.6931471805599453
USERGRID-785,usergrid,3,1.3862943611198906
USERGRID-787,usergrid,3,1.3862943611198906
USERGRID-788,usergrid,1,0.6931471805599453
USERGRID-790,usergrid,3,1.3862943611198906
USERGRID-792,usergrid,3,1.3862943611198906
USERGRID-797,usergrid,3,1.3862943611198906
USERGRID-800,usergrid,2,1.0986122886681098
USERGRID-816,usergrid,3,1.3862943611198906
USERGRID-831,usergrid,3,1.3862943611198906
USERGRID-832,usergrid,5,1.791759469228055
USERGRID-833,usergrid,3,1.3862943611198906
USERGRID-840,usergrid,1,0.6931471805599453
USERGRID-851,usergrid,3,1.3862943611198906
USERGRID-854,usergrid,2,1.0986122886681098
USERGRID-858,usergrid,2,1.0986122886681098
USERGRID-860,usergrid,3,1.3862943611198906
USERGRID-861,usergrid,5,1.791759469228055
USERGRID-862,usergrid,1,0.6931471805599453
USERGRID-863,usergrid,1,0.6931471805599453
USERGRID-869,usergrid,5,1.791759469228055
USERGRID-872,usergrid,3,1.3862943611198906
USERGRID-875,usergrid,1,0.6931471805599453
USERGRID-876,usergrid,3,1.3862943611198906
USERGRID-877,usergrid,3,1.3862943611198906
USERGRID-878,usergrid,3,1.3862943611198906
USERGRID-880,usergrid,5,1.791759469228055
USERGRID-881,usergrid,8,2.1972245773362196
USERGRID-882,usergrid,3,1.3862943611198906
USERGRID-889,usergrid,3,1.3862943611198906
USERGRID-890,usergrid,3,1.3862943611198906
USERGRID-891,usergrid,3,1.3862943611198906
USERGRID-892,usergrid,3,1.3862943611198906
USERGRID-893,usergrid,3,1.3862943611198906
USERGRID-894,usergrid,3,1.3862943611198906
USERGRID-895,usergrid,3,1.3862943611198906
USERGRID-896,usergrid,5,1.791759469228055
USERGRID-897,usergrid,5,1.791759469228055
USERGRID-898,usergrid,3,1.3862943611198906
